sealed corpus + schedule indices
  reusing decoded corpus F:\geode-ml\data\cache\domainnet_decoded\size32.npz
  reusing decoded corpus F:\geode-ml\data\cache\domainnet_decoded\size32.npz
gpu + model
device: AMD Radeon RX 9070 XT
streaming train extraction (native -> 224)
    train-00000-of-00003.parquet group 0: 100 rows, 17.5s
    train-00000-of-00003.parquet group 1: 200 rows, 17.7s
    train-00000-of-00003.parquet group 2: 300 rows, 17.9s
    train-00000-of-00003.parquet group 3: 400 rows, 18.1s
    train-00000-of-00003.parquet group 4: 500 rows, 18.4s
    train-00000-of-00003.parquet group 5: 600 rows, 18.6s
    train-00000-of-00003.parquet group 6: 700 rows, 18.8s
    train-00000-of-00003.parquet group 7: 800 rows, 19.0s
    train-00000-of-00003.parquet group 8: 900 rows, 19.2s
    train-00000-of-00003.parquet group 9: 1000 rows, 19.3s
    train-00000-of-00003.parquet group 10: 1100 rows, 19.5s
    train-00000-of-00003.parquet group 11: 1200 rows, 19.7s
    train-00000-of-00003.parquet group 12: 1300 rows, 19.9s
    train-00000-of-00003.parquet group 13: 1400 rows, 20.1s
    train-00000-of-00003.parquet group 14: 1500 rows, 20.3s
    train-00000-of-00003.parquet group 15: 1600 rows, 20.5s
    train-00000-of-00003.parquet group 16: 1700 rows, 20.7s
    train-00000-of-00003.parquet group 17: 1800 rows, 20.9s
    train-00000-of-00003.parquet group 18: 1900 rows, 21.1s
    train-00000-of-00003.parquet group 19: 2000 rows, 21.3s
    train-00000-of-00003.parquet group 20: 2100 rows, 21.5s
    train-00000-of-00003.parquet group 21: 2200 rows, 21.7s
    train-00000-of-00003.parquet group 22: 2300 rows, 21.9s
    train-00000-of-00003.parquet group 23: 2400 rows, 22.1s
    train-00000-of-00003.parquet group 24: 2500 rows, 22.3s
    train-00000-of-00003.parquet group 25: 2600 rows, 22.5s
    train-00000-of-00003.parquet group 26: 2700 rows, 22.7s
    train-00000-of-00003.parquet group 27: 2800 rows, 22.9s
    train-00000-of-00003.parquet group 28: 2900 rows, 23.1s
    train-00000-of-00003.parquet group 29: 3000 rows, 23.2s
    train-00000-of-00003.parquet group 30: 3100 rows, 23.4s
    train-00000-of-00003.parquet group 31: 3200 rows, 23.6s
    train-00000-of-00003.parquet group 32: 3300 rows, 23.8s
    train-00000-of-00003.parquet group 33: 3400 rows, 24.0s
    train-00000-of-00003.parquet group 34: 3500 rows, 24.2s
    train-00000-of-00003.parquet group 35: 3600 rows, 24.4s
    train-00000-of-00003.parquet group 36: 3700 rows, 24.6s
    train-00000-of-00003.parquet group 37: 3800 rows, 24.8s
    train-00000-of-00003.parquet group 38: 3900 rows, 25.0s
    train-00000-of-00003.parquet group 39: 4000 rows, 25.2s
    train-00000-of-00003.parquet group 40: 4100 rows, 25.4s
    train-00000-of-00003.parquet group 41: 4200 rows, 25.6s
    train-00000-of-00003.parquet group 42: 4300 rows, 25.8s
    train-00000-of-00003.parquet group 43: 4400 rows, 26.0s
    train-00000-of-00003.parquet group 44: 4500 rows, 26.1s
    train-00000-of-00003.parquet group 45: 4600 rows, 26.3s
    train-00000-of-00003.parquet group 46: 4700 rows, 26.5s
    train-00000-of-00003.parquet group 47: 4800 rows, 26.7s
    train-00000-of-00003.parquet group 48: 4900 rows, 26.9s
    train-00000-of-00003.parquet group 49: 5000 rows, 27.1s
    train-00000-of-00003.parquet group 50: 5100 rows, 27.3s
    train-00000-of-00003.parquet group 51: 5200 rows, 27.4s
    train-00000-of-00003.parquet group 52: 5300 rows, 27.6s
    train-00000-of-00003.parquet group 53: 5400 rows, 27.8s
    train-00000-of-00003.parquet group 54: 5500 rows, 28.0s
    train-00000-of-00003.parquet group 55: 5600 rows, 28.2s
    train-00000-of-00003.parquet group 56: 5700 rows, 28.4s
    train-00000-of-00003.parquet group 57: 5800 rows, 28.5s
    train-00000-of-00003.parquet group 58: 5900 rows, 28.7s
    train-00000-of-00003.parquet group 59: 6000 rows, 28.9s
    train-00000-of-00003.parquet group 60: 6100 rows, 29.1s
    train-00000-of-00003.parquet group 61: 6200 rows, 29.3s
    train-00000-of-00003.parquet group 62: 6300 rows, 29.5s
    train-00000-of-00003.parquet group 63: 6400 rows, 29.6s
    train-00000-of-00003.parquet group 64: 6500 rows, 29.8s
    train-00000-of-00003.parquet group 65: 6600 rows, 30.0s
    train-00000-of-00003.parquet group 66: 6700 rows, 30.2s
    train-00000-of-00003.parquet group 67: 6800 rows, 30.4s
    train-00000-of-00003.parquet group 68: 6900 rows, 30.6s
    train-00000-of-00003.parquet group 69: 7000 rows, 30.7s
    train-00000-of-00003.parquet group 70: 7100 rows, 30.9s
    train-00000-of-00003.parquet group 71: 7200 rows, 31.1s
    train-00000-of-00003.parquet group 72: 7300 rows, 31.3s
    train-00000-of-00003.parquet group 73: 7400 rows, 31.5s
    train-00000-of-00003.parquet group 74: 7500 rows, 31.7s
    train-00000-of-00003.parquet group 75: 7600 rows, 31.8s
    train-00000-of-00003.parquet group 76: 7700 rows, 32.0s
    train-00000-of-00003.parquet group 77: 7800 rows, 32.2s
    train-00000-of-00003.parquet group 78: 7900 rows, 32.4s
    train-00000-of-00003.parquet group 79: 8000 rows, 32.6s
    train-00000-of-00003.parquet group 80: 8100 rows, 32.8s
    train-00000-of-00003.parquet group 81: 8200 rows, 33.0s
    train-00000-of-00003.parquet group 82: 8300 rows, 33.1s
    train-00000-of-00003.parquet group 83: 8400 rows, 33.3s
    train-00000-of-00003.parquet group 84: 8500 rows, 33.5s
    train-00000-of-00003.parquet group 85: 8600 rows, 33.7s
    train-00000-of-00003.parquet group 86: 8700 rows, 33.9s
    train-00000-of-00003.parquet group 87: 8800 rows, 34.0s
    train-00000-of-00003.parquet group 88: 8900 rows, 34.2s
    train-00000-of-00003.parquet group 89: 9000 rows, 34.4s
    train-00000-of-00003.parquet group 90: 9100 rows, 34.6s
    train-00000-of-00003.parquet group 91: 9200 rows, 34.8s
    train-00000-of-00003.parquet group 92: 9300 rows, 35.0s
    train-00000-of-00003.parquet group 93: 9400 rows, 35.1s
    train-00000-of-00003.parquet group 94: 9500 rows, 35.3s
    train-00000-of-00003.parquet group 95: 9600 rows, 35.5s
    train-00000-of-00003.parquet group 96: 9700 rows, 35.7s
    train-00000-of-00003.parquet group 97: 9800 rows, 35.9s
    train-00000-of-00003.parquet group 98: 9900 rows, 36.1s
    train-00000-of-00003.parquet group 99: 10000 rows, 36.2s
    train-00000-of-00003.parquet group 100: 10100 rows, 36.4s
    train-00000-of-00003.parquet group 101: 10200 rows, 36.6s
    train-00000-of-00003.parquet group 102: 10300 rows, 36.8s
    train-00000-of-00003.parquet group 103: 10400 rows, 37.0s
    train-00000-of-00003.parquet group 104: 10500 rows, 37.2s
    train-00000-of-00003.parquet group 105: 10600 rows, 37.3s
    train-00000-of-00003.parquet group 106: 10700 rows, 37.5s
    train-00000-of-00003.parquet group 107: 10800 rows, 37.7s
    train-00000-of-00003.parquet group 108: 10900 rows, 37.9s
    train-00000-of-00003.parquet group 109: 11000 rows, 38.1s
    train-00000-of-00003.parquet group 110: 11100 rows, 38.2s
    train-00000-of-00003.parquet group 111: 11200 rows, 38.4s
    train-00000-of-00003.parquet group 112: 11300 rows, 38.6s
    train-00000-of-00003.parquet group 113: 11400 rows, 38.8s
    train-00000-of-00003.parquet group 114: 11500 rows, 39.0s
    train-00000-of-00003.parquet group 115: 11600 rows, 39.2s
    train-00000-of-00003.parquet group 116: 11700 rows, 39.4s
    train-00000-of-00003.parquet group 117: 11800 rows, 39.5s
    train-00000-of-00003.parquet group 118: 11900 rows, 39.7s
    train-00000-of-00003.parquet group 119: 12000 rows, 39.9s
    train-00000-of-00003.parquet group 120: 12100 rows, 40.1s
    train-00000-of-00003.parquet group 121: 12200 rows, 40.3s
    train-00000-of-00003.parquet group 122: 12300 rows, 40.5s
    train-00000-of-00003.parquet group 123: 12400 rows, 40.6s
    train-00000-of-00003.parquet group 124: 12500 rows, 40.8s
    train-00000-of-00003.parquet group 125: 12600 rows, 41.0s
    train-00000-of-00003.parquet group 126: 12700 rows, 41.2s
    train-00000-of-00003.parquet group 127: 12800 rows, 41.4s
    train-00000-of-00003.parquet group 128: 12900 rows, 41.6s
    train-00000-of-00003.parquet group 129: 13000 rows, 41.7s
    train-00000-of-00003.parquet group 130: 13100 rows, 41.9s
    train-00000-of-00003.parquet group 131: 13200 rows, 42.1s
    train-00000-of-00003.parquet group 132: 13300 rows, 42.3s
    train-00000-of-00003.parquet group 133: 13400 rows, 42.5s
    train-00000-of-00003.parquet group 134: 13500 rows, 42.7s
    train-00000-of-00003.parquet group 135: 13600 rows, 42.8s
    train-00000-of-00003.parquet group 136: 13700 rows, 43.0s
    train-00000-of-00003.parquet group 137: 13800 rows, 43.2s
    train-00000-of-00003.parquet group 138: 13900 rows, 43.4s
    train-00000-of-00003.parquet group 139: 14000 rows, 43.6s
    train-00000-of-00003.parquet group 140: 14100 rows, 43.8s
    train-00000-of-00003.parquet group 141: 14200 rows, 43.9s
    train-00000-of-00003.parquet group 142: 14300 rows, 44.1s
    train-00000-of-00003.parquet group 143: 14400 rows, 44.3s
    train-00000-of-00003.parquet group 144: 14500 rows, 44.5s
    train-00000-of-00003.parquet group 145: 14600 rows, 44.7s
    train-00000-of-00003.parquet group 146: 14700 rows, 44.9s
    train-00000-of-00003.parquet group 147: 14800 rows, 45.0s
    train-00000-of-00003.parquet group 148: 14900 rows, 45.2s
    train-00000-of-00003.parquet group 149: 15000 rows, 45.4s
    train-00000-of-00003.parquet group 150: 15100 rows, 45.6s
    train-00000-of-00003.parquet group 151: 15200 rows, 45.8s
    train-00000-of-00003.parquet group 152: 15300 rows, 45.9s
    train-00000-of-00003.parquet group 153: 15400 rows, 46.1s
    train-00000-of-00003.parquet group 154: 15500 rows, 46.3s
    train-00000-of-00003.parquet group 155: 15600 rows, 46.5s
    train-00000-of-00003.parquet group 156: 15700 rows, 46.7s
    train-00000-of-00003.parquet group 157: 15800 rows, 46.9s
    train-00000-of-00003.parquet group 158: 15900 rows, 47.0s
    train-00000-of-00003.parquet group 159: 16000 rows, 47.2s
    train-00000-of-00003.parquet group 160: 16100 rows, 47.4s
    train-00000-of-00003.parquet group 161: 16200 rows, 47.6s
    train-00000-of-00003.parquet group 162: 16300 rows, 47.8s
    train-00000-of-00003.parquet group 163: 16400 rows, 48.0s
    train-00000-of-00003.parquet group 164: 16500 rows, 48.1s
    train-00000-of-00003.parquet group 165: 16600 rows, 48.3s
    train-00000-of-00003.parquet group 166: 16700 rows, 48.5s
    train-00000-of-00003.parquet group 167: 16800 rows, 48.7s
    train-00000-of-00003.parquet group 168: 16900 rows, 48.9s
    train-00000-of-00003.parquet group 169: 17000 rows, 49.1s
    train-00000-of-00003.parquet group 170: 17100 rows, 49.2s
    train-00000-of-00003.parquet group 171: 17200 rows, 49.4s
    train-00000-of-00003.parquet group 172: 17300 rows, 49.6s
    train-00000-of-00003.parquet group 173: 17400 rows, 49.8s
    train-00000-of-00003.parquet group 174: 17500 rows, 50.0s
    train-00000-of-00003.parquet group 175: 17600 rows, 50.2s
    train-00000-of-00003.parquet group 176: 17700 rows, 50.3s
    train-00000-of-00003.parquet group 177: 17800 rows, 50.5s
    train-00000-of-00003.parquet group 178: 17900 rows, 50.7s
    train-00000-of-00003.parquet group 179: 18000 rows, 50.9s
    train-00000-of-00003.parquet group 180: 18100 rows, 51.1s
    train-00000-of-00003.parquet group 181: 18200 rows, 51.3s
    train-00000-of-00003.parquet group 182: 18300 rows, 51.4s
    train-00000-of-00003.parquet group 183: 18400 rows, 51.6s
    train-00000-of-00003.parquet group 184: 18500 rows, 51.8s
    train-00000-of-00003.parquet group 185: 18600 rows, 52.0s
    train-00000-of-00003.parquet group 186: 18700 rows, 52.2s
    train-00000-of-00003.parquet group 187: 18800 rows, 52.4s
    train-00000-of-00003.parquet group 188: 18900 rows, 52.5s
    train-00000-of-00003.parquet group 189: 19000 rows, 52.7s
    train-00000-of-00003.parquet group 190: 19100 rows, 52.9s
    train-00000-of-00003.parquet group 191: 19200 rows, 53.1s
    train-00000-of-00003.parquet group 192: 19300 rows, 53.3s
    train-00000-of-00003.parquet group 193: 19400 rows, 53.5s
    train-00000-of-00003.parquet group 194: 19500 rows, 53.7s
    train-00000-of-00003.parquet group 195: 19600 rows, 53.8s
    train-00000-of-00003.parquet group 196: 19700 rows, 54.0s
    train-00000-of-00003.parquet group 197: 19800 rows, 54.2s
    train-00000-of-00003.parquet group 198: 19900 rows, 54.4s
    train-00000-of-00003.parquet group 199: 20000 rows, 54.6s
    train-00000-of-00003.parquet group 200: 20100 rows, 54.8s
    train-00000-of-00003.parquet group 201: 20200 rows, 55.0s
    train-00000-of-00003.parquet group 202: 20300 rows, 55.1s
    train-00000-of-00003.parquet group 203: 20400 rows, 55.3s
    train-00000-of-00003.parquet group 204: 20500 rows, 55.5s
    train-00000-of-00003.parquet group 205: 20600 rows, 55.7s
    train-00000-of-00003.parquet group 206: 20700 rows, 55.9s
    train-00000-of-00003.parquet group 207: 20800 rows, 56.1s
    train-00000-of-00003.parquet group 208: 20900 rows, 56.2s
    train-00000-of-00003.parquet group 209: 21000 rows, 56.4s
    train-00000-of-00003.parquet group 210: 21100 rows, 56.6s
    train-00000-of-00003.parquet group 211: 21200 rows, 56.8s
    train-00000-of-00003.parquet group 212: 21300 rows, 57.0s
    train-00000-of-00003.parquet group 213: 21400 rows, 57.2s
    train-00000-of-00003.parquet group 214: 21500 rows, 57.3s
    train-00000-of-00003.parquet group 215: 21600 rows, 57.5s
    train-00000-of-00003.parquet group 216: 21700 rows, 57.7s
    train-00000-of-00003.parquet group 217: 21800 rows, 57.9s
    train-00000-of-00003.parquet group 218: 21900 rows, 58.1s
    train-00000-of-00003.parquet group 219: 22000 rows, 58.2s
    train-00000-of-00003.parquet group 220: 22100 rows, 58.4s
    train-00000-of-00003.parquet group 221: 22200 rows, 58.6s
    train-00000-of-00003.parquet group 222: 22300 rows, 58.8s
    train-00000-of-00003.parquet group 223: 22400 rows, 59.0s
    train-00000-of-00003.parquet group 224: 22500 rows, 59.2s
    train-00000-of-00003.parquet group 225: 22600 rows, 59.3s
    train-00000-of-00003.parquet group 226: 22700 rows, 59.5s
    train-00000-of-00003.parquet group 227: 22800 rows, 59.7s
    train-00000-of-00003.parquet group 228: 22900 rows, 59.9s
    train-00000-of-00003.parquet group 229: 23000 rows, 60.1s
    train-00000-of-00003.parquet group 230: 23100 rows, 60.3s
    train-00000-of-00003.parquet group 231: 23200 rows, 60.5s
    train-00000-of-00003.parquet group 232: 23300 rows, 60.6s
    train-00000-of-00003.parquet group 233: 23400 rows, 60.8s
    train-00000-of-00003.parquet group 234: 23500 rows, 61.0s
    train-00000-of-00003.parquet group 235: 23600 rows, 61.2s
    train-00000-of-00003.parquet group 236: 23700 rows, 61.4s
    train-00000-of-00003.parquet group 237: 23800 rows, 61.6s
    train-00000-of-00003.parquet group 238: 23900 rows, 61.7s
    train-00000-of-00003.parquet group 239: 24000 rows, 61.9s
    train-00000-of-00003.parquet group 240: 24100 rows, 62.1s
    train-00000-of-00003.parquet group 241: 24200 rows, 62.3s
    train-00000-of-00003.parquet group 242: 24300 rows, 62.5s
    train-00000-of-00003.parquet group 243: 24400 rows, 62.7s
    train-00000-of-00003.parquet group 244: 24500 rows, 62.9s
    train-00000-of-00003.parquet group 245: 24600 rows, 63.1s
    train-00000-of-00003.parquet group 246: 24700 rows, 63.2s
    train-00000-of-00003.parquet group 247: 24800 rows, 63.4s
    train-00000-of-00003.parquet group 248: 24900 rows, 63.6s
    train-00000-of-00003.parquet group 249: 25000 rows, 63.8s
    train-00000-of-00003.parquet group 250: 25100 rows, 64.0s
    train-00000-of-00003.parquet group 251: 25200 rows, 64.2s
    train-00000-of-00003.parquet group 252: 25300 rows, 64.3s
    train-00000-of-00003.parquet group 253: 25400 rows, 64.5s
    train-00000-of-00003.parquet group 254: 25500 rows, 64.7s
    train-00000-of-00003.parquet group 255: 25600 rows, 64.9s
    train-00000-of-00003.parquet group 256: 25700 rows, 65.1s
    train-00000-of-00003.parquet group 257: 25800 rows, 65.3s
    train-00000-of-00003.parquet group 258: 25900 rows, 65.4s
    train-00000-of-00003.parquet group 259: 26000 rows, 65.6s
    train-00000-of-00003.parquet group 260: 26100 rows, 65.8s
    train-00000-of-00003.parquet group 261: 26200 rows, 66.0s
    train-00000-of-00003.parquet group 262: 26300 rows, 66.2s
    train-00000-of-00003.parquet group 263: 26400 rows, 66.4s
    train-00000-of-00003.parquet group 264: 26500 rows, 66.5s
    train-00000-of-00003.parquet group 265: 26600 rows, 66.7s
    train-00000-of-00003.parquet group 266: 26700 rows, 66.9s
    train-00000-of-00003.parquet group 267: 26800 rows, 67.1s
    train-00000-of-00003.parquet group 268: 26900 rows, 67.3s
    train-00000-of-00003.parquet group 269: 27000 rows, 67.5s
    train-00000-of-00003.parquet group 270: 27100 rows, 67.6s
    train-00000-of-00003.parquet group 271: 27200 rows, 67.8s
    train-00000-of-00003.parquet group 272: 27300 rows, 68.0s
    train-00000-of-00003.parquet group 273: 27400 rows, 68.2s
    train-00000-of-00003.parquet group 274: 27500 rows, 68.4s
    train-00000-of-00003.parquet group 275: 27600 rows, 68.6s
    train-00000-of-00003.parquet group 276: 27700 rows, 68.8s
    train-00000-of-00003.parquet group 277: 27800 rows, 68.9s
    train-00000-of-00003.parquet group 278: 27900 rows, 69.1s
    train-00000-of-00003.parquet group 279: 28000 rows, 69.3s
    train-00000-of-00003.parquet group 280: 28100 rows, 69.5s
    train-00000-of-00003.parquet group 281: 28200 rows, 69.7s
    train-00000-of-00003.parquet group 282: 28300 rows, 69.9s
    train-00000-of-00003.parquet group 283: 28400 rows, 70.0s
    train-00000-of-00003.parquet group 284: 28500 rows, 70.2s
    train-00000-of-00003.parquet group 285: 28600 rows, 70.4s
    train-00000-of-00003.parquet group 286: 28700 rows, 70.6s
    train-00000-of-00003.parquet group 287: 28800 rows, 70.8s
    train-00000-of-00003.parquet group 288: 28900 rows, 71.0s
    train-00000-of-00003.parquet group 289: 29000 rows, 71.1s
    train-00000-of-00003.parquet group 290: 29100 rows, 71.3s
    train-00000-of-00003.parquet group 291: 29200 rows, 71.5s
    train-00000-of-00003.parquet group 292: 29300 rows, 71.7s
    train-00000-of-00003.parquet group 293: 29400 rows, 71.9s
    train-00000-of-00003.parquet group 294: 29500 rows, 72.1s
    train-00000-of-00003.parquet group 295: 29600 rows, 72.3s
    train-00000-of-00003.parquet group 296: 29700 rows, 72.5s
    train-00000-of-00003.parquet group 297: 29800 rows, 72.7s
    train-00000-of-00003.parquet group 298: 29900 rows, 72.9s
    train-00000-of-00003.parquet group 299: 30000 rows, 73.0s
    train-00000-of-00003.parquet group 300: 30100 rows, 73.2s
    train-00000-of-00003.parquet group 301: 30200 rows, 73.4s
    train-00000-of-00003.parquet group 302: 30300 rows, 73.6s
    train-00000-of-00003.parquet group 303: 30400 rows, 73.8s
    train-00000-of-00003.parquet group 304: 30500 rows, 74.0s
    train-00000-of-00003.parquet group 305: 30600 rows, 74.2s
    train-00000-of-00003.parquet group 306: 30700 rows, 74.4s
    train-00000-of-00003.parquet group 307: 30800 rows, 74.6s
    train-00000-of-00003.parquet group 308: 30900 rows, 74.8s
    train-00000-of-00003.parquet group 309: 31000 rows, 75.0s
    train-00000-of-00003.parquet group 310: 31100 rows, 75.2s
    train-00000-of-00003.parquet group 311: 31200 rows, 75.4s
    train-00000-of-00003.parquet group 312: 31300 rows, 75.6s
    train-00000-of-00003.parquet group 313: 31400 rows, 75.8s
    train-00000-of-00003.parquet group 314: 31500 rows, 76.0s
    train-00000-of-00003.parquet group 315: 31600 rows, 76.2s
    train-00000-of-00003.parquet group 316: 31700 rows, 76.4s
    train-00000-of-00003.parquet group 317: 31800 rows, 76.5s
    train-00000-of-00003.parquet group 318: 31900 rows, 76.7s
    train-00000-of-00003.parquet group 319: 32000 rows, 76.9s
    train-00000-of-00003.parquet group 320: 32100 rows, 77.1s
    train-00000-of-00003.parquet group 321: 32200 rows, 77.3s
    train-00000-of-00003.parquet group 322: 32300 rows, 77.5s
    train-00000-of-00003.parquet group 323: 32400 rows, 77.7s
    train-00000-of-00003.parquet group 324: 32500 rows, 77.9s
    train-00000-of-00003.parquet group 325: 32600 rows, 78.1s
    train-00000-of-00003.parquet group 326: 32700 rows, 78.3s
    train-00000-of-00003.parquet group 327: 32800 rows, 78.5s
    train-00000-of-00003.parquet group 328: 32900 rows, 78.7s
    train-00000-of-00003.parquet group 329: 33000 rows, 78.9s
    train-00000-of-00003.parquet group 330: 33100 rows, 79.1s
    train-00000-of-00003.parquet group 331: 33200 rows, 79.3s
    train-00000-of-00003.parquet group 332: 33300 rows, 79.4s
    train-00000-of-00003.parquet group 333: 33400 rows, 79.6s
    train-00000-of-00003.parquet group 334: 33500 rows, 79.8s
    train-00000-of-00003.parquet group 335: 33600 rows, 80.0s
    train-00000-of-00003.parquet group 336: 33700 rows, 80.2s
    train-00000-of-00003.parquet group 337: 33800 rows, 80.4s
    train-00000-of-00003.parquet group 338: 33900 rows, 80.6s
    train-00000-of-00003.parquet group 339: 34000 rows, 80.8s
    train-00000-of-00003.parquet group 340: 34100 rows, 81.0s
    train-00000-of-00003.parquet group 341: 34200 rows, 81.2s
    train-00000-of-00003.parquet group 342: 34300 rows, 81.4s
    train-00000-of-00003.parquet group 343: 34400 rows, 81.6s
    train-00000-of-00003.parquet group 344: 34500 rows, 81.8s
    train-00000-of-00003.parquet group 345: 34600 rows, 82.0s
    train-00000-of-00003.parquet group 346: 34700 rows, 82.2s
    train-00000-of-00003.parquet group 347: 34800 rows, 82.4s
    train-00000-of-00003.parquet group 348: 34900 rows, 82.6s
    train-00000-of-00003.parquet group 349: 35000 rows, 82.7s
    train-00000-of-00003.parquet group 350: 35100 rows, 82.9s
    train-00000-of-00003.parquet group 351: 35200 rows, 83.1s
    train-00000-of-00003.parquet group 352: 35300 rows, 83.3s
    train-00000-of-00003.parquet group 353: 35400 rows, 83.5s
    train-00000-of-00003.parquet group 354: 35500 rows, 83.7s
    train-00000-of-00003.parquet group 355: 35600 rows, 83.9s
    train-00000-of-00003.parquet group 356: 35700 rows, 84.1s
    train-00000-of-00003.parquet group 357: 35800 rows, 84.3s
    train-00000-of-00003.parquet group 358: 35900 rows, 84.5s
    train-00000-of-00003.parquet group 359: 36000 rows, 84.7s
    train-00000-of-00003.parquet group 360: 36100 rows, 84.9s
    train-00000-of-00003.parquet group 361: 36200 rows, 85.1s
    train-00000-of-00003.parquet group 362: 36300 rows, 85.3s
    train-00000-of-00003.parquet group 363: 36400 rows, 85.4s
    train-00000-of-00003.parquet group 364: 36500 rows, 85.6s
    train-00000-of-00003.parquet group 365: 36600 rows, 85.8s
    train-00000-of-00003.parquet group 366: 36700 rows, 86.0s
    train-00000-of-00003.parquet group 367: 36800 rows, 86.2s
    train-00000-of-00003.parquet group 368: 36900 rows, 86.4s
    train-00000-of-00003.parquet group 369: 37000 rows, 86.6s
    train-00000-of-00003.parquet group 370: 37100 rows, 86.8s
    train-00000-of-00003.parquet group 371: 37200 rows, 87.0s
    train-00000-of-00003.parquet group 372: 37300 rows, 87.2s
    train-00000-of-00003.parquet group 373: 37400 rows, 87.4s
    train-00000-of-00003.parquet group 374: 37500 rows, 87.6s
    train-00000-of-00003.parquet group 375: 37600 rows, 87.8s
    train-00000-of-00003.parquet group 376: 37700 rows, 87.9s
    train-00000-of-00003.parquet group 377: 37800 rows, 88.1s
    train-00000-of-00003.parquet group 378: 37900 rows, 88.3s
    train-00000-of-00003.parquet group 379: 38000 rows, 88.5s
    train-00000-of-00003.parquet group 380: 38100 rows, 88.7s
    train-00000-of-00003.parquet group 381: 38200 rows, 88.9s
    train-00000-of-00003.parquet group 382: 38300 rows, 89.1s
    train-00000-of-00003.parquet group 383: 38400 rows, 89.3s
    train-00000-of-00003.parquet group 384: 38500 rows, 89.5s
    train-00000-of-00003.parquet group 385: 38600 rows, 89.7s
    train-00000-of-00003.parquet group 386: 38700 rows, 89.9s
    train-00000-of-00003.parquet group 387: 38800 rows, 90.1s
    train-00000-of-00003.parquet group 388: 38900 rows, 90.3s
    train-00000-of-00003.parquet group 389: 39000 rows, 90.5s
    train-00000-of-00003.parquet group 390: 39100 rows, 90.6s
    train-00000-of-00003.parquet group 391: 39200 rows, 90.8s
    train-00000-of-00003.parquet group 392: 39300 rows, 91.0s
    train-00000-of-00003.parquet group 393: 39400 rows, 91.2s
    train-00000-of-00003.parquet group 394: 39500 rows, 91.4s
    train-00000-of-00003.parquet group 395: 39600 rows, 91.6s
    train-00000-of-00003.parquet group 396: 39700 rows, 91.8s
    train-00000-of-00003.parquet group 397: 39800 rows, 92.0s
    train-00000-of-00003.parquet group 398: 39900 rows, 92.2s
    train-00000-of-00003.parquet group 399: 40000 rows, 92.4s
    train-00000-of-00003.parquet group 400: 40100 rows, 92.5s
    train-00000-of-00003.parquet group 401: 40200 rows, 92.7s
    train-00000-of-00003.parquet group 402: 40300 rows, 92.9s
    train-00000-of-00003.parquet group 403: 40400 rows, 93.1s
    train-00000-of-00003.parquet group 404: 40500 rows, 93.3s
    train-00000-of-00003.parquet group 405: 40600 rows, 93.5s
    train-00000-of-00003.parquet group 406: 40700 rows, 93.7s
    train-00000-of-00003.parquet group 407: 40800 rows, 93.9s
    train-00000-of-00003.parquet group 408: 40900 rows, 94.1s
    train-00000-of-00003.parquet group 409: 41000 rows, 94.3s
    train-00000-of-00003.parquet group 410: 41100 rows, 94.4s
    train-00000-of-00003.parquet group 411: 41200 rows, 94.6s
    train-00000-of-00003.parquet group 412: 41300 rows, 94.8s
    train-00000-of-00003.parquet group 413: 41400 rows, 95.0s
    train-00000-of-00003.parquet group 414: 41500 rows, 95.2s
    train-00000-of-00003.parquet group 415: 41600 rows, 95.4s
    train-00000-of-00003.parquet group 416: 41700 rows, 95.6s
    train-00000-of-00003.parquet group 417: 41800 rows, 95.8s
    train-00000-of-00003.parquet group 418: 41900 rows, 96.0s
    train-00000-of-00003.parquet group 419: 42000 rows, 96.2s
    train-00000-of-00003.parquet group 420: 42100 rows, 96.4s
    train-00000-of-00003.parquet group 421: 42200 rows, 96.6s
    train-00000-of-00003.parquet group 422: 42300 rows, 96.8s
    train-00000-of-00003.parquet group 423: 42400 rows, 97.0s
    train-00000-of-00003.parquet group 424: 42500 rows, 97.2s
    train-00000-of-00003.parquet group 425: 42600 rows, 97.4s
    train-00000-of-00003.parquet group 426: 42700 rows, 97.6s
    train-00000-of-00003.parquet group 427: 42800 rows, 97.7s
    train-00000-of-00003.parquet group 428: 42900 rows, 97.9s
    train-00000-of-00003.parquet group 429: 43000 rows, 98.1s
    train-00000-of-00003.parquet group 430: 43100 rows, 98.3s
    train-00000-of-00003.parquet group 431: 43200 rows, 98.5s
    train-00000-of-00003.parquet group 432: 43300 rows, 98.7s
    train-00000-of-00003.parquet group 433: 43400 rows, 98.9s
    train-00000-of-00003.parquet group 434: 43500 rows, 99.1s
    train-00000-of-00003.parquet group 435: 43600 rows, 99.3s
    train-00000-of-00003.parquet group 436: 43700 rows, 99.5s
    train-00000-of-00003.parquet group 437: 43800 rows, 99.7s
    train-00000-of-00003.parquet group 438: 43900 rows, 99.9s
    train-00000-of-00003.parquet group 439: 44000 rows, 100.1s
    train-00000-of-00003.parquet group 440: 44100 rows, 100.3s
    train-00000-of-00003.parquet group 441: 44200 rows, 100.5s
    train-00000-of-00003.parquet group 442: 44300 rows, 100.7s
    train-00000-of-00003.parquet group 443: 44400 rows, 100.8s
    train-00000-of-00003.parquet group 444: 44500 rows, 101.0s
    train-00000-of-00003.parquet group 445: 44600 rows, 101.2s
    train-00000-of-00003.parquet group 446: 44700 rows, 101.4s
    train-00000-of-00003.parquet group 447: 44800 rows, 101.6s
    train-00000-of-00003.parquet group 448: 44900 rows, 101.8s
    train-00000-of-00003.parquet group 449: 45000 rows, 102.0s
    train-00000-of-00003.parquet group 450: 45100 rows, 102.2s
    train-00000-of-00003.parquet group 451: 45200 rows, 102.4s
    train-00000-of-00003.parquet group 452: 45300 rows, 102.6s
    train-00000-of-00003.parquet group 453: 45400 rows, 102.8s
    train-00000-of-00003.parquet group 454: 45500 rows, 103.0s
    train-00000-of-00003.parquet group 455: 45600 rows, 103.2s
    train-00000-of-00003.parquet group 456: 45700 rows, 103.4s
    train-00000-of-00003.parquet group 457: 45800 rows, 103.5s
    train-00000-of-00003.parquet group 458: 45900 rows, 103.7s
    train-00000-of-00003.parquet group 459: 46000 rows, 103.9s
    train-00000-of-00003.parquet group 460: 46100 rows, 104.1s
    train-00000-of-00003.parquet group 461: 46200 rows, 104.3s
    train-00000-of-00003.parquet group 462: 46300 rows, 104.5s
    train-00000-of-00003.parquet group 463: 46400 rows, 104.7s
    train-00000-of-00003.parquet group 464: 46500 rows, 104.9s
    train-00000-of-00003.parquet group 465: 46600 rows, 105.1s
    train-00000-of-00003.parquet group 466: 46700 rows, 105.3s
    train-00000-of-00003.parquet group 467: 46800 rows, 105.5s
    train-00000-of-00003.parquet group 468: 46900 rows, 105.7s
    train-00000-of-00003.parquet group 469: 47000 rows, 105.9s
    train-00000-of-00003.parquet group 470: 47100 rows, 106.0s
    train-00000-of-00003.parquet group 471: 47200 rows, 106.2s
    train-00000-of-00003.parquet group 472: 47300 rows, 106.4s
    train-00000-of-00003.parquet group 473: 47400 rows, 106.6s
    train-00000-of-00003.parquet group 474: 47500 rows, 106.8s
    train-00000-of-00003.parquet group 475: 47600 rows, 107.0s
    train-00000-of-00003.parquet group 476: 47700 rows, 107.2s
    train-00000-of-00003.parquet group 477: 47800 rows, 107.4s
    train-00000-of-00003.parquet group 478: 47900 rows, 107.6s
    train-00000-of-00003.parquet group 479: 48000 rows, 107.8s
    train-00000-of-00003.parquet group 480: 48100 rows, 108.0s
    train-00000-of-00003.parquet group 481: 48200 rows, 108.2s
    train-00000-of-00003.parquet group 482: 48300 rows, 108.4s
    train-00000-of-00003.parquet group 483: 48400 rows, 108.6s
    train-00000-of-00003.parquet group 484: 48500 rows, 108.8s
    train-00000-of-00003.parquet group 485: 48600 rows, 109.0s
    train-00000-of-00003.parquet group 486: 48700 rows, 109.1s
    train-00000-of-00003.parquet group 487: 48800 rows, 109.3s
    train-00000-of-00003.parquet group 488: 48900 rows, 109.5s
    train-00000-of-00003.parquet group 489: 49000 rows, 109.7s
    train-00000-of-00003.parquet group 490: 49100 rows, 109.9s
    train-00000-of-00003.parquet group 491: 49200 rows, 110.1s
    train-00000-of-00003.parquet group 492: 49300 rows, 110.3s
    train-00000-of-00003.parquet group 493: 49400 rows, 110.5s
    train-00000-of-00003.parquet group 494: 49500 rows, 110.7s
    train-00000-of-00003.parquet group 495: 49600 rows, 110.9s
    train-00000-of-00003.parquet group 496: 49700 rows, 111.1s
    train-00000-of-00003.parquet group 497: 49800 rows, 111.3s
    train-00000-of-00003.parquet group 498: 49900 rows, 111.5s
    train-00000-of-00003.parquet group 499: 50000 rows, 111.7s
    train-00000-of-00003.parquet group 500: 50100 rows, 111.9s
    train-00000-of-00003.parquet group 501: 50200 rows, 112.1s
    train-00000-of-00003.parquet group 502: 50300 rows, 112.3s
    train-00000-of-00003.parquet group 503: 50400 rows, 112.5s
    train-00000-of-00003.parquet group 504: 50500 rows, 112.7s
    train-00000-of-00003.parquet group 505: 50600 rows, 112.9s
    train-00000-of-00003.parquet group 506: 50700 rows, 113.1s
    train-00000-of-00003.parquet group 507: 50800 rows, 113.3s
    train-00000-of-00003.parquet group 508: 50900 rows, 113.5s
    train-00000-of-00003.parquet group 509: 51000 rows, 113.6s
    train-00000-of-00003.parquet group 510: 51100 rows, 113.8s
    train-00000-of-00003.parquet group 511: 51200 rows, 114.0s
    train-00000-of-00003.parquet group 512: 51300 rows, 114.2s
    train-00000-of-00003.parquet group 513: 51400 rows, 114.4s
    train-00000-of-00003.parquet group 514: 51500 rows, 114.6s
    train-00000-of-00003.parquet group 515: 51600 rows, 114.8s
    train-00000-of-00003.parquet group 516: 51700 rows, 114.9s
    train-00000-of-00003.parquet group 517: 51800 rows, 115.1s
    train-00000-of-00003.parquet group 518: 51900 rows, 115.3s
    train-00000-of-00003.parquet group 519: 52000 rows, 115.5s
    train-00000-of-00003.parquet group 520: 52100 rows, 115.7s
    train-00000-of-00003.parquet group 521: 52200 rows, 115.9s
    train-00000-of-00003.parquet group 522: 52300 rows, 116.1s
    train-00000-of-00003.parquet group 523: 52400 rows, 116.2s
    train-00000-of-00003.parquet group 524: 52500 rows, 116.4s
    train-00000-of-00003.parquet group 525: 52600 rows, 116.6s
    train-00000-of-00003.parquet group 526: 52700 rows, 116.8s
    train-00000-of-00003.parquet group 527: 52800 rows, 117.0s
    train-00000-of-00003.parquet group 528: 52900 rows, 117.2s
    train-00000-of-00003.parquet group 529: 53000 rows, 117.3s
    train-00000-of-00003.parquet group 530: 53100 rows, 117.5s
    train-00000-of-00003.parquet group 531: 53200 rows, 117.7s
    train-00000-of-00003.parquet group 532: 53300 rows, 117.9s
    train-00000-of-00003.parquet group 533: 53400 rows, 118.1s
    train-00000-of-00003.parquet group 534: 53500 rows, 118.3s
    train-00000-of-00003.parquet group 535: 53600 rows, 118.5s
    train-00000-of-00003.parquet group 536: 53700 rows, 118.6s
    train-00000-of-00003.parquet group 537: 53800 rows, 118.8s
    train-00000-of-00003.parquet group 538: 53900 rows, 119.0s
    train-00000-of-00003.parquet group 539: 54000 rows, 119.2s
    train-00000-of-00003.parquet group 540: 54100 rows, 119.4s
    train-00000-of-00003.parquet group 541: 54200 rows, 119.6s
    train-00000-of-00003.parquet group 542: 54300 rows, 119.8s
    train-00000-of-00003.parquet group 543: 54400 rows, 120.0s
    train-00000-of-00003.parquet group 544: 54500 rows, 120.1s
    train-00000-of-00003.parquet group 545: 54600 rows, 120.3s
    train-00000-of-00003.parquet group 546: 54700 rows, 120.5s
    train-00000-of-00003.parquet group 547: 54800 rows, 120.7s
    train-00000-of-00003.parquet group 548: 54900 rows, 120.9s
    train-00000-of-00003.parquet group 549: 55000 rows, 121.1s
    train-00000-of-00003.parquet group 550: 55100 rows, 121.3s
    train-00000-of-00003.parquet group 551: 55200 rows, 121.4s
    train-00000-of-00003.parquet group 552: 55300 rows, 121.6s
    train-00000-of-00003.parquet group 553: 55400 rows, 121.8s
    train-00000-of-00003.parquet group 554: 55500 rows, 122.0s
    train-00000-of-00003.parquet group 555: 55600 rows, 122.2s
    train-00000-of-00003.parquet group 556: 55700 rows, 122.4s
    train-00000-of-00003.parquet group 557: 55800 rows, 122.6s
    train-00000-of-00003.parquet group 558: 55900 rows, 122.7s
    train-00000-of-00003.parquet group 559: 56000 rows, 122.9s
    train-00000-of-00003.parquet group 560: 56100 rows, 123.1s
    train-00000-of-00003.parquet group 561: 56200 rows, 123.3s
    train-00000-of-00003.parquet group 562: 56300 rows, 123.5s
    train-00000-of-00003.parquet group 563: 56400 rows, 123.7s
    train-00000-of-00003.parquet group 564: 56500 rows, 123.8s
    train-00000-of-00003.parquet group 565: 56600 rows, 124.0s
    train-00000-of-00003.parquet group 566: 56700 rows, 124.2s
    train-00000-of-00003.parquet group 567: 56800 rows, 124.4s
    train-00000-of-00003.parquet group 568: 56900 rows, 124.6s
    train-00000-of-00003.parquet group 569: 57000 rows, 124.8s
    train-00000-of-00003.parquet group 570: 57100 rows, 125.0s
    train-00000-of-00003.parquet group 571: 57200 rows, 125.2s
    train-00000-of-00003.parquet group 572: 57300 rows, 125.3s
    train-00000-of-00003.parquet group 573: 57400 rows, 125.5s
    train-00000-of-00003.parquet group 574: 57500 rows, 125.7s
    train-00000-of-00003.parquet group 575: 57600 rows, 125.9s
    train-00000-of-00003.parquet group 576: 57700 rows, 126.1s
    train-00000-of-00003.parquet group 577: 57800 rows, 126.3s
    train-00000-of-00003.parquet group 578: 57900 rows, 126.5s
    train-00000-of-00003.parquet group 579: 58000 rows, 126.7s
    train-00000-of-00003.parquet group 580: 58100 rows, 126.8s
    train-00000-of-00003.parquet group 581: 58200 rows, 127.0s
    train-00000-of-00003.parquet group 582: 58300 rows, 127.2s
    train-00000-of-00003.parquet group 583: 58400 rows, 127.4s
    train-00000-of-00003.parquet group 584: 58500 rows, 127.6s
    train-00000-of-00003.parquet group 585: 58600 rows, 127.8s
    train-00000-of-00003.parquet group 586: 58700 rows, 128.0s
    train-00000-of-00003.parquet group 587: 58800 rows, 128.1s
    train-00000-of-00003.parquet group 588: 58900 rows, 128.3s
    train-00000-of-00003.parquet group 589: 59000 rows, 128.5s
    train-00000-of-00003.parquet group 590: 59100 rows, 128.7s
    train-00000-of-00003.parquet group 591: 59200 rows, 128.9s
    train-00000-of-00003.parquet group 592: 59300 rows, 129.1s
    train-00000-of-00003.parquet group 593: 59400 rows, 129.3s
    train-00000-of-00003.parquet group 594: 59500 rows, 129.4s
    train-00000-of-00003.parquet group 595: 59600 rows, 129.6s
    train-00000-of-00003.parquet group 596: 59700 rows, 129.8s
    train-00000-of-00003.parquet group 597: 59800 rows, 130.0s
    train-00000-of-00003.parquet group 598: 59900 rows, 130.2s
    train-00000-of-00003.parquet group 599: 60000 rows, 130.4s
    train-00000-of-00003.parquet group 600: 60100 rows, 130.5s
    train-00000-of-00003.parquet group 601: 60200 rows, 130.7s
    train-00000-of-00003.parquet group 602: 60300 rows, 130.9s
    train-00000-of-00003.parquet group 603: 60400 rows, 131.1s
    train-00000-of-00003.parquet group 604: 60500 rows, 131.3s
    train-00000-of-00003.parquet group 605: 60600 rows, 131.5s
    train-00000-of-00003.parquet group 606: 60700 rows, 131.7s
    train-00000-of-00003.parquet group 607: 60800 rows, 131.8s
    train-00000-of-00003.parquet group 608: 60900 rows, 132.0s
    train-00000-of-00003.parquet group 609: 61000 rows, 132.2s
    train-00000-of-00003.parquet group 610: 61100 rows, 132.4s
    train-00000-of-00003.parquet group 611: 61200 rows, 132.6s
    train-00000-of-00003.parquet group 612: 61300 rows, 132.8s
    train-00000-of-00003.parquet group 613: 61400 rows, 133.0s
    train-00000-of-00003.parquet group 614: 61500 rows, 133.1s
    train-00000-of-00003.parquet group 615: 61600 rows, 133.3s
    train-00000-of-00003.parquet group 616: 61700 rows, 133.5s
    train-00000-of-00003.parquet group 617: 61800 rows, 133.7s
    train-00000-of-00003.parquet group 618: 61900 rows, 133.9s
    train-00000-of-00003.parquet group 619: 62000 rows, 134.1s
    train-00000-of-00003.parquet group 620: 62100 rows, 134.3s
    train-00000-of-00003.parquet group 621: 62200 rows, 134.4s
    train-00000-of-00003.parquet group 622: 62300 rows, 134.6s
    train-00000-of-00003.parquet group 623: 62400 rows, 134.8s
    train-00000-of-00003.parquet group 624: 62500 rows, 135.0s
    train-00000-of-00003.parquet group 625: 62600 rows, 135.2s
    train-00000-of-00003.parquet group 626: 62700 rows, 135.4s
    train-00000-of-00003.parquet group 627: 62800 rows, 135.6s
    train-00000-of-00003.parquet group 628: 62900 rows, 135.7s
    train-00000-of-00003.parquet group 629: 63000 rows, 135.9s
    train-00000-of-00003.parquet group 630: 63100 rows, 136.1s
    train-00000-of-00003.parquet group 631: 63200 rows, 136.3s
    train-00000-of-00003.parquet group 632: 63300 rows, 136.5s
    train-00000-of-00003.parquet group 633: 63400 rows, 136.7s
    train-00000-of-00003.parquet group 634: 63500 rows, 136.8s
    train-00000-of-00003.parquet group 635: 63600 rows, 137.0s
    train-00000-of-00003.parquet group 636: 63700 rows, 137.2s
    train-00000-of-00003.parquet group 637: 63800 rows, 137.4s
    train-00000-of-00003.parquet group 638: 63900 rows, 137.6s
    train-00000-of-00003.parquet group 639: 64000 rows, 137.8s
    train-00000-of-00003.parquet group 640: 64100 rows, 138.0s
    train-00000-of-00003.parquet group 641: 64200 rows, 138.1s
    train-00000-of-00003.parquet group 642: 64300 rows, 138.3s
    train-00000-of-00003.parquet group 643: 64400 rows, 138.5s
    train-00000-of-00003.parquet group 644: 64500 rows, 138.7s
    train-00000-of-00003.parquet group 645: 64600 rows, 138.9s
    train-00000-of-00003.parquet group 646: 64700 rows, 139.1s
    train-00000-of-00003.parquet group 647: 64800 rows, 139.2s
    train-00000-of-00003.parquet group 648: 64900 rows, 139.4s
    train-00000-of-00003.parquet group 649: 65000 rows, 139.6s
    train-00000-of-00003.parquet group 650: 65100 rows, 139.8s
    train-00000-of-00003.parquet group 651: 65200 rows, 140.0s
    train-00000-of-00003.parquet group 652: 65300 rows, 140.2s
    train-00000-of-00003.parquet group 653: 65400 rows, 140.4s
    train-00000-of-00003.parquet group 654: 65500 rows, 140.6s
    train-00000-of-00003.parquet group 655: 65600 rows, 140.7s
    train-00000-of-00003.parquet group 656: 65700 rows, 140.9s
    train-00000-of-00003.parquet group 657: 65800 rows, 141.1s
    train-00000-of-00003.parquet group 658: 65900 rows, 141.3s
    train-00000-of-00003.parquet group 659: 66000 rows, 141.5s
    train-00000-of-00003.parquet group 660: 66100 rows, 141.7s
    train-00000-of-00003.parquet group 661: 66200 rows, 141.9s
    train-00000-of-00003.parquet group 662: 66300 rows, 142.1s
    train-00000-of-00003.parquet group 663: 66400 rows, 142.2s
    train-00000-of-00003.parquet group 664: 66500 rows, 142.4s
    train-00000-of-00003.parquet group 665: 66600 rows, 142.6s
    train-00000-of-00003.parquet group 666: 66700 rows, 142.8s
    train-00000-of-00003.parquet group 667: 66800 rows, 143.0s
    train-00000-of-00003.parquet group 668: 66900 rows, 143.2s
    train-00000-of-00003.parquet group 669: 67000 rows, 143.4s
    train-00000-of-00003.parquet group 670: 67100 rows, 143.6s
    train-00000-of-00003.parquet group 671: 67200 rows, 143.8s
    train-00000-of-00003.parquet group 672: 67300 rows, 144.0s
    train-00000-of-00003.parquet group 673: 67400 rows, 144.1s
    train-00000-of-00003.parquet group 674: 67500 rows, 144.3s
    train-00000-of-00003.parquet group 675: 67600 rows, 144.5s
    train-00000-of-00003.parquet group 676: 67700 rows, 144.7s
    train-00000-of-00003.parquet group 677: 67800 rows, 144.9s
    train-00000-of-00003.parquet group 678: 67900 rows, 145.1s
    train-00000-of-00003.parquet group 679: 68000 rows, 145.3s
    train-00000-of-00003.parquet group 680: 68100 rows, 145.5s
    train-00000-of-00003.parquet group 681: 68200 rows, 145.7s
    train-00000-of-00003.parquet group 682: 68300 rows, 145.9s
    train-00000-of-00003.parquet group 683: 68400 rows, 146.1s
    train-00000-of-00003.parquet group 684: 68500 rows, 146.3s
    train-00000-of-00003.parquet group 685: 68600 rows, 146.5s
    train-00000-of-00003.parquet group 686: 68700 rows, 146.7s
    train-00000-of-00003.parquet group 687: 68800 rows, 146.9s
    train-00000-of-00003.parquet group 688: 68900 rows, 147.1s
    train-00000-of-00003.parquet group 689: 69000 rows, 147.3s
    train-00000-of-00003.parquet group 690: 69100 rows, 147.5s
    train-00000-of-00003.parquet group 691: 69200 rows, 147.7s
    train-00000-of-00003.parquet group 692: 69300 rows, 147.9s
    train-00000-of-00003.parquet group 693: 69400 rows, 148.1s
    train-00000-of-00003.parquet group 694: 69500 rows, 148.3s
    train-00000-of-00003.parquet group 695: 69600 rows, 148.5s
    train-00000-of-00003.parquet group 696: 69700 rows, 148.7s
    train-00000-of-00003.parquet group 697: 69800 rows, 148.9s
    train-00000-of-00003.parquet group 698: 69900 rows, 149.0s
    train-00000-of-00003.parquet group 699: 70000 rows, 149.2s
    train-00000-of-00003.parquet group 700: 70100 rows, 149.4s
    train-00000-of-00003.parquet group 701: 70200 rows, 149.6s
    train-00000-of-00003.parquet group 702: 70300 rows, 149.8s
    train-00000-of-00003.parquet group 703: 70400 rows, 150.0s
    train-00000-of-00003.parquet group 704: 70500 rows, 150.2s
    train-00000-of-00003.parquet group 705: 70600 rows, 150.4s
    train-00000-of-00003.parquet group 706: 70700 rows, 150.6s
    train-00000-of-00003.parquet group 707: 70800 rows, 150.8s
    train-00000-of-00003.parquet group 708: 70900 rows, 151.0s
    train-00000-of-00003.parquet group 709: 71000 rows, 151.2s
    train-00000-of-00003.parquet group 710: 71100 rows, 151.4s
    train-00000-of-00003.parquet group 711: 71200 rows, 151.6s
    train-00000-of-00003.parquet group 712: 71300 rows, 151.8s
    train-00000-of-00003.parquet group 713: 71400 rows, 152.0s
    train-00000-of-00003.parquet group 714: 71500 rows, 152.2s
    train-00000-of-00003.parquet group 715: 71600 rows, 152.4s
    train-00000-of-00003.parquet group 716: 71700 rows, 152.6s
    train-00000-of-00003.parquet group 717: 71800 rows, 152.8s
    train-00000-of-00003.parquet group 718: 71900 rows, 153.0s
    train-00000-of-00003.parquet group 719: 72000 rows, 153.2s
    train-00000-of-00003.parquet group 720: 72100 rows, 153.3s
    train-00000-of-00003.parquet group 721: 72200 rows, 153.5s
    train-00000-of-00003.parquet group 722: 72300 rows, 153.7s
    train-00000-of-00003.parquet group 723: 72400 rows, 153.9s
    train-00000-of-00003.parquet group 724: 72500 rows, 154.1s
    train-00000-of-00003.parquet group 725: 72600 rows, 154.3s
    train-00000-of-00003.parquet group 726: 72700 rows, 154.5s
    train-00000-of-00003.parquet group 727: 72800 rows, 154.6s
    train-00000-of-00003.parquet group 728: 72900 rows, 154.8s
    train-00000-of-00003.parquet group 729: 73000 rows, 155.0s
    train-00000-of-00003.parquet group 730: 73100 rows, 155.2s
    train-00000-of-00003.parquet group 731: 73200 rows, 155.4s
    train-00000-of-00003.parquet group 732: 73300 rows, 155.6s
    train-00000-of-00003.parquet group 733: 73400 rows, 155.7s
    train-00000-of-00003.parquet group 734: 73500 rows, 155.9s
    train-00000-of-00003.parquet group 735: 73600 rows, 156.1s
    train-00000-of-00003.parquet group 736: 73700 rows, 156.3s
    train-00000-of-00003.parquet group 737: 73800 rows, 156.5s
    train-00000-of-00003.parquet group 738: 73900 rows, 156.7s
    train-00000-of-00003.parquet group 739: 74000 rows, 156.9s
    train-00000-of-00003.parquet group 740: 74100 rows, 157.1s
    train-00000-of-00003.parquet group 741: 74200 rows, 157.3s
    train-00000-of-00003.parquet group 742: 74300 rows, 157.4s
    train-00000-of-00003.parquet group 743: 74400 rows, 157.6s
    train-00000-of-00003.parquet group 744: 74500 rows, 157.8s
    train-00000-of-00003.parquet group 745: 74600 rows, 158.0s
    train-00000-of-00003.parquet group 746: 74700 rows, 158.2s
    train-00000-of-00003.parquet group 747: 74800 rows, 158.4s
    train-00000-of-00003.parquet group 748: 74900 rows, 158.6s
    train-00000-of-00003.parquet group 749: 75000 rows, 158.8s
    train-00000-of-00003.parquet group 750: 75100 rows, 159.0s
    train-00000-of-00003.parquet group 751: 75200 rows, 159.2s
    train-00000-of-00003.parquet group 752: 75300 rows, 159.4s
    train-00000-of-00003.parquet group 753: 75400 rows, 159.6s
    train-00000-of-00003.parquet group 754: 75500 rows, 159.8s
    train-00000-of-00003.parquet group 755: 75600 rows, 160.0s
    train-00000-of-00003.parquet group 756: 75700 rows, 160.2s
    train-00000-of-00003.parquet group 757: 75800 rows, 160.4s
    train-00000-of-00003.parquet group 758: 75900 rows, 160.6s
    train-00000-of-00003.parquet group 759: 76000 rows, 160.8s
    train-00000-of-00003.parquet group 760: 76100 rows, 161.0s
    train-00000-of-00003.parquet group 761: 76200 rows, 161.2s
    train-00000-of-00003.parquet group 762: 76300 rows, 161.4s
    train-00000-of-00003.parquet group 763: 76400 rows, 161.6s
    train-00000-of-00003.parquet group 764: 76500 rows, 161.8s
    train-00000-of-00003.parquet group 765: 76600 rows, 162.0s
    train-00000-of-00003.parquet group 766: 76700 rows, 162.2s
    train-00000-of-00003.parquet group 767: 76800 rows, 162.3s
    train-00000-of-00003.parquet group 768: 76900 rows, 162.5s
    train-00000-of-00003.parquet group 769: 77000 rows, 162.7s
    train-00000-of-00003.parquet group 770: 77100 rows, 162.9s
    train-00000-of-00003.parquet group 771: 77200 rows, 163.1s
    train-00000-of-00003.parquet group 772: 77300 rows, 163.3s
    train-00000-of-00003.parquet group 773: 77400 rows, 163.5s
    train-00000-of-00003.parquet group 774: 77500 rows, 163.7s
    train-00000-of-00003.parquet group 775: 77600 rows, 163.9s
    train-00000-of-00003.parquet group 776: 77700 rows, 164.1s
    train-00000-of-00003.parquet group 777: 77800 rows, 164.3s
    train-00000-of-00003.parquet group 778: 77900 rows, 164.5s
    train-00000-of-00003.parquet group 779: 78000 rows, 164.7s
    train-00000-of-00003.parquet group 780: 78100 rows, 164.9s
    train-00000-of-00003.parquet group 781: 78200 rows, 165.1s
    train-00000-of-00003.parquet group 782: 78300 rows, 165.3s
    train-00000-of-00003.parquet group 783: 78400 rows, 165.5s
    train-00000-of-00003.parquet group 784: 78500 rows, 165.7s
    train-00000-of-00003.parquet group 785: 78600 rows, 165.9s
    train-00000-of-00003.parquet group 786: 78700 rows, 166.1s
    train-00000-of-00003.parquet group 787: 78800 rows, 166.3s
    train-00000-of-00003.parquet group 788: 78900 rows, 166.5s
    train-00000-of-00003.parquet group 789: 79000 rows, 166.7s
    train-00000-of-00003.parquet group 790: 79100 rows, 166.9s
    train-00000-of-00003.parquet group 791: 79200 rows, 167.1s
    train-00000-of-00003.parquet group 792: 79300 rows, 167.2s
    train-00000-of-00003.parquet group 793: 79400 rows, 167.4s
    train-00000-of-00003.parquet group 794: 79500 rows, 167.6s
    train-00000-of-00003.parquet group 795: 79600 rows, 167.8s
    train-00000-of-00003.parquet group 796: 79700 rows, 168.0s
    train-00000-of-00003.parquet group 797: 79800 rows, 168.2s
    train-00000-of-00003.parquet group 798: 79900 rows, 168.4s
    train-00000-of-00003.parquet group 799: 80000 rows, 168.6s
    train-00000-of-00003.parquet group 800: 80100 rows, 168.7s
    train-00000-of-00003.parquet group 801: 80200 rows, 168.9s
    train-00000-of-00003.parquet group 802: 80300 rows, 169.1s
    train-00000-of-00003.parquet group 803: 80400 rows, 169.3s
    train-00000-of-00003.parquet group 804: 80500 rows, 169.5s
    train-00000-of-00003.parquet group 805: 80600 rows, 169.7s
    train-00000-of-00003.parquet group 806: 80700 rows, 169.9s
    train-00000-of-00003.parquet group 807: 80800 rows, 170.1s
    train-00000-of-00003.parquet group 808: 80900 rows, 170.3s
    train-00000-of-00003.parquet group 809: 81000 rows, 170.5s
    train-00000-of-00003.parquet group 810: 81100 rows, 170.6s
    train-00000-of-00003.parquet group 811: 81200 rows, 170.8s
    train-00000-of-00003.parquet group 812: 81300 rows, 171.0s
    train-00000-of-00003.parquet group 813: 81400 rows, 171.2s
    train-00000-of-00003.parquet group 814: 81500 rows, 171.4s
    train-00000-of-00003.parquet group 815: 81600 rows, 171.6s
    train-00000-of-00003.parquet group 816: 81700 rows, 171.8s
    train-00000-of-00003.parquet group 817: 81800 rows, 172.0s
    train-00000-of-00003.parquet group 818: 81900 rows, 172.2s
    train-00000-of-00003.parquet group 819: 82000 rows, 172.4s
    train-00000-of-00003.parquet group 820: 82100 rows, 172.5s
    train-00000-of-00003.parquet group 821: 82200 rows, 172.7s
    train-00000-of-00003.parquet group 822: 82300 rows, 172.9s
    train-00000-of-00003.parquet group 823: 82400 rows, 173.1s
    train-00000-of-00003.parquet group 824: 82500 rows, 173.3s
    train-00000-of-00003.parquet group 825: 82600 rows, 173.5s
    train-00000-of-00003.parquet group 826: 82700 rows, 173.7s
    train-00000-of-00003.parquet group 827: 82800 rows, 173.9s
    train-00000-of-00003.parquet group 828: 82900 rows, 174.0s
    train-00000-of-00003.parquet group 829: 83000 rows, 174.2s
    train-00000-of-00003.parquet group 830: 83100 rows, 174.4s
    train-00000-of-00003.parquet group 831: 83200 rows, 174.6s
    train-00000-of-00003.parquet group 832: 83300 rows, 174.8s
    train-00000-of-00003.parquet group 833: 83400 rows, 175.0s
    train-00000-of-00003.parquet group 834: 83500 rows, 175.2s
    train-00000-of-00003.parquet group 835: 83600 rows, 175.4s
    train-00000-of-00003.parquet group 836: 83700 rows, 175.6s
    train-00000-of-00003.parquet group 837: 83800 rows, 175.8s
    train-00000-of-00003.parquet group 838: 83900 rows, 175.9s
    train-00000-of-00003.parquet group 839: 84000 rows, 176.1s
    train-00000-of-00003.parquet group 840: 84100 rows, 176.3s
    train-00000-of-00003.parquet group 841: 84200 rows, 176.5s
    train-00000-of-00003.parquet group 842: 84300 rows, 176.7s
    train-00000-of-00003.parquet group 843: 84400 rows, 176.9s
    train-00000-of-00003.parquet group 844: 84500 rows, 177.1s
    train-00000-of-00003.parquet group 845: 84600 rows, 177.2s
    train-00000-of-00003.parquet group 846: 84700 rows, 177.4s
    train-00000-of-00003.parquet group 847: 84800 rows, 177.6s
    train-00000-of-00003.parquet group 848: 84900 rows, 177.8s
    train-00000-of-00003.parquet group 849: 85000 rows, 178.0s
    train-00000-of-00003.parquet group 850: 85100 rows, 178.2s
    train-00000-of-00003.parquet group 851: 85200 rows, 178.4s
    train-00000-of-00003.parquet group 852: 85300 rows, 178.5s
    train-00000-of-00003.parquet group 853: 85400 rows, 178.7s
    train-00000-of-00003.parquet group 854: 85500 rows, 178.9s
    train-00000-of-00003.parquet group 855: 85600 rows, 179.1s
    train-00000-of-00003.parquet group 856: 85700 rows, 179.3s
    train-00000-of-00003.parquet group 857: 85800 rows, 179.5s
    train-00000-of-00003.parquet group 858: 85900 rows, 179.7s
    train-00000-of-00003.parquet group 859: 86000 rows, 179.8s
    train-00000-of-00003.parquet group 860: 86100 rows, 180.0s
    train-00000-of-00003.parquet group 861: 86200 rows, 180.2s
    train-00000-of-00003.parquet group 862: 86300 rows, 180.4s
    train-00000-of-00003.parquet group 863: 86400 rows, 180.6s
    train-00000-of-00003.parquet group 864: 86500 rows, 180.8s
    train-00000-of-00003.parquet group 865: 86600 rows, 181.0s
    train-00000-of-00003.parquet group 866: 86700 rows, 181.1s
    train-00000-of-00003.parquet group 867: 86800 rows, 181.3s
    train-00000-of-00003.parquet group 868: 86900 rows, 181.5s
    train-00000-of-00003.parquet group 869: 87000 rows, 181.7s
    train-00000-of-00003.parquet group 870: 87100 rows, 181.9s
    train-00000-of-00003.parquet group 871: 87200 rows, 182.1s
    train-00000-of-00003.parquet group 872: 87300 rows, 182.3s
    train-00000-of-00003.parquet group 873: 87400 rows, 182.5s
    train-00000-of-00003.parquet group 874: 87500 rows, 182.6s
    train-00000-of-00003.parquet group 875: 87600 rows, 182.8s
    train-00000-of-00003.parquet group 876: 87700 rows, 183.0s
    train-00000-of-00003.parquet group 877: 87800 rows, 183.2s
    train-00000-of-00003.parquet group 878: 87900 rows, 183.4s
    train-00000-of-00003.parquet group 879: 88000 rows, 183.6s
    train-00000-of-00003.parquet group 880: 88100 rows, 183.7s
    train-00000-of-00003.parquet group 881: 88200 rows, 183.9s
    train-00000-of-00003.parquet group 882: 88300 rows, 184.1s
    train-00000-of-00003.parquet group 883: 88400 rows, 184.3s
    train-00000-of-00003.parquet group 884: 88500 rows, 184.5s
    train-00000-of-00003.parquet group 885: 88600 rows, 184.7s
    train-00000-of-00003.parquet group 886: 88700 rows, 184.9s
    train-00000-of-00003.parquet group 887: 88800 rows, 185.0s
    train-00000-of-00003.parquet group 888: 88900 rows, 185.2s
    train-00000-of-00003.parquet group 889: 89000 rows, 185.4s
    train-00000-of-00003.parquet group 890: 89100 rows, 185.6s
    train-00000-of-00003.parquet group 891: 89200 rows, 185.8s
    train-00000-of-00003.parquet group 892: 89300 rows, 186.0s
    train-00000-of-00003.parquet group 893: 89400 rows, 186.2s
    train-00000-of-00003.parquet group 894: 89500 rows, 186.3s
    train-00000-of-00003.parquet group 895: 89600 rows, 186.5s
    train-00000-of-00003.parquet group 896: 89700 rows, 186.7s
    train-00000-of-00003.parquet group 897: 89800 rows, 186.9s
    train-00000-of-00003.parquet group 898: 89900 rows, 187.1s
    train-00000-of-00003.parquet group 899: 90000 rows, 187.3s
    train-00000-of-00003.parquet group 900: 90100 rows, 187.5s
    train-00000-of-00003.parquet group 901: 90200 rows, 187.6s
    train-00000-of-00003.parquet group 902: 90300 rows, 187.8s
    train-00000-of-00003.parquet group 903: 90400 rows, 188.0s
    train-00000-of-00003.parquet group 904: 90500 rows, 188.2s
    train-00000-of-00003.parquet group 905: 90600 rows, 188.4s
    train-00000-of-00003.parquet group 906: 90700 rows, 188.6s
    train-00000-of-00003.parquet group 907: 90800 rows, 188.8s
    train-00000-of-00003.parquet group 908: 90900 rows, 189.0s
    train-00000-of-00003.parquet group 909: 91000 rows, 189.1s
    train-00000-of-00003.parquet group 910: 91100 rows, 189.3s
    train-00000-of-00003.parquet group 911: 91200 rows, 189.5s
    train-00000-of-00003.parquet group 912: 91300 rows, 189.7s
    train-00000-of-00003.parquet group 913: 91400 rows, 189.9s
    train-00000-of-00003.parquet group 914: 91500 rows, 190.1s
    train-00000-of-00003.parquet group 915: 91600 rows, 190.3s
    train-00000-of-00003.parquet group 916: 91700 rows, 190.5s
    train-00000-of-00003.parquet group 917: 91800 rows, 190.6s
    train-00000-of-00003.parquet group 918: 91900 rows, 190.8s
    train-00000-of-00003.parquet group 919: 92000 rows, 191.0s
    train-00000-of-00003.parquet group 920: 92100 rows, 191.2s
    train-00000-of-00003.parquet group 921: 92200 rows, 191.4s
    train-00000-of-00003.parquet group 922: 92300 rows, 191.6s
    train-00000-of-00003.parquet group 923: 92400 rows, 191.8s
    train-00000-of-00003.parquet group 924: 92500 rows, 191.9s
    train-00000-of-00003.parquet group 925: 92600 rows, 192.1s
    train-00000-of-00003.parquet group 926: 92700 rows, 192.3s
    train-00000-of-00003.parquet group 927: 92800 rows, 192.5s
    train-00000-of-00003.parquet group 928: 92900 rows, 192.7s
    train-00000-of-00003.parquet group 929: 93000 rows, 192.9s
    train-00000-of-00003.parquet group 930: 93100 rows, 193.1s
    train-00000-of-00003.parquet group 931: 93200 rows, 193.2s
    train-00000-of-00003.parquet group 932: 93300 rows, 193.4s
    train-00000-of-00003.parquet group 933: 93400 rows, 193.6s
    train-00000-of-00003.parquet group 934: 93500 rows, 193.8s
    train-00000-of-00003.parquet group 935: 93600 rows, 194.0s
    train-00000-of-00003.parquet group 936: 93700 rows, 194.2s
    train-00000-of-00003.parquet group 937: 93800 rows, 194.4s
    train-00000-of-00003.parquet group 938: 93900 rows, 194.5s
    train-00000-of-00003.parquet group 939: 94000 rows, 194.7s
    train-00000-of-00003.parquet group 940: 94100 rows, 194.9s
    train-00000-of-00003.parquet group 941: 94200 rows, 195.1s
    train-00000-of-00003.parquet group 942: 94300 rows, 195.3s
    train-00000-of-00003.parquet group 943: 94400 rows, 195.5s
    train-00000-of-00003.parquet group 944: 94500 rows, 195.6s
    train-00000-of-00003.parquet group 945: 94600 rows, 195.8s
    train-00000-of-00003.parquet group 946: 94700 rows, 196.0s
    train-00000-of-00003.parquet group 947: 94800 rows, 196.2s
    train-00000-of-00003.parquet group 948: 94900 rows, 196.4s
    train-00000-of-00003.parquet group 949: 95000 rows, 196.6s
    train-00000-of-00003.parquet group 950: 95100 rows, 196.8s
    train-00000-of-00003.parquet group 951: 95200 rows, 197.0s
    train-00000-of-00003.parquet group 952: 95300 rows, 197.1s
    train-00000-of-00003.parquet group 953: 95400 rows, 197.3s
    train-00000-of-00003.parquet group 954: 95500 rows, 197.5s
    train-00000-of-00003.parquet group 955: 95600 rows, 197.7s
    train-00000-of-00003.parquet group 956: 95700 rows, 197.9s
    train-00000-of-00003.parquet group 957: 95800 rows, 198.1s
    train-00000-of-00003.parquet group 958: 95900 rows, 198.2s
    train-00000-of-00003.parquet group 959: 96000 rows, 198.4s
    train-00000-of-00003.parquet group 960: 96100 rows, 198.6s
    train-00000-of-00003.parquet group 961: 96200 rows, 198.8s
    train-00000-of-00003.parquet group 962: 96300 rows, 199.0s
    train-00000-of-00003.parquet group 963: 96400 rows, 199.2s
    train-00000-of-00003.parquet group 964: 96500 rows, 199.4s
    train-00000-of-00003.parquet group 965: 96600 rows, 199.5s
    train-00000-of-00003.parquet group 966: 96700 rows, 199.7s
    train-00000-of-00003.parquet group 967: 96800 rows, 199.9s
    train-00000-of-00003.parquet group 968: 96900 rows, 200.1s
    train-00000-of-00003.parquet group 969: 97000 rows, 200.3s
    train-00000-of-00003.parquet group 970: 97100 rows, 200.5s
    train-00000-of-00003.parquet group 971: 97200 rows, 200.7s
    train-00000-of-00003.parquet group 972: 97300 rows, 200.8s
    train-00000-of-00003.parquet group 973: 97400 rows, 201.0s
    train-00000-of-00003.parquet group 974: 97500 rows, 201.2s
    train-00000-of-00003.parquet group 975: 97600 rows, 201.4s
    train-00000-of-00003.parquet group 976: 97700 rows, 201.6s
    train-00000-of-00003.parquet group 977: 97800 rows, 201.8s
    train-00000-of-00003.parquet group 978: 97900 rows, 202.0s
    train-00000-of-00003.parquet group 979: 98000 rows, 202.2s
    train-00000-of-00003.parquet group 980: 98100 rows, 202.3s
    train-00000-of-00003.parquet group 981: 98200 rows, 202.5s
    train-00000-of-00003.parquet group 982: 98300 rows, 202.7s
    train-00000-of-00003.parquet group 983: 98400 rows, 202.9s
    train-00000-of-00003.parquet group 984: 98500 rows, 203.1s
    train-00000-of-00003.parquet group 985: 98600 rows, 203.3s
    train-00000-of-00003.parquet group 986: 98700 rows, 203.5s
    train-00000-of-00003.parquet group 987: 98800 rows, 203.6s
    train-00000-of-00003.parquet group 988: 98900 rows, 203.8s
    train-00000-of-00003.parquet group 989: 99000 rows, 204.0s
    train-00000-of-00003.parquet group 990: 99100 rows, 204.2s
    train-00000-of-00003.parquet group 991: 99200 rows, 204.4s
    train-00000-of-00003.parquet group 992: 99300 rows, 204.6s
    train-00000-of-00003.parquet group 993: 99400 rows, 204.8s
    train-00000-of-00003.parquet group 994: 99500 rows, 204.9s
    train-00000-of-00003.parquet group 995: 99600 rows, 205.1s
    train-00000-of-00003.parquet group 996: 99700 rows, 205.3s
    train-00000-of-00003.parquet group 997: 99800 rows, 205.5s
    train-00000-of-00003.parquet group 998: 99900 rows, 205.7s
    train-00000-of-00003.parquet group 999: 100000 rows, 205.9s
    train-00000-of-00003.parquet group 1000: 100100 rows, 206.1s
    train-00000-of-00003.parquet group 1001: 100200 rows, 206.2s
    train-00000-of-00003.parquet group 1002: 100300 rows, 206.4s
    train-00000-of-00003.parquet group 1003: 100400 rows, 206.6s
    train-00000-of-00003.parquet group 1004: 100500 rows, 206.8s
    train-00000-of-00003.parquet group 1005: 100600 rows, 207.0s
    train-00000-of-00003.parquet group 1006: 100700 rows, 207.2s
    train-00000-of-00003.parquet group 1007: 100800 rows, 207.4s
    train-00000-of-00003.parquet group 1008: 100900 rows, 207.5s
    train-00000-of-00003.parquet group 1009: 101000 rows, 207.7s
    train-00000-of-00003.parquet group 1010: 101100 rows, 207.9s
    train-00000-of-00003.parquet group 1011: 101200 rows, 208.1s
    train-00000-of-00003.parquet group 1012: 101300 rows, 208.3s
    train-00000-of-00003.parquet group 1013: 101400 rows, 208.5s
    train-00000-of-00003.parquet group 1014: 101500 rows, 208.6s
    train-00000-of-00003.parquet group 1015: 101600 rows, 208.8s
    train-00000-of-00003.parquet group 1016: 101700 rows, 209.0s
    train-00000-of-00003.parquet group 1017: 101800 rows, 209.2s
    train-00000-of-00003.parquet group 1018: 101900 rows, 209.4s
    train-00000-of-00003.parquet group 1019: 102000 rows, 209.6s
    train-00000-of-00003.parquet group 1020: 102100 rows, 209.7s
    train-00000-of-00003.parquet group 1021: 102200 rows, 209.9s
    train-00000-of-00003.parquet group 1022: 102300 rows, 210.1s
    train-00000-of-00003.parquet group 1023: 102400 rows, 210.3s
    train-00000-of-00003.parquet group 1024: 102500 rows, 210.5s
    train-00000-of-00003.parquet group 1025: 102600 rows, 210.7s
    train-00000-of-00003.parquet group 1026: 102700 rows, 210.9s
    train-00000-of-00003.parquet group 1027: 102800 rows, 211.0s
    train-00000-of-00003.parquet group 1028: 102900 rows, 211.2s
    train-00000-of-00003.parquet group 1029: 103000 rows, 211.4s
    train-00000-of-00003.parquet group 1030: 103100 rows, 211.6s
    train-00000-of-00003.parquet group 1031: 103200 rows, 211.8s
    train-00000-of-00003.parquet group 1032: 103300 rows, 212.0s
    train-00000-of-00003.parquet group 1033: 103400 rows, 212.2s
    train-00000-of-00003.parquet group 1034: 103500 rows, 212.3s
    train-00000-of-00003.parquet group 1035: 103600 rows, 212.5s
    train-00000-of-00003.parquet group 1036: 103700 rows, 212.7s
    train-00000-of-00003.parquet group 1037: 103800 rows, 212.9s
    train-00000-of-00003.parquet group 1038: 103900 rows, 213.1s
    train-00000-of-00003.parquet group 1039: 104000 rows, 213.3s
    train-00000-of-00003.parquet group 1040: 104100 rows, 213.5s
    train-00000-of-00003.parquet group 1041: 104200 rows, 213.7s
    train-00000-of-00003.parquet group 1042: 104300 rows, 213.9s
    train-00000-of-00003.parquet group 1043: 104400 rows, 214.0s
    train-00000-of-00003.parquet group 1044: 104500 rows, 214.2s
    train-00000-of-00003.parquet group 1045: 104600 rows, 214.4s
    train-00000-of-00003.parquet group 1046: 104700 rows, 214.6s
    train-00000-of-00003.parquet group 1047: 104800 rows, 214.8s
    train-00000-of-00003.parquet group 1048: 104900 rows, 215.0s
    train-00000-of-00003.parquet group 1049: 105000 rows, 215.1s
    train-00000-of-00003.parquet group 1050: 105100 rows, 215.3s
    train-00000-of-00003.parquet group 1051: 105200 rows, 215.5s
    train-00000-of-00003.parquet group 1052: 105300 rows, 215.7s
    train-00000-of-00003.parquet group 1053: 105400 rows, 215.9s
    train-00000-of-00003.parquet group 1054: 105500 rows, 216.1s
    train-00000-of-00003.parquet group 1055: 105600 rows, 216.3s
    train-00000-of-00003.parquet group 1056: 105700 rows, 216.4s
    train-00000-of-00003.parquet group 1057: 105800 rows, 216.6s
    train-00000-of-00003.parquet group 1058: 105900 rows, 216.8s
    train-00000-of-00003.parquet group 1059: 106000 rows, 217.0s
    train-00000-of-00003.parquet group 1060: 106100 rows, 217.2s
    train-00000-of-00003.parquet group 1061: 106200 rows, 217.4s
    train-00000-of-00003.parquet group 1062: 106300 rows, 217.6s
    train-00000-of-00003.parquet group 1063: 106400 rows, 217.7s
    train-00000-of-00003.parquet group 1064: 106500 rows, 217.9s
    train-00000-of-00003.parquet group 1065: 106600 rows, 218.1s
    train-00000-of-00003.parquet group 1066: 106700 rows, 218.3s
    train-00000-of-00003.parquet group 1067: 106800 rows, 218.5s
    train-00000-of-00003.parquet group 1068: 106900 rows, 218.7s
    train-00000-of-00003.parquet group 1069: 107000 rows, 218.8s
    train-00000-of-00003.parquet group 1070: 107100 rows, 219.0s
    train-00000-of-00003.parquet group 1071: 107200 rows, 219.2s
    train-00000-of-00003.parquet group 1072: 107300 rows, 219.4s
    train-00000-of-00003.parquet group 1073: 107400 rows, 219.6s
    train-00000-of-00003.parquet group 1074: 107500 rows, 219.8s
    train-00000-of-00003.parquet group 1075: 107600 rows, 220.0s
    train-00000-of-00003.parquet group 1076: 107700 rows, 220.2s
    train-00000-of-00003.parquet group 1077: 107800 rows, 220.4s
    train-00000-of-00003.parquet group 1078: 107900 rows, 220.5s
    train-00000-of-00003.parquet group 1079: 108000 rows, 220.7s
    train-00000-of-00003.parquet group 1080: 108100 rows, 220.9s
    train-00000-of-00003.parquet group 1081: 108200 rows, 221.1s
    train-00000-of-00003.parquet group 1082: 108300 rows, 221.3s
    train-00000-of-00003.parquet group 1083: 108400 rows, 221.5s
    train-00000-of-00003.parquet group 1084: 108500 rows, 221.6s
    train-00000-of-00003.parquet group 1085: 108600 rows, 221.8s
    train-00000-of-00003.parquet group 1086: 108700 rows, 222.0s
    train-00000-of-00003.parquet group 1087: 108800 rows, 222.2s
    train-00000-of-00003.parquet group 1088: 108900 rows, 222.4s
    train-00000-of-00003.parquet group 1089: 109000 rows, 222.6s
    train-00000-of-00003.parquet group 1090: 109100 rows, 222.8s
    train-00000-of-00003.parquet group 1091: 109200 rows, 222.9s
    train-00000-of-00003.parquet group 1092: 109300 rows, 223.1s
    train-00000-of-00003.parquet group 1093: 109400 rows, 223.3s
    train-00000-of-00003.parquet group 1094: 109500 rows, 223.5s
    train-00000-of-00003.parquet group 1095: 109600 rows, 223.7s
    train-00000-of-00003.parquet group 1096: 109700 rows, 223.9s
    train-00000-of-00003.parquet group 1097: 109800 rows, 224.1s
    train-00000-of-00003.parquet group 1098: 109900 rows, 224.2s
    train-00000-of-00003.parquet group 1099: 110000 rows, 224.4s
    train-00000-of-00003.parquet group 1100: 110100 rows, 224.6s
    train-00000-of-00003.parquet group 1101: 110200 rows, 224.8s
    train-00000-of-00003.parquet group 1102: 110300 rows, 225.0s
    train-00000-of-00003.parquet group 1103: 110400 rows, 225.2s
    train-00000-of-00003.parquet group 1104: 110500 rows, 225.4s
    train-00000-of-00003.parquet group 1105: 110600 rows, 225.5s
    train-00000-of-00003.parquet group 1106: 110700 rows, 225.7s
    train-00000-of-00003.parquet group 1107: 110800 rows, 225.9s
    train-00000-of-00003.parquet group 1108: 110900 rows, 226.1s
    train-00000-of-00003.parquet group 1109: 111000 rows, 226.3s
    train-00000-of-00003.parquet group 1110: 111100 rows, 226.5s
    train-00000-of-00003.parquet group 1111: 111200 rows, 226.7s
    train-00000-of-00003.parquet group 1112: 111300 rows, 226.9s
    train-00000-of-00003.parquet group 1113: 111400 rows, 227.0s
    train-00000-of-00003.parquet group 1114: 111500 rows, 227.2s
    train-00000-of-00003.parquet group 1115: 111600 rows, 227.4s
    train-00000-of-00003.parquet group 1116: 111700 rows, 227.6s
    train-00000-of-00003.parquet group 1117: 111800 rows, 227.8s
    train-00000-of-00003.parquet group 1118: 111900 rows, 228.0s
    train-00000-of-00003.parquet group 1119: 112000 rows, 228.2s
    train-00000-of-00003.parquet group 1120: 112100 rows, 228.3s
    train-00000-of-00003.parquet group 1121: 112200 rows, 228.5s
    train-00000-of-00003.parquet group 1122: 112300 rows, 228.7s
    train-00000-of-00003.parquet group 1123: 112400 rows, 228.9s
    train-00000-of-00003.parquet group 1124: 112500 rows, 229.1s
    train-00000-of-00003.parquet group 1125: 112600 rows, 229.3s
    train-00000-of-00003.parquet group 1126: 112700 rows, 229.5s
    train-00000-of-00003.parquet group 1127: 112800 rows, 229.6s
    train-00000-of-00003.parquet group 1128: 112900 rows, 229.8s
    train-00000-of-00003.parquet group 1129: 113000 rows, 230.0s
    train-00000-of-00003.parquet group 1130: 113100 rows, 230.2s
    train-00000-of-00003.parquet group 1131: 113200 rows, 230.4s
    train-00000-of-00003.parquet group 1132: 113300 rows, 230.6s
    train-00000-of-00003.parquet group 1133: 113400 rows, 230.8s
    train-00000-of-00003.parquet group 1134: 113500 rows, 230.9s
    train-00000-of-00003.parquet group 1135: 113600 rows, 231.1s
    train-00000-of-00003.parquet group 1136: 113700 rows, 231.3s
    train-00000-of-00003.parquet group 1137: 113800 rows, 231.5s
    train-00000-of-00003.parquet group 1138: 113900 rows, 231.7s
    train-00000-of-00003.parquet group 1139: 114000 rows, 231.9s
    train-00000-of-00003.parquet group 1140: 114100 rows, 232.1s
    train-00000-of-00003.parquet group 1141: 114200 rows, 232.3s
    train-00000-of-00003.parquet group 1142: 114300 rows, 232.5s
    train-00000-of-00003.parquet group 1143: 114400 rows, 232.7s
    train-00000-of-00003.parquet group 1144: 114500 rows, 232.9s
    train-00000-of-00003.parquet group 1145: 114600 rows, 233.1s
    train-00000-of-00003.parquet group 1146: 114700 rows, 233.3s
    train-00000-of-00003.parquet group 1147: 114800 rows, 233.5s
    train-00000-of-00003.parquet group 1148: 114900 rows, 233.7s
    train-00000-of-00003.parquet group 1149: 115000 rows, 233.9s
    train-00000-of-00003.parquet group 1150: 115100 rows, 234.0s
    train-00000-of-00003.parquet group 1151: 115200 rows, 234.2s
    train-00000-of-00003.parquet group 1152: 115300 rows, 234.4s
    train-00000-of-00003.parquet group 1153: 115400 rows, 234.6s
    train-00000-of-00003.parquet group 1154: 115500 rows, 234.8s
    train-00000-of-00003.parquet group 1155: 115600 rows, 235.0s
    train-00000-of-00003.parquet group 1156: 115700 rows, 235.2s
    train-00000-of-00003.parquet group 1157: 115800 rows, 235.4s
    train-00000-of-00003.parquet group 1158: 115900 rows, 235.6s
    train-00000-of-00003.parquet group 1159: 116000 rows, 235.8s
    train-00000-of-00003.parquet group 1160: 116100 rows, 236.0s
    train-00000-of-00003.parquet group 1161: 116200 rows, 236.2s
    train-00000-of-00003.parquet group 1162: 116300 rows, 236.4s
    train-00000-of-00003.parquet group 1163: 116400 rows, 236.6s
    train-00000-of-00003.parquet group 1164: 116500 rows, 236.8s
    train-00000-of-00003.parquet group 1165: 116600 rows, 237.0s
    train-00000-of-00003.parquet group 1166: 116700 rows, 237.2s
    train-00000-of-00003.parquet group 1167: 116800 rows, 237.4s
    train-00000-of-00003.parquet group 1168: 116900 rows, 237.6s
    train-00000-of-00003.parquet group 1169: 117000 rows, 237.7s
    train-00000-of-00003.parquet group 1170: 117100 rows, 237.9s
    train-00000-of-00003.parquet group 1171: 117200 rows, 238.1s
    train-00000-of-00003.parquet group 1172: 117300 rows, 238.3s
    train-00000-of-00003.parquet group 1173: 117400 rows, 238.5s
    train-00000-of-00003.parquet group 1174: 117500 rows, 238.7s
    train-00000-of-00003.parquet group 1175: 117600 rows, 238.9s
    train-00000-of-00003.parquet group 1176: 117700 rows, 239.1s
    train-00000-of-00003.parquet group 1177: 117800 rows, 239.3s
    train-00000-of-00003.parquet group 1178: 117900 rows, 239.5s
    train-00000-of-00003.parquet group 1179: 118000 rows, 239.7s
    train-00000-of-00003.parquet group 1180: 118100 rows, 239.9s
    train-00000-of-00003.parquet group 1181: 118200 rows, 240.1s
    train-00000-of-00003.parquet group 1182: 118300 rows, 240.3s
    train-00000-of-00003.parquet group 1183: 118400 rows, 240.5s
    train-00000-of-00003.parquet group 1184: 118500 rows, 240.7s
    train-00000-of-00003.parquet group 1185: 118600 rows, 240.9s
    train-00000-of-00003.parquet group 1186: 118700 rows, 241.1s
    train-00000-of-00003.parquet group 1187: 118800 rows, 241.2s
    train-00000-of-00003.parquet group 1188: 118900 rows, 241.4s
    train-00000-of-00003.parquet group 1189: 119000 rows, 241.6s
    train-00000-of-00003.parquet group 1190: 119100 rows, 241.8s
    train-00000-of-00003.parquet group 1191: 119200 rows, 242.0s
    train-00000-of-00003.parquet group 1192: 119300 rows, 242.2s
    train-00000-of-00003.parquet group 1193: 119400 rows, 242.4s
    train-00000-of-00003.parquet group 1194: 119500 rows, 242.5s
    train-00000-of-00003.parquet group 1195: 119600 rows, 242.7s
    train-00000-of-00003.parquet group 1196: 119700 rows, 242.9s
    train-00000-of-00003.parquet group 1197: 119800 rows, 243.1s
    train-00000-of-00003.parquet group 1198: 119900 rows, 243.3s
    train-00000-of-00003.parquet group 1199: 120000 rows, 243.5s
    train-00000-of-00003.parquet group 1200: 120100 rows, 243.7s
    train-00000-of-00003.parquet group 1201: 120200 rows, 243.8s
    train-00000-of-00003.parquet group 1202: 120300 rows, 244.0s
    train-00000-of-00003.parquet group 1203: 120400 rows, 244.2s
    train-00000-of-00003.parquet group 1204: 120500 rows, 244.4s
    train-00000-of-00003.parquet group 1205: 120600 rows, 244.6s
    train-00000-of-00003.parquet group 1206: 120700 rows, 244.8s
    train-00000-of-00003.parquet group 1207: 120800 rows, 245.0s
    train-00000-of-00003.parquet group 1208: 120900 rows, 245.2s
    train-00000-of-00003.parquet group 1209: 121000 rows, 245.4s
    train-00000-of-00003.parquet group 1210: 121100 rows, 245.6s
    train-00000-of-00003.parquet group 1211: 121200 rows, 245.8s
    train-00000-of-00003.parquet group 1212: 121300 rows, 246.0s
    train-00000-of-00003.parquet group 1213: 121400 rows, 246.2s
    train-00000-of-00003.parquet group 1214: 121500 rows, 246.4s
    train-00000-of-00003.parquet group 1215: 121600 rows, 246.6s
    train-00000-of-00003.parquet group 1216: 121700 rows, 246.9s
    train-00000-of-00003.parquet group 1217: 121800 rows, 247.1s
    train-00000-of-00003.parquet group 1218: 121900 rows, 247.3s
    train-00000-of-00003.parquet group 1219: 122000 rows, 247.5s
    train-00000-of-00003.parquet group 1220: 122100 rows, 247.7s
    train-00000-of-00003.parquet group 1221: 122200 rows, 247.9s
    train-00000-of-00003.parquet group 1222: 122300 rows, 248.1s
    train-00000-of-00003.parquet group 1223: 122400 rows, 248.4s
    train-00000-of-00003.parquet group 1224: 122500 rows, 248.6s
    train-00000-of-00003.parquet group 1225: 122600 rows, 248.8s
    train-00000-of-00003.parquet group 1226: 122700 rows, 249.0s
    train-00000-of-00003.parquet group 1227: 122800 rows, 249.2s
    train-00000-of-00003.parquet group 1228: 122900 rows, 249.4s
    train-00000-of-00003.parquet group 1229: 123000 rows, 249.6s
    train-00000-of-00003.parquet group 1230: 123100 rows, 249.8s
    train-00000-of-00003.parquet group 1231: 123200 rows, 250.0s
    train-00000-of-00003.parquet group 1232: 123300 rows, 250.3s
    train-00000-of-00003.parquet group 1233: 123400 rows, 250.5s
    train-00000-of-00003.parquet group 1234: 123500 rows, 250.7s
    train-00000-of-00003.parquet group 1235: 123600 rows, 250.9s
    train-00000-of-00003.parquet group 1236: 123700 rows, 251.1s
    train-00000-of-00003.parquet group 1237: 123800 rows, 251.3s
    train-00000-of-00003.parquet group 1238: 123900 rows, 251.5s
    train-00000-of-00003.parquet group 1239: 124000 rows, 251.7s
    train-00000-of-00003.parquet group 1240: 124100 rows, 251.9s
    train-00000-of-00003.parquet group 1241: 124200 rows, 252.2s
    train-00000-of-00003.parquet group 1242: 124300 rows, 252.4s
    train-00000-of-00003.parquet group 1243: 124400 rows, 252.6s
    train-00000-of-00003.parquet group 1244: 124500 rows, 252.8s
    train-00000-of-00003.parquet group 1245: 124600 rows, 253.0s
    train-00000-of-00003.parquet group 1246: 124700 rows, 253.2s
    train-00000-of-00003.parquet group 1247: 124800 rows, 253.4s
    train-00000-of-00003.parquet group 1248: 124900 rows, 253.7s
    train-00000-of-00003.parquet group 1249: 125000 rows, 253.9s
    train-00000-of-00003.parquet group 1250: 125100 rows, 254.1s
    train-00000-of-00003.parquet group 1251: 125200 rows, 254.3s
    train-00000-of-00003.parquet group 1252: 125300 rows, 254.5s
    train-00000-of-00003.parquet group 1253: 125400 rows, 254.7s
    train-00000-of-00003.parquet group 1254: 125500 rows, 254.9s
    train-00000-of-00003.parquet group 1255: 125600 rows, 255.1s
    train-00000-of-00003.parquet group 1256: 125700 rows, 255.3s
    train-00000-of-00003.parquet group 1257: 125800 rows, 255.6s
    train-00000-of-00003.parquet group 1258: 125900 rows, 255.8s
    train-00000-of-00003.parquet group 1259: 126000 rows, 256.0s
    train-00000-of-00003.parquet group 1260: 126100 rows, 256.2s
    train-00000-of-00003.parquet group 1261: 126200 rows, 256.4s
    train-00000-of-00003.parquet group 1262: 126300 rows, 256.7s
    train-00000-of-00003.parquet group 1263: 126400 rows, 256.9s
    train-00000-of-00003.parquet group 1264: 126500 rows, 257.1s
    train-00000-of-00003.parquet group 1265: 126600 rows, 257.3s
    train-00000-of-00003.parquet group 1266: 126700 rows, 257.5s
    train-00000-of-00003.parquet group 1267: 126800 rows, 257.7s
    train-00000-of-00003.parquet group 1268: 126900 rows, 257.9s
    train-00000-of-00003.parquet group 1269: 127000 rows, 258.2s
    train-00000-of-00003.parquet group 1270: 127100 rows, 258.4s
    train-00000-of-00003.parquet group 1271: 127200 rows, 258.6s
    train-00000-of-00003.parquet group 1272: 127300 rows, 258.8s
    train-00000-of-00003.parquet group 1273: 127400 rows, 259.0s
    train-00000-of-00003.parquet group 1274: 127500 rows, 259.2s
    train-00000-of-00003.parquet group 1275: 127600 rows, 259.4s
    train-00000-of-00003.parquet group 1276: 127700 rows, 259.6s
    train-00000-of-00003.parquet group 1277: 127800 rows, 259.8s
    train-00000-of-00003.parquet group 1278: 127900 rows, 260.0s
    train-00000-of-00003.parquet group 1279: 128000 rows, 260.3s
    train-00000-of-00003.parquet group 1280: 128100 rows, 260.5s
    train-00000-of-00003.parquet group 1281: 128200 rows, 260.7s
    train-00000-of-00003.parquet group 1282: 128300 rows, 260.9s
    train-00000-of-00003.parquet group 1283: 128400 rows, 261.1s
    train-00000-of-00003.parquet group 1284: 128500 rows, 261.3s
    train-00000-of-00003.parquet group 1285: 128600 rows, 261.5s
    train-00000-of-00003.parquet group 1286: 128700 rows, 261.7s
    train-00000-of-00003.parquet group 1287: 128800 rows, 261.9s
    train-00000-of-00003.parquet group 1288: 128900 rows, 262.2s
    train-00000-of-00003.parquet group 1289: 129000 rows, 262.4s
    train-00000-of-00003.parquet group 1290: 129100 rows, 262.6s
    train-00000-of-00003.parquet group 1291: 129200 rows, 262.8s
    train-00000-of-00003.parquet group 1292: 129300 rows, 263.0s
    train-00000-of-00003.parquet group 1293: 129400 rows, 263.2s
    train-00000-of-00003.parquet group 1294: 129500 rows, 263.4s
    train-00000-of-00003.parquet group 1295: 129600 rows, 263.6s
    train-00000-of-00003.parquet group 1296: 129700 rows, 263.9s
    train-00000-of-00003.parquet group 1297: 129800 rows, 264.1s
    train-00000-of-00003.parquet group 1298: 129900 rows, 264.3s
    train-00000-of-00003.parquet group 1299: 130000 rows, 264.5s
    train-00000-of-00003.parquet group 1300: 130100 rows, 264.7s
    train-00000-of-00003.parquet group 1301: 130200 rows, 264.9s
    train-00000-of-00003.parquet group 1302: 130300 rows, 265.1s
    train-00000-of-00003.parquet group 1303: 130400 rows, 265.3s
    train-00000-of-00003.parquet group 1304: 130500 rows, 265.5s
    train-00000-of-00003.parquet group 1305: 130600 rows, 265.7s
    train-00000-of-00003.parquet group 1306: 130700 rows, 265.9s
    train-00000-of-00003.parquet group 1307: 130800 rows, 266.1s
    train-00000-of-00003.parquet group 1308: 130900 rows, 266.3s
    train-00000-of-00003.parquet group 1309: 131000 rows, 266.5s
    train-00000-of-00003.parquet group 1310: 131100 rows, 266.8s
    train-00000-of-00003.parquet group 1311: 131200 rows, 267.0s
    train-00000-of-00003.parquet group 1312: 131300 rows, 267.2s
    train-00000-of-00003.parquet group 1313: 131400 rows, 267.4s
    train-00000-of-00003.parquet group 1314: 131500 rows, 267.6s
    train-00000-of-00003.parquet group 1315: 131600 rows, 267.8s
    train-00000-of-00003.parquet group 1316: 131700 rows, 268.0s
    train-00000-of-00003.parquet group 1317: 131800 rows, 268.3s
    train-00000-of-00003.parquet group 1318: 131900 rows, 268.5s
    train-00000-of-00003.parquet group 1319: 132000 rows, 268.7s
    train-00000-of-00003.parquet group 1320: 132100 rows, 268.9s
    train-00000-of-00003.parquet group 1321: 132200 rows, 269.1s
    train-00000-of-00003.parquet group 1322: 132300 rows, 269.3s
    train-00000-of-00003.parquet group 1323: 132400 rows, 269.5s
    train-00000-of-00003.parquet group 1324: 132500 rows, 269.7s
    train-00000-of-00003.parquet group 1325: 132600 rows, 270.0s
    train-00000-of-00003.parquet group 1326: 132700 rows, 270.2s
    train-00000-of-00003.parquet group 1327: 132800 rows, 270.4s
    train-00000-of-00003.parquet group 1328: 132900 rows, 270.6s
    train-00000-of-00003.parquet group 1329: 133000 rows, 270.8s
    train-00000-of-00003.parquet group 1330: 133100 rows, 271.0s
    train-00000-of-00003.parquet group 1331: 133200 rows, 271.2s
    train-00000-of-00003.parquet group 1332: 133300 rows, 271.5s
    train-00000-of-00003.parquet group 1333: 133400 rows, 271.7s
    train-00000-of-00003.parquet group 1334: 133500 rows, 271.9s
    train-00000-of-00003.parquet group 1335: 133600 rows, 272.1s
    train-00000-of-00003.parquet group 1336: 133700 rows, 272.3s
    train-00000-of-00003.parquet group 1337: 133800 rows, 272.6s
    train-00000-of-00003.parquet group 1338: 133900 rows, 272.8s
    train-00000-of-00003.parquet group 1339: 134000 rows, 273.0s
    train-00000-of-00003.parquet group 1340: 134100 rows, 273.2s
    train-00000-of-00003.parquet group 1341: 134200 rows, 273.4s
    train-00000-of-00003.parquet group 1342: 134300 rows, 273.6s
    train-00000-of-00003.parquet group 1343: 134400 rows, 273.8s
    train-00000-of-00003.parquet group 1344: 134500 rows, 274.1s
    train-00000-of-00003.parquet group 1345: 134600 rows, 274.3s
    train-00000-of-00003.parquet group 1346: 134700 rows, 274.5s
    train-00000-of-00003.parquet group 1347: 134800 rows, 274.7s
    train-00000-of-00003.parquet group 1348: 134900 rows, 274.9s
    train-00000-of-00003.parquet group 1349: 135000 rows, 275.1s
    train-00000-of-00003.parquet group 1350: 135100 rows, 275.3s
    train-00000-of-00003.parquet group 1351: 135200 rows, 275.6s
    train-00000-of-00003.parquet group 1352: 135300 rows, 275.8s
    train-00000-of-00003.parquet group 1353: 135400 rows, 276.0s
    train-00000-of-00003.parquet group 1354: 135500 rows, 276.2s
    train-00000-of-00003.parquet group 1355: 135600 rows, 276.4s
    train-00000-of-00003.parquet group 1356: 135700 rows, 276.6s
    train-00000-of-00003.parquet group 1357: 135800 rows, 276.9s
    train-00000-of-00003.parquet group 1358: 135900 rows, 277.1s
    train-00000-of-00003.parquet group 1359: 136000 rows, 277.3s
    train-00000-of-00003.parquet group 1360: 136100 rows, 277.5s
    train-00000-of-00003.parquet group 1361: 136200 rows, 277.7s
    train-00000-of-00003.parquet group 1362: 136300 rows, 277.9s
    train-00000-of-00003.parquet group 1363: 136400 rows, 278.1s
    train-00000-of-00003.parquet group 1364: 136500 rows, 278.3s
    train-00000-of-00003.parquet group 1365: 136600 rows, 278.6s
    train-00000-of-00003.parquet group 1366: 136611 rows, 278.7s
    train-00001-of-00003.parquet group 0: 136711 rows, 278.9s
    train-00001-of-00003.parquet group 1: 136811 rows, 279.1s
    train-00001-of-00003.parquet group 2: 136911 rows, 279.4s
    train-00001-of-00003.parquet group 3: 137011 rows, 279.6s
    train-00001-of-00003.parquet group 4: 137111 rows, 279.8s
    train-00001-of-00003.parquet group 5: 137211 rows, 280.0s
    train-00001-of-00003.parquet group 6: 137311 rows, 280.2s
    train-00001-of-00003.parquet group 7: 137411 rows, 280.4s
    train-00001-of-00003.parquet group 8: 137511 rows, 280.7s
    train-00001-of-00003.parquet group 9: 137611 rows, 280.9s
    train-00001-of-00003.parquet group 10: 137711 rows, 281.1s
    train-00001-of-00003.parquet group 11: 137811 rows, 281.3s
    train-00001-of-00003.parquet group 12: 137911 rows, 281.5s
    train-00001-of-00003.parquet group 13: 138011 rows, 281.7s
    train-00001-of-00003.parquet group 14: 138111 rows, 281.9s
    train-00001-of-00003.parquet group 15: 138211 rows, 282.1s
    train-00001-of-00003.parquet group 16: 138311 rows, 282.4s
    train-00001-of-00003.parquet group 17: 138411 rows, 282.6s
    train-00001-of-00003.parquet group 18: 138511 rows, 282.8s
    train-00001-of-00003.parquet group 19: 138611 rows, 283.0s
    train-00001-of-00003.parquet group 20: 138711 rows, 283.2s
    train-00001-of-00003.parquet group 21: 138811 rows, 283.4s
    train-00001-of-00003.parquet group 22: 138911 rows, 283.7s
    train-00001-of-00003.parquet group 23: 139011 rows, 283.9s
    train-00001-of-00003.parquet group 24: 139111 rows, 284.1s
    train-00001-of-00003.parquet group 25: 139211 rows, 284.3s
    train-00001-of-00003.parquet group 26: 139311 rows, 284.5s
    train-00001-of-00003.parquet group 27: 139411 rows, 284.7s
    train-00001-of-00003.parquet group 28: 139511 rows, 284.9s
    train-00001-of-00003.parquet group 29: 139611 rows, 285.2s
    train-00001-of-00003.parquet group 30: 139711 rows, 285.4s
    train-00001-of-00003.parquet group 31: 139811 rows, 285.6s
    train-00001-of-00003.parquet group 32: 139911 rows, 285.8s
    train-00001-of-00003.parquet group 33: 140011 rows, 286.1s
    train-00001-of-00003.parquet group 34: 140111 rows, 286.3s
    train-00001-of-00003.parquet group 35: 140211 rows, 286.5s
    train-00001-of-00003.parquet group 36: 140311 rows, 286.8s
    train-00001-of-00003.parquet group 37: 140411 rows, 287.0s
    train-00001-of-00003.parquet group 38: 140511 rows, 287.2s
    train-00001-of-00003.parquet group 39: 140611 rows, 287.4s
    train-00001-of-00003.parquet group 40: 140711 rows, 287.6s
    train-00001-of-00003.parquet group 41: 140811 rows, 287.8s
    train-00001-of-00003.parquet group 42: 140911 rows, 288.1s
    train-00001-of-00003.parquet group 43: 141011 rows, 288.3s
    train-00001-of-00003.parquet group 44: 141111 rows, 288.5s
    train-00001-of-00003.parquet group 45: 141211 rows, 288.7s
    train-00001-of-00003.parquet group 46: 141311 rows, 289.0s
    train-00001-of-00003.parquet group 47: 141411 rows, 289.2s
    train-00001-of-00003.parquet group 48: 141511 rows, 289.4s
    train-00001-of-00003.parquet group 49: 141611 rows, 289.6s
    train-00001-of-00003.parquet group 50: 141711 rows, 289.9s
    train-00001-of-00003.parquet group 51: 141811 rows, 290.1s
    train-00001-of-00003.parquet group 52: 141911 rows, 290.3s
    train-00001-of-00003.parquet group 53: 142011 rows, 290.5s
    train-00001-of-00003.parquet group 54: 142111 rows, 290.8s
    train-00001-of-00003.parquet group 55: 142211 rows, 291.0s
    train-00001-of-00003.parquet group 56: 142311 rows, 291.2s
    train-00001-of-00003.parquet group 57: 142411 rows, 291.4s
    train-00001-of-00003.parquet group 58: 142511 rows, 291.6s
    train-00001-of-00003.parquet group 59: 142611 rows, 291.9s
    train-00001-of-00003.parquet group 60: 142711 rows, 292.1s
    train-00001-of-00003.parquet group 61: 142811 rows, 292.3s
    train-00001-of-00003.parquet group 62: 142911 rows, 292.5s
    train-00001-of-00003.parquet group 63: 143011 rows, 292.7s
    train-00001-of-00003.parquet group 64: 143111 rows, 293.0s
    train-00001-of-00003.parquet group 65: 143211 rows, 293.2s
    train-00001-of-00003.parquet group 66: 143311 rows, 293.4s
    train-00001-of-00003.parquet group 67: 143411 rows, 293.6s
    train-00001-of-00003.parquet group 68: 143511 rows, 293.9s
    train-00001-of-00003.parquet group 69: 143611 rows, 294.1s
    train-00001-of-00003.parquet group 70: 143711 rows, 294.3s
    train-00001-of-00003.parquet group 71: 143811 rows, 294.5s
    train-00001-of-00003.parquet group 72: 143911 rows, 294.8s
    train-00001-of-00003.parquet group 73: 144011 rows, 295.0s
    train-00001-of-00003.parquet group 74: 144111 rows, 295.2s
    train-00001-of-00003.parquet group 75: 144211 rows, 295.4s
    train-00001-of-00003.parquet group 76: 144311 rows, 295.7s
    train-00001-of-00003.parquet group 77: 144411 rows, 295.9s
    train-00001-of-00003.parquet group 78: 144511 rows, 296.1s
    train-00001-of-00003.parquet group 79: 144611 rows, 296.3s
    train-00001-of-00003.parquet group 80: 144711 rows, 296.5s
    train-00001-of-00003.parquet group 81: 144811 rows, 296.7s
    train-00001-of-00003.parquet group 82: 144911 rows, 297.0s
    train-00001-of-00003.parquet group 83: 145011 rows, 297.2s
    train-00001-of-00003.parquet group 84: 145111 rows, 297.4s
    train-00001-of-00003.parquet group 85: 145211 rows, 297.6s
    train-00001-of-00003.parquet group 86: 145311 rows, 297.8s
    train-00001-of-00003.parquet group 87: 145411 rows, 298.0s
    train-00001-of-00003.parquet group 88: 145511 rows, 298.3s
    train-00001-of-00003.parquet group 89: 145611 rows, 298.5s
    train-00001-of-00003.parquet group 90: 145711 rows, 298.7s
    train-00001-of-00003.parquet group 91: 145811 rows, 298.9s
    train-00001-of-00003.parquet group 92: 145911 rows, 299.1s
    train-00001-of-00003.parquet group 93: 146011 rows, 299.3s
    train-00001-of-00003.parquet group 94: 146111 rows, 299.5s
    train-00001-of-00003.parquet group 95: 146211 rows, 299.8s
    train-00001-of-00003.parquet group 96: 146311 rows, 300.0s
    train-00001-of-00003.parquet group 97: 146411 rows, 300.2s
    train-00001-of-00003.parquet group 98: 146511 rows, 300.4s
    train-00001-of-00003.parquet group 99: 146611 rows, 300.7s
    train-00001-of-00003.parquet group 100: 146711 rows, 300.9s
    train-00001-of-00003.parquet group 101: 146811 rows, 301.1s
    train-00001-of-00003.parquet group 102: 146911 rows, 301.4s
    train-00001-of-00003.parquet group 103: 147011 rows, 301.6s
    train-00001-of-00003.parquet group 104: 147111 rows, 301.9s
    train-00001-of-00003.parquet group 105: 147211 rows, 302.1s
    train-00001-of-00003.parquet group 106: 147311 rows, 302.4s
    train-00001-of-00003.parquet group 107: 147411 rows, 302.8s
    train-00001-of-00003.parquet group 108: 147511 rows, 303.1s
    train-00001-of-00003.parquet group 109: 147611 rows, 303.4s
    train-00001-of-00003.parquet group 110: 147711 rows, 303.7s
    train-00001-of-00003.parquet group 111: 147811 rows, 304.2s
    train-00001-of-00003.parquet group 112: 147911 rows, 304.5s
    train-00001-of-00003.parquet group 113: 148011 rows, 304.8s
    train-00001-of-00003.parquet group 114: 148111 rows, 305.2s
    train-00001-of-00003.parquet group 115: 148211 rows, 305.5s
    train-00001-of-00003.parquet group 116: 148311 rows, 305.7s
    train-00001-of-00003.parquet group 117: 148411 rows, 306.0s
    train-00001-of-00003.parquet group 118: 148511 rows, 306.2s
    train-00001-of-00003.parquet group 119: 148611 rows, 306.5s
    train-00001-of-00003.parquet group 120: 148711 rows, 306.7s
    train-00001-of-00003.parquet group 121: 148811 rows, 306.9s
    train-00001-of-00003.parquet group 122: 148911 rows, 307.2s
    train-00001-of-00003.parquet group 123: 149011 rows, 307.4s
    train-00001-of-00003.parquet group 124: 149111 rows, 307.6s
    train-00001-of-00003.parquet group 125: 149211 rows, 307.8s
    train-00001-of-00003.parquet group 126: 149311 rows, 308.1s
    train-00001-of-00003.parquet group 127: 149411 rows, 308.3s
    train-00001-of-00003.parquet group 128: 149511 rows, 308.5s
    train-00001-of-00003.parquet group 129: 149611 rows, 308.8s
    train-00001-of-00003.parquet group 130: 149711 rows, 309.0s
    train-00001-of-00003.parquet group 131: 149811 rows, 309.2s
    train-00001-of-00003.parquet group 132: 149911 rows, 309.5s
    train-00001-of-00003.parquet group 133: 150011 rows, 309.7s
    train-00001-of-00003.parquet group 134: 150111 rows, 309.9s
    train-00001-of-00003.parquet group 135: 150211 rows, 310.1s
    train-00001-of-00003.parquet group 136: 150311 rows, 310.3s
    train-00001-of-00003.parquet group 137: 150411 rows, 310.6s
    train-00001-of-00003.parquet group 138: 150511 rows, 310.8s
    train-00001-of-00003.parquet group 139: 150611 rows, 311.0s
    train-00001-of-00003.parquet group 140: 150711 rows, 311.2s
    train-00001-of-00003.parquet group 141: 150811 rows, 311.5s
    train-00001-of-00003.parquet group 142: 150911 rows, 311.7s
    train-00001-of-00003.parquet group 143: 151011 rows, 311.9s
    train-00001-of-00003.parquet group 144: 151111 rows, 312.2s
    train-00001-of-00003.parquet group 145: 151211 rows, 312.4s
    train-00001-of-00003.parquet group 146: 151311 rows, 312.6s
    train-00001-of-00003.parquet group 147: 151411 rows, 312.8s
    train-00001-of-00003.parquet group 148: 151511 rows, 313.0s
    train-00001-of-00003.parquet group 149: 151611 rows, 313.2s
    train-00001-of-00003.parquet group 150: 151711 rows, 313.4s
    train-00001-of-00003.parquet group 151: 151811 rows, 313.7s
    train-00001-of-00003.parquet group 152: 151911 rows, 313.9s
    train-00001-of-00003.parquet group 153: 152011 rows, 314.1s
    train-00001-of-00003.parquet group 154: 152111 rows, 314.3s
    train-00001-of-00003.parquet group 155: 152211 rows, 314.5s
    train-00001-of-00003.parquet group 156: 152311 rows, 314.7s
    train-00001-of-00003.parquet group 157: 152411 rows, 314.9s
    train-00001-of-00003.parquet group 158: 152511 rows, 315.1s
    train-00001-of-00003.parquet group 159: 152611 rows, 315.4s
    train-00001-of-00003.parquet group 160: 152711 rows, 315.6s
    train-00001-of-00003.parquet group 161: 152811 rows, 315.8s
    train-00001-of-00003.parquet group 162: 152911 rows, 316.0s
    train-00001-of-00003.parquet group 163: 153011 rows, 316.3s
    train-00001-of-00003.parquet group 164: 153111 rows, 316.5s
    train-00001-of-00003.parquet group 165: 153211 rows, 316.7s
    train-00001-of-00003.parquet group 166: 153311 rows, 317.0s
    train-00001-of-00003.parquet group 167: 153411 rows, 317.2s
    train-00001-of-00003.parquet group 168: 153511 rows, 317.5s
    train-00001-of-00003.parquet group 169: 153611 rows, 317.7s
    train-00001-of-00003.parquet group 170: 153711 rows, 317.9s
    train-00001-of-00003.parquet group 171: 153811 rows, 318.1s
    train-00001-of-00003.parquet group 172: 153911 rows, 318.4s
    train-00001-of-00003.parquet group 173: 154011 rows, 318.6s
    train-00001-of-00003.parquet group 174: 154111 rows, 318.9s
    train-00001-of-00003.parquet group 175: 154211 rows, 319.1s
    train-00001-of-00003.parquet group 176: 154311 rows, 319.3s
    train-00001-of-00003.parquet group 177: 154411 rows, 319.6s
    train-00001-of-00003.parquet group 178: 154511 rows, 319.9s
    train-00001-of-00003.parquet group 179: 154611 rows, 320.1s
    train-00001-of-00003.parquet group 180: 154711 rows, 320.4s
    train-00001-of-00003.parquet group 181: 154811 rows, 320.6s
    train-00001-of-00003.parquet group 182: 154911 rows, 320.9s
    train-00001-of-00003.parquet group 183: 155011 rows, 321.2s
    train-00001-of-00003.parquet group 184: 155111 rows, 321.6s
    train-00001-of-00003.parquet group 185: 155211 rows, 321.9s
    train-00001-of-00003.parquet group 186: 155311 rows, 322.2s
    train-00001-of-00003.parquet group 187: 155411 rows, 322.5s
    train-00001-of-00003.parquet group 188: 155511 rows, 322.8s
    train-00001-of-00003.parquet group 189: 155611 rows, 323.1s
    train-00001-of-00003.parquet group 190: 155711 rows, 323.3s
    train-00001-of-00003.parquet group 191: 155811 rows, 323.7s
    train-00001-of-00003.parquet group 192: 155911 rows, 324.0s
    train-00001-of-00003.parquet group 193: 156011 rows, 324.3s
    train-00001-of-00003.parquet group 194: 156111 rows, 324.5s
    train-00001-of-00003.parquet group 195: 156211 rows, 324.7s
    train-00001-of-00003.parquet group 196: 156311 rows, 325.0s
    train-00001-of-00003.parquet group 197: 156411 rows, 325.3s
    train-00001-of-00003.parquet group 198: 156511 rows, 325.5s
    train-00001-of-00003.parquet group 199: 156611 rows, 325.8s
    train-00001-of-00003.parquet group 200: 156711 rows, 326.1s
    train-00001-of-00003.parquet group 201: 156811 rows, 326.4s
    train-00001-of-00003.parquet group 202: 156911 rows, 326.7s
    train-00001-of-00003.parquet group 203: 157011 rows, 327.0s
    train-00001-of-00003.parquet group 204: 157111 rows, 327.3s
    train-00001-of-00003.parquet group 205: 157211 rows, 327.6s
    train-00001-of-00003.parquet group 206: 157311 rows, 327.9s
    train-00001-of-00003.parquet group 207: 157411 rows, 328.2s
    train-00001-of-00003.parquet group 208: 157511 rows, 328.5s
    train-00001-of-00003.parquet group 209: 157611 rows, 328.8s
    train-00001-of-00003.parquet group 210: 157711 rows, 329.1s
    train-00001-of-00003.parquet group 211: 157811 rows, 329.4s
    train-00001-of-00003.parquet group 212: 157911 rows, 329.7s
    train-00001-of-00003.parquet group 213: 158011 rows, 330.0s
    train-00001-of-00003.parquet group 214: 158111 rows, 330.3s
    train-00001-of-00003.parquet group 215: 158211 rows, 330.6s
    train-00001-of-00003.parquet group 216: 158311 rows, 330.9s
    train-00001-of-00003.parquet group 217: 158411 rows, 331.2s
    train-00001-of-00003.parquet group 218: 158511 rows, 331.5s
    train-00001-of-00003.parquet group 219: 158611 rows, 331.9s
    train-00001-of-00003.parquet group 220: 158711 rows, 332.3s
    train-00001-of-00003.parquet group 221: 158811 rows, 332.6s
    train-00001-of-00003.parquet group 222: 158911 rows, 332.9s
    train-00001-of-00003.parquet group 223: 159011 rows, 333.1s
    train-00001-of-00003.parquet group 224: 159111 rows, 333.4s
    train-00001-of-00003.parquet group 225: 159211 rows, 333.7s
    train-00001-of-00003.parquet group 226: 159311 rows, 334.0s
    train-00001-of-00003.parquet group 227: 159411 rows, 334.3s
    train-00001-of-00003.parquet group 228: 159511 rows, 334.6s
    train-00001-of-00003.parquet group 229: 159611 rows, 334.9s
    train-00001-of-00003.parquet group 230: 159711 rows, 335.3s
    train-00001-of-00003.parquet group 231: 159811 rows, 335.6s
    train-00001-of-00003.parquet group 232: 159911 rows, 335.9s
    train-00001-of-00003.parquet group 233: 160011 rows, 336.2s
    train-00001-of-00003.parquet group 234: 160111 rows, 336.5s
    train-00001-of-00003.parquet group 235: 160211 rows, 336.8s
    train-00001-of-00003.parquet group 236: 160311 rows, 337.2s
    train-00001-of-00003.parquet group 237: 160411 rows, 337.5s
    train-00001-of-00003.parquet group 238: 160511 rows, 337.8s
    train-00001-of-00003.parquet group 239: 160611 rows, 338.0s
    train-00001-of-00003.parquet group 240: 160711 rows, 338.3s
    train-00001-of-00003.parquet group 241: 160811 rows, 338.6s
    train-00001-of-00003.parquet group 242: 160911 rows, 338.9s
    train-00001-of-00003.parquet group 243: 161011 rows, 339.2s
    train-00001-of-00003.parquet group 244: 161111 rows, 339.5s
    train-00001-of-00003.parquet group 245: 161211 rows, 339.8s
    train-00001-of-00003.parquet group 246: 161311 rows, 340.1s
    train-00001-of-00003.parquet group 247: 161411 rows, 340.3s
    train-00001-of-00003.parquet group 248: 161511 rows, 340.7s
    train-00001-of-00003.parquet group 249: 161611 rows, 341.0s
    train-00001-of-00003.parquet group 250: 161711 rows, 341.3s
    train-00001-of-00003.parquet group 251: 161811 rows, 341.6s
    train-00001-of-00003.parquet group 252: 161911 rows, 341.8s
    train-00001-of-00003.parquet group 253: 162011 rows, 342.1s
    train-00001-of-00003.parquet group 254: 162111 rows, 342.4s
    train-00001-of-00003.parquet group 255: 162211 rows, 342.7s
    train-00001-of-00003.parquet group 256: 162311 rows, 343.0s
    train-00001-of-00003.parquet group 257: 162411 rows, 343.3s
    train-00001-of-00003.parquet group 258: 162511 rows, 343.6s
    train-00001-of-00003.parquet group 259: 162611 rows, 343.9s
    train-00001-of-00003.parquet group 260: 162711 rows, 344.2s
    train-00001-of-00003.parquet group 261: 162811 rows, 344.5s
    train-00001-of-00003.parquet group 262: 162911 rows, 344.8s
    train-00001-of-00003.parquet group 263: 163011 rows, 345.1s
    train-00001-of-00003.parquet group 264: 163111 rows, 345.4s
    train-00001-of-00003.parquet group 265: 163211 rows, 345.6s
    train-00001-of-00003.parquet group 266: 163311 rows, 345.9s
    train-00001-of-00003.parquet group 267: 163411 rows, 346.2s
    train-00001-of-00003.parquet group 268: 163511 rows, 346.5s
    train-00001-of-00003.parquet group 269: 163611 rows, 346.7s
    train-00001-of-00003.parquet group 270: 163711 rows, 347.0s
    train-00001-of-00003.parquet group 271: 163811 rows, 347.3s
    train-00001-of-00003.parquet group 272: 163911 rows, 347.6s
    train-00001-of-00003.parquet group 273: 164011 rows, 348.1s
    train-00001-of-00003.parquet group 274: 164111 rows, 348.4s
    train-00001-of-00003.parquet group 275: 164211 rows, 348.6s
    train-00001-of-00003.parquet group 276: 164311 rows, 348.9s
    train-00001-of-00003.parquet group 277: 164411 rows, 349.3s
    train-00001-of-00003.parquet group 278: 164511 rows, 349.6s
    train-00001-of-00003.parquet group 279: 164611 rows, 349.9s
    train-00001-of-00003.parquet group 280: 164711 rows, 350.3s
    train-00001-of-00003.parquet group 281: 164811 rows, 350.6s
    train-00001-of-00003.parquet group 282: 164911 rows, 350.8s
    train-00001-of-00003.parquet group 283: 165011 rows, 351.1s
    train-00001-of-00003.parquet group 284: 165111 rows, 351.4s
    train-00001-of-00003.parquet group 285: 165211 rows, 351.7s
    train-00001-of-00003.parquet group 286: 165311 rows, 352.0s
    train-00001-of-00003.parquet group 287: 165411 rows, 352.3s
    train-00001-of-00003.parquet group 288: 165511 rows, 352.6s
    train-00001-of-00003.parquet group 289: 165611 rows, 352.8s
    train-00001-of-00003.parquet group 290: 165711 rows, 353.1s
    train-00001-of-00003.parquet group 291: 165811 rows, 353.4s
    train-00001-of-00003.parquet group 292: 165911 rows, 353.7s
    train-00001-of-00003.parquet group 293: 166011 rows, 353.9s
    train-00001-of-00003.parquet group 294: 166111 rows, 354.2s
    train-00001-of-00003.parquet group 295: 166211 rows, 354.4s
    train-00001-of-00003.parquet group 296: 166311 rows, 354.6s
    train-00001-of-00003.parquet group 297: 166411 rows, 354.9s
    train-00001-of-00003.parquet group 298: 166511 rows, 355.2s
    train-00001-of-00003.parquet group 299: 166611 rows, 355.5s
    train-00001-of-00003.parquet group 300: 166711 rows, 355.8s
    train-00001-of-00003.parquet group 301: 166811 rows, 356.0s
    train-00001-of-00003.parquet group 302: 166911 rows, 356.3s
    train-00001-of-00003.parquet group 303: 167011 rows, 356.6s
    train-00001-of-00003.parquet group 304: 167111 rows, 356.9s
    train-00001-of-00003.parquet group 305: 167211 rows, 357.2s
    train-00001-of-00003.parquet group 306: 167311 rows, 357.4s
    train-00001-of-00003.parquet group 307: 167411 rows, 357.7s
    train-00001-of-00003.parquet group 308: 167511 rows, 358.0s
    train-00001-of-00003.parquet group 309: 167611 rows, 358.3s
    train-00001-of-00003.parquet group 310: 167711 rows, 358.6s
    train-00001-of-00003.parquet group 311: 167811 rows, 358.9s
    train-00001-of-00003.parquet group 312: 167911 rows, 359.2s
    train-00001-of-00003.parquet group 313: 168011 rows, 359.5s
    train-00001-of-00003.parquet group 314: 168111 rows, 359.8s
    train-00001-of-00003.parquet group 315: 168211 rows, 360.0s
    train-00001-of-00003.parquet group 316: 168311 rows, 360.3s
    train-00001-of-00003.parquet group 317: 168411 rows, 360.5s
    train-00001-of-00003.parquet group 318: 168511 rows, 360.8s
    train-00001-of-00003.parquet group 319: 168611 rows, 361.0s
    train-00001-of-00003.parquet group 320: 168711 rows, 361.3s
    train-00001-of-00003.parquet group 321: 168811 rows, 361.5s
    train-00001-of-00003.parquet group 322: 168911 rows, 361.7s
    train-00001-of-00003.parquet group 323: 169011 rows, 362.0s
    train-00001-of-00003.parquet group 324: 169111 rows, 362.3s
    train-00001-of-00003.parquet group 325: 169211 rows, 362.6s
    train-00001-of-00003.parquet group 326: 169311 rows, 362.9s
    train-00001-of-00003.parquet group 327: 169411 rows, 363.2s
    train-00001-of-00003.parquet group 328: 169511 rows, 363.5s
    train-00001-of-00003.parquet group 329: 169611 rows, 363.7s
    train-00001-of-00003.parquet group 330: 169711 rows, 364.0s
    train-00001-of-00003.parquet group 331: 169811 rows, 364.4s
    train-00001-of-00003.parquet group 332: 169911 rows, 364.6s
    train-00001-of-00003.parquet group 333: 170011 rows, 364.9s
    train-00001-of-00003.parquet group 334: 170111 rows, 365.2s
    train-00001-of-00003.parquet group 335: 170211 rows, 365.5s
    train-00001-of-00003.parquet group 336: 170311 rows, 365.9s
    train-00001-of-00003.parquet group 337: 170411 rows, 366.2s
    train-00001-of-00003.parquet group 338: 170511 rows, 366.4s
    train-00001-of-00003.parquet group 339: 170611 rows, 366.7s
    train-00001-of-00003.parquet group 340: 170711 rows, 367.0s
    train-00001-of-00003.parquet group 341: 170811 rows, 367.3s
    train-00001-of-00003.parquet group 342: 170911 rows, 367.6s
    train-00001-of-00003.parquet group 343: 171011 rows, 367.9s
    train-00001-of-00003.parquet group 344: 171111 rows, 368.1s
    train-00001-of-00003.parquet group 345: 171211 rows, 368.4s
    train-00001-of-00003.parquet group 346: 171311 rows, 368.7s
    train-00001-of-00003.parquet group 347: 171411 rows, 368.9s
    train-00001-of-00003.parquet group 348: 171511 rows, 369.2s
    train-00001-of-00003.parquet group 349: 171611 rows, 369.4s
    train-00001-of-00003.parquet group 350: 171711 rows, 369.7s
    train-00001-of-00003.parquet group 351: 171811 rows, 370.0s
    train-00001-of-00003.parquet group 352: 171911 rows, 370.3s
    train-00001-of-00003.parquet group 353: 172011 rows, 370.6s
    train-00001-of-00003.parquet group 354: 172111 rows, 370.8s
    train-00001-of-00003.parquet group 355: 172211 rows, 371.2s
    train-00001-of-00003.parquet group 356: 172311 rows, 371.4s
    train-00001-of-00003.parquet group 357: 172411 rows, 371.7s
    train-00001-of-00003.parquet group 358: 172511 rows, 372.0s
    train-00001-of-00003.parquet group 359: 172611 rows, 372.3s
    train-00001-of-00003.parquet group 360: 172711 rows, 372.7s
    train-00001-of-00003.parquet group 361: 172811 rows, 372.9s
    train-00001-of-00003.parquet group 362: 172911 rows, 373.2s
    train-00001-of-00003.parquet group 363: 173011 rows, 373.4s
    train-00001-of-00003.parquet group 364: 173111 rows, 373.7s
    train-00001-of-00003.parquet group 365: 173211 rows, 374.0s
    train-00001-of-00003.parquet group 366: 173311 rows, 374.3s
    train-00001-of-00003.parquet group 367: 173411 rows, 374.6s
    train-00001-of-00003.parquet group 368: 173511 rows, 374.9s
    train-00001-of-00003.parquet group 369: 173611 rows, 375.3s
    train-00001-of-00003.parquet group 370: 173711 rows, 375.6s
    train-00001-of-00003.parquet group 371: 173811 rows, 376.0s
    train-00001-of-00003.parquet group 372: 173911 rows, 376.2s
    train-00001-of-00003.parquet group 373: 174011 rows, 376.5s
    train-00001-of-00003.parquet group 374: 174111 rows, 376.8s
    train-00001-of-00003.parquet group 375: 174211 rows, 377.1s
    train-00001-of-00003.parquet group 376: 174311 rows, 377.4s
    train-00001-of-00003.parquet group 377: 174411 rows, 377.7s
    train-00001-of-00003.parquet group 378: 174511 rows, 378.1s
    train-00001-of-00003.parquet group 379: 174611 rows, 378.4s
    train-00001-of-00003.parquet group 380: 174711 rows, 378.7s
    train-00001-of-00003.parquet group 381: 174811 rows, 379.0s
    train-00001-of-00003.parquet group 382: 174911 rows, 379.3s
    train-00001-of-00003.parquet group 383: 175011 rows, 379.6s
    train-00001-of-00003.parquet group 384: 175111 rows, 379.9s
    train-00001-of-00003.parquet group 385: 175211 rows, 380.2s
    train-00001-of-00003.parquet group 386: 175311 rows, 380.4s
    train-00001-of-00003.parquet group 387: 175411 rows, 380.7s
    train-00001-of-00003.parquet group 388: 175511 rows, 381.1s
    train-00001-of-00003.parquet group 389: 175611 rows, 381.4s
    train-00001-of-00003.parquet group 390: 175711 rows, 381.7s
    train-00001-of-00003.parquet group 391: 175811 rows, 382.0s
    train-00001-of-00003.parquet group 392: 175911 rows, 382.3s
    train-00001-of-00003.parquet group 393: 176011 rows, 382.6s
    train-00001-of-00003.parquet group 394: 176111 rows, 382.9s
    train-00001-of-00003.parquet group 395: 176211 rows, 383.1s
    train-00001-of-00003.parquet group 396: 176311 rows, 383.4s
    train-00001-of-00003.parquet group 397: 176411 rows, 383.7s
    train-00001-of-00003.parquet group 398: 176511 rows, 383.9s
    train-00001-of-00003.parquet group 399: 176611 rows, 384.2s
    train-00001-of-00003.parquet group 400: 176711 rows, 384.5s
    train-00001-of-00003.parquet group 401: 176811 rows, 384.8s
    train-00001-of-00003.parquet group 402: 176911 rows, 385.1s
    train-00001-of-00003.parquet group 403: 177011 rows, 385.4s
    train-00001-of-00003.parquet group 404: 177111 rows, 385.8s
    train-00001-of-00003.parquet group 405: 177211 rows, 386.2s
    train-00001-of-00003.parquet group 406: 177311 rows, 386.5s
    train-00001-of-00003.parquet group 407: 177411 rows, 386.7s
    train-00001-of-00003.parquet group 408: 177511 rows, 387.0s
    train-00001-of-00003.parquet group 409: 177611 rows, 387.4s
    train-00001-of-00003.parquet group 410: 177711 rows, 387.7s
    train-00001-of-00003.parquet group 411: 177811 rows, 388.0s
    train-00001-of-00003.parquet group 412: 177911 rows, 388.3s
    train-00001-of-00003.parquet group 413: 178011 rows, 388.6s
    train-00001-of-00003.parquet group 414: 178111 rows, 388.8s
    train-00001-of-00003.parquet group 415: 178211 rows, 389.1s
    train-00001-of-00003.parquet group 416: 178311 rows, 389.4s
    train-00001-of-00003.parquet group 417: 178411 rows, 389.7s
    train-00001-of-00003.parquet group 418: 178511 rows, 390.1s
    train-00001-of-00003.parquet group 419: 178611 rows, 390.4s
    train-00001-of-00003.parquet group 420: 178711 rows, 390.7s
    train-00001-of-00003.parquet group 421: 178811 rows, 391.0s
    train-00001-of-00003.parquet group 422: 178911 rows, 391.2s
    train-00001-of-00003.parquet group 423: 179011 rows, 391.5s
    train-00001-of-00003.parquet group 424: 179111 rows, 391.8s
    train-00001-of-00003.parquet group 425: 179211 rows, 392.1s
    train-00001-of-00003.parquet group 426: 179311 rows, 392.4s
    train-00001-of-00003.parquet group 427: 179411 rows, 392.6s
    train-00001-of-00003.parquet group 428: 179511 rows, 392.9s
    train-00001-of-00003.parquet group 429: 179611 rows, 393.1s
    train-00001-of-00003.parquet group 430: 179711 rows, 393.3s
    train-00001-of-00003.parquet group 431: 179811 rows, 393.5s
    train-00001-of-00003.parquet group 432: 179911 rows, 393.8s
    train-00001-of-00003.parquet group 433: 180011 rows, 394.0s
    train-00001-of-00003.parquet group 434: 180111 rows, 394.3s
    train-00001-of-00003.parquet group 435: 180211 rows, 394.7s
    train-00001-of-00003.parquet group 436: 180311 rows, 395.0s
    train-00001-of-00003.parquet group 437: 180411 rows, 395.3s
    train-00001-of-00003.parquet group 438: 180511 rows, 395.6s
    train-00001-of-00003.parquet group 439: 180611 rows, 395.9s
    train-00001-of-00003.parquet group 440: 180711 rows, 396.1s
    train-00001-of-00003.parquet group 441: 180811 rows, 396.4s
    train-00001-of-00003.parquet group 442: 180911 rows, 396.6s
    train-00001-of-00003.parquet group 443: 181011 rows, 396.8s
    train-00001-of-00003.parquet group 444: 181111 rows, 397.1s
    train-00001-of-00003.parquet group 445: 181211 rows, 397.4s
    train-00001-of-00003.parquet group 446: 181311 rows, 397.8s
    train-00001-of-00003.parquet group 447: 181411 rows, 398.0s
    train-00001-of-00003.parquet group 448: 181511 rows, 398.4s
    train-00001-of-00003.parquet group 449: 181611 rows, 398.7s
    train-00001-of-00003.parquet group 450: 181711 rows, 399.0s
    train-00001-of-00003.parquet group 451: 181811 rows, 399.3s
    train-00001-of-00003.parquet group 452: 181911 rows, 399.7s
    train-00001-of-00003.parquet group 453: 182011 rows, 400.0s
    train-00001-of-00003.parquet group 454: 182111 rows, 400.3s
    train-00001-of-00003.parquet group 455: 182211 rows, 400.6s
    train-00001-of-00003.parquet group 456: 182311 rows, 401.0s
    train-00001-of-00003.parquet group 457: 182411 rows, 401.4s
    train-00001-of-00003.parquet group 458: 182511 rows, 401.7s
    train-00001-of-00003.parquet group 459: 182611 rows, 402.0s
    train-00001-of-00003.parquet group 460: 182711 rows, 402.4s
    train-00001-of-00003.parquet group 461: 182811 rows, 402.8s
    train-00001-of-00003.parquet group 462: 182911 rows, 403.1s
    train-00001-of-00003.parquet group 463: 183011 rows, 403.5s
    train-00001-of-00003.parquet group 464: 183111 rows, 403.7s
    train-00001-of-00003.parquet group 465: 183211 rows, 404.0s
    train-00001-of-00003.parquet group 466: 183311 rows, 404.3s
    train-00001-of-00003.parquet group 467: 183411 rows, 404.6s
    train-00001-of-00003.parquet group 468: 183511 rows, 404.9s
    train-00001-of-00003.parquet group 469: 183611 rows, 405.2s
    train-00001-of-00003.parquet group 470: 183711 rows, 405.5s
    train-00001-of-00003.parquet group 471: 183811 rows, 405.9s
    train-00001-of-00003.parquet group 472: 183911 rows, 406.2s
    train-00001-of-00003.parquet group 473: 184011 rows, 406.5s
    train-00001-of-00003.parquet group 474: 184111 rows, 406.8s
    train-00001-of-00003.parquet group 475: 184211 rows, 407.1s
    train-00001-of-00003.parquet group 476: 184311 rows, 407.3s
    train-00001-of-00003.parquet group 477: 184411 rows, 407.6s
    train-00001-of-00003.parquet group 478: 184511 rows, 407.8s
    train-00001-of-00003.parquet group 479: 184611 rows, 408.1s
    train-00001-of-00003.parquet group 480: 184711 rows, 408.5s
    train-00001-of-00003.parquet group 481: 184811 rows, 408.8s
    train-00001-of-00003.parquet group 482: 184911 rows, 409.1s
    train-00001-of-00003.parquet group 483: 185011 rows, 409.4s
    train-00001-of-00003.parquet group 484: 185111 rows, 409.7s
    train-00001-of-00003.parquet group 485: 185211 rows, 410.0s
    train-00001-of-00003.parquet group 486: 185311 rows, 410.3s
    train-00001-of-00003.parquet group 487: 185411 rows, 410.7s
    train-00001-of-00003.parquet group 488: 185511 rows, 410.9s
    train-00001-of-00003.parquet group 489: 185611 rows, 411.2s
    train-00001-of-00003.parquet group 490: 185711 rows, 411.5s
    train-00001-of-00003.parquet group 491: 185811 rows, 411.8s
    train-00001-of-00003.parquet group 492: 185911 rows, 412.1s
    train-00001-of-00003.parquet group 493: 186011 rows, 412.4s
    train-00001-of-00003.parquet group 494: 186111 rows, 412.8s
    train-00001-of-00003.parquet group 495: 186211 rows, 413.2s
    train-00001-of-00003.parquet group 496: 186311 rows, 413.5s
    train-00001-of-00003.parquet group 497: 186411 rows, 413.8s
    train-00001-of-00003.parquet group 498: 186511 rows, 414.3s
    train-00001-of-00003.parquet group 499: 186611 rows, 414.6s
    train-00001-of-00003.parquet group 500: 186711 rows, 414.9s
    train-00001-of-00003.parquet group 501: 186811 rows, 415.2s
    train-00001-of-00003.parquet group 502: 186911 rows, 415.6s
    train-00001-of-00003.parquet group 503: 187011 rows, 415.9s
    train-00001-of-00003.parquet group 504: 187111 rows, 416.2s
    train-00001-of-00003.parquet group 505: 187211 rows, 416.5s
    train-00001-of-00003.parquet group 506: 187311 rows, 416.8s
    train-00001-of-00003.parquet group 507: 187411 rows, 417.1s
    train-00001-of-00003.parquet group 508: 187511 rows, 417.4s
    train-00001-of-00003.parquet group 509: 187611 rows, 417.7s
    train-00001-of-00003.parquet group 510: 187711 rows, 418.0s
    train-00001-of-00003.parquet group 511: 187811 rows, 418.3s
    train-00001-of-00003.parquet group 512: 187911 rows, 418.6s
    train-00001-of-00003.parquet group 513: 188011 rows, 418.9s
    train-00001-of-00003.parquet group 514: 188111 rows, 419.2s
    train-00001-of-00003.parquet group 515: 188211 rows, 419.5s
    train-00001-of-00003.parquet group 516: 188311 rows, 419.7s
    train-00001-of-00003.parquet group 517: 188411 rows, 420.0s
    train-00001-of-00003.parquet group 518: 188511 rows, 420.3s
    train-00001-of-00003.parquet group 519: 188611 rows, 420.6s
    train-00001-of-00003.parquet group 520: 188711 rows, 420.9s
    train-00001-of-00003.parquet group 521: 188811 rows, 421.2s
    train-00001-of-00003.parquet group 522: 188911 rows, 421.5s
    train-00001-of-00003.parquet group 523: 189011 rows, 421.8s
    train-00001-of-00003.parquet group 524: 189111 rows, 422.0s
    train-00001-of-00003.parquet group 525: 189211 rows, 422.3s
    train-00001-of-00003.parquet group 526: 189311 rows, 422.6s
    train-00001-of-00003.parquet group 527: 189411 rows, 423.0s
    train-00001-of-00003.parquet group 528: 189511 rows, 423.2s
    train-00001-of-00003.parquet group 529: 189611 rows, 423.5s
    train-00001-of-00003.parquet group 530: 189711 rows, 423.9s
    train-00001-of-00003.parquet group 531: 189811 rows, 424.2s
    train-00001-of-00003.parquet group 532: 189911 rows, 424.5s
    train-00001-of-00003.parquet group 533: 190011 rows, 424.7s
    train-00001-of-00003.parquet group 534: 190111 rows, 425.0s
    train-00001-of-00003.parquet group 535: 190211 rows, 425.2s
    train-00001-of-00003.parquet group 536: 190311 rows, 425.5s
    train-00001-of-00003.parquet group 537: 190411 rows, 425.7s
    train-00001-of-00003.parquet group 538: 190511 rows, 425.9s
    train-00001-of-00003.parquet group 539: 190611 rows, 426.1s
    train-00001-of-00003.parquet group 540: 190711 rows, 426.4s
    train-00001-of-00003.parquet group 541: 190811 rows, 426.6s
    train-00001-of-00003.parquet group 542: 190911 rows, 426.8s
    train-00001-of-00003.parquet group 543: 191011 rows, 427.1s
    train-00001-of-00003.parquet group 544: 191111 rows, 427.3s
    train-00001-of-00003.parquet group 545: 191211 rows, 427.5s
    train-00001-of-00003.parquet group 546: 191311 rows, 427.7s
    train-00001-of-00003.parquet group 547: 191411 rows, 427.9s
    train-00001-of-00003.parquet group 548: 191511 rows, 428.1s
    train-00001-of-00003.parquet group 549: 191611 rows, 428.4s
    train-00001-of-00003.parquet group 550: 191711 rows, 428.6s
    train-00001-of-00003.parquet group 551: 191811 rows, 428.8s
    train-00001-of-00003.parquet group 552: 191911 rows, 429.0s
    train-00001-of-00003.parquet group 553: 192011 rows, 429.2s
    train-00001-of-00003.parquet group 554: 192111 rows, 429.5s
    train-00001-of-00003.parquet group 555: 192211 rows, 429.7s
    train-00001-of-00003.parquet group 556: 192311 rows, 429.9s
    train-00001-of-00003.parquet group 557: 192411 rows, 430.2s
    train-00001-of-00003.parquet group 558: 192511 rows, 430.4s
    train-00001-of-00003.parquet group 559: 192611 rows, 430.6s
    train-00001-of-00003.parquet group 560: 192711 rows, 430.8s
    train-00001-of-00003.parquet group 561: 192811 rows, 431.1s
    train-00001-of-00003.parquet group 562: 192911 rows, 431.3s
    train-00001-of-00003.parquet group 563: 193011 rows, 431.5s
    train-00001-of-00003.parquet group 564: 193111 rows, 431.7s
    train-00001-of-00003.parquet group 565: 193211 rows, 431.9s
    train-00001-of-00003.parquet group 566: 193311 rows, 432.2s
    train-00001-of-00003.parquet group 567: 193411 rows, 432.4s
    train-00001-of-00003.parquet group 568: 193511 rows, 432.6s
    train-00001-of-00003.parquet group 569: 193611 rows, 432.8s
    train-00001-of-00003.parquet group 570: 193711 rows, 433.0s
    train-00001-of-00003.parquet group 571: 193811 rows, 433.2s
    train-00001-of-00003.parquet group 572: 193911 rows, 433.5s
    train-00001-of-00003.parquet group 573: 194011 rows, 433.7s
    train-00001-of-00003.parquet group 574: 194111 rows, 433.9s
    train-00001-of-00003.parquet group 575: 194211 rows, 434.2s
    train-00001-of-00003.parquet group 576: 194311 rows, 434.4s
    train-00001-of-00003.parquet group 577: 194411 rows, 434.6s
    train-00001-of-00003.parquet group 578: 194511 rows, 434.9s
    train-00001-of-00003.parquet group 579: 194611 rows, 435.1s
    train-00001-of-00003.parquet group 580: 194711 rows, 435.3s
    train-00001-of-00003.parquet group 581: 194811 rows, 435.5s
    train-00001-of-00003.parquet group 582: 194911 rows, 435.8s
    train-00001-of-00003.parquet group 583: 195011 rows, 436.0s
    train-00001-of-00003.parquet group 584: 195111 rows, 436.2s
    train-00001-of-00003.parquet group 585: 195211 rows, 436.5s
    train-00001-of-00003.parquet group 586: 195311 rows, 436.7s
    train-00001-of-00003.parquet group 587: 195411 rows, 436.9s
    train-00001-of-00003.parquet group 588: 195511 rows, 437.2s
    train-00001-of-00003.parquet group 589: 195611 rows, 437.4s
    train-00001-of-00003.parquet group 590: 195711 rows, 437.6s
    train-00001-of-00003.parquet group 591: 195811 rows, 437.8s
    train-00001-of-00003.parquet group 592: 195911 rows, 438.1s
    train-00001-of-00003.parquet group 593: 196011 rows, 438.3s
    train-00001-of-00003.parquet group 594: 196111 rows, 438.5s
    train-00001-of-00003.parquet group 595: 196211 rows, 438.8s
    train-00001-of-00003.parquet group 596: 196311 rows, 439.0s
    train-00001-of-00003.parquet group 597: 196411 rows, 439.2s
    train-00001-of-00003.parquet group 598: 196511 rows, 439.5s
    train-00001-of-00003.parquet group 599: 196611 rows, 439.7s
    train-00001-of-00003.parquet group 600: 196711 rows, 439.9s
    train-00001-of-00003.parquet group 601: 196811 rows, 440.2s
    train-00001-of-00003.parquet group 602: 196911 rows, 440.4s
    train-00001-of-00003.parquet group 603: 197011 rows, 440.6s
    train-00001-of-00003.parquet group 604: 197111 rows, 440.8s
    train-00001-of-00003.parquet group 605: 197211 rows, 441.1s
    train-00001-of-00003.parquet group 606: 197311 rows, 441.3s
    train-00001-of-00003.parquet group 607: 197411 rows, 441.5s
    train-00001-of-00003.parquet group 608: 197511 rows, 441.8s
    train-00001-of-00003.parquet group 609: 197611 rows, 442.0s
    train-00001-of-00003.parquet group 610: 197711 rows, 442.2s
    train-00001-of-00003.parquet group 611: 197811 rows, 442.5s
    train-00001-of-00003.parquet group 612: 197911 rows, 442.7s
    train-00001-of-00003.parquet group 613: 198011 rows, 442.9s
    train-00001-of-00003.parquet group 614: 198111 rows, 443.1s
    train-00001-of-00003.parquet group 615: 198211 rows, 443.4s
    train-00001-of-00003.parquet group 616: 198311 rows, 443.6s
    train-00001-of-00003.parquet group 617: 198411 rows, 443.9s
    train-00001-of-00003.parquet group 618: 198511 rows, 444.1s
    train-00001-of-00003.parquet group 619: 198611 rows, 444.3s
    train-00001-of-00003.parquet group 620: 198711 rows, 444.6s
    train-00001-of-00003.parquet group 621: 198811 rows, 444.8s
    train-00001-of-00003.parquet group 622: 198911 rows, 445.0s
    train-00001-of-00003.parquet group 623: 199011 rows, 445.2s
    train-00001-of-00003.parquet group 624: 199111 rows, 445.5s
    train-00001-of-00003.parquet group 625: 199211 rows, 445.7s
    train-00001-of-00003.parquet group 626: 199311 rows, 446.0s
    train-00001-of-00003.parquet group 627: 199411 rows, 446.2s
    train-00001-of-00003.parquet group 628: 199511 rows, 446.4s
    train-00001-of-00003.parquet group 629: 199611 rows, 446.6s
    train-00001-of-00003.parquet group 630: 199711 rows, 446.9s
    train-00001-of-00003.parquet group 631: 199811 rows, 447.1s
    train-00001-of-00003.parquet group 632: 199911 rows, 447.3s
    train-00001-of-00003.parquet group 633: 200011 rows, 447.6s
    train-00001-of-00003.parquet group 634: 200111 rows, 447.8s
    train-00001-of-00003.parquet group 635: 200211 rows, 448.0s
    train-00001-of-00003.parquet group 636: 200311 rows, 448.3s
    train-00001-of-00003.parquet group 637: 200411 rows, 448.5s
    train-00001-of-00003.parquet group 638: 200511 rows, 448.7s
    train-00001-of-00003.parquet group 639: 200611 rows, 449.0s
    train-00001-of-00003.parquet group 640: 200711 rows, 449.2s
    train-00001-of-00003.parquet group 641: 200811 rows, 449.5s
    train-00001-of-00003.parquet group 642: 200911 rows, 449.7s
    train-00001-of-00003.parquet group 643: 201011 rows, 449.9s
    train-00001-of-00003.parquet group 644: 201111 rows, 450.2s
    train-00001-of-00003.parquet group 645: 201211 rows, 450.4s
    train-00001-of-00003.parquet group 646: 201311 rows, 450.6s
    train-00001-of-00003.parquet group 647: 201411 rows, 450.8s
    train-00001-of-00003.parquet group 648: 201511 rows, 451.1s
    train-00001-of-00003.parquet group 649: 201611 rows, 451.3s
    train-00001-of-00003.parquet group 650: 201711 rows, 451.5s
    train-00001-of-00003.parquet group 651: 201811 rows, 451.7s
    train-00001-of-00003.parquet group 652: 201911 rows, 452.0s
    train-00001-of-00003.parquet group 653: 202011 rows, 452.2s
    train-00001-of-00003.parquet group 654: 202111 rows, 452.4s
    train-00001-of-00003.parquet group 655: 202211 rows, 452.6s
    train-00001-of-00003.parquet group 656: 202311 rows, 452.8s
    train-00001-of-00003.parquet group 657: 202411 rows, 453.1s
    train-00001-of-00003.parquet group 658: 202511 rows, 453.3s
    train-00001-of-00003.parquet group 659: 202611 rows, 453.5s
    train-00001-of-00003.parquet group 660: 202711 rows, 453.7s
    train-00001-of-00003.parquet group 661: 202811 rows, 454.0s
    train-00001-of-00003.parquet group 662: 202911 rows, 454.2s
    train-00001-of-00003.parquet group 663: 203011 rows, 454.4s
    train-00001-of-00003.parquet group 664: 203111 rows, 454.7s
    train-00001-of-00003.parquet group 665: 203211 rows, 454.9s
    train-00001-of-00003.parquet group 666: 203311 rows, 455.1s
    train-00001-of-00003.parquet group 667: 203411 rows, 455.3s
    train-00001-of-00003.parquet group 668: 203511 rows, 455.5s
    train-00001-of-00003.parquet group 669: 203611 rows, 455.7s
    train-00001-of-00003.parquet group 670: 203711 rows, 456.0s
    train-00001-of-00003.parquet group 671: 203811 rows, 456.2s
    train-00001-of-00003.parquet group 672: 203911 rows, 456.4s
    train-00001-of-00003.parquet group 673: 204011 rows, 456.6s
    train-00001-of-00003.parquet group 674: 204111 rows, 456.9s
    train-00001-of-00003.parquet group 675: 204211 rows, 457.1s
    train-00001-of-00003.parquet group 676: 204311 rows, 457.3s
    train-00001-of-00003.parquet group 677: 204411 rows, 457.5s
    train-00001-of-00003.parquet group 678: 204511 rows, 457.8s
    train-00001-of-00003.parquet group 679: 204611 rows, 458.0s
    train-00001-of-00003.parquet group 680: 204711 rows, 458.2s
    train-00001-of-00003.parquet group 681: 204811 rows, 458.4s
    train-00001-of-00003.parquet group 682: 204911 rows, 458.6s
    train-00001-of-00003.parquet group 683: 205011 rows, 458.9s
    train-00001-of-00003.parquet group 684: 205111 rows, 459.1s
    train-00001-of-00003.parquet group 685: 205211 rows, 459.3s
    train-00001-of-00003.parquet group 686: 205311 rows, 459.6s
    train-00001-of-00003.parquet group 687: 205411 rows, 459.8s
    train-00001-of-00003.parquet group 688: 205511 rows, 460.0s
    train-00001-of-00003.parquet group 689: 205611 rows, 460.2s
    train-00001-of-00003.parquet group 690: 205711 rows, 460.5s
    train-00001-of-00003.parquet group 691: 205811 rows, 460.7s
    train-00001-of-00003.parquet group 692: 205911 rows, 461.0s
    train-00001-of-00003.parquet group 693: 206011 rows, 461.2s
    train-00001-of-00003.parquet group 694: 206111 rows, 461.4s
    train-00001-of-00003.parquet group 695: 206211 rows, 461.6s
    train-00001-of-00003.parquet group 696: 206311 rows, 461.8s
    train-00001-of-00003.parquet group 697: 206411 rows, 462.1s
    train-00001-of-00003.parquet group 698: 206511 rows, 462.3s
    train-00001-of-00003.parquet group 699: 206611 rows, 462.5s
    train-00001-of-00003.parquet group 700: 206711 rows, 462.8s
    train-00001-of-00003.parquet group 701: 206811 rows, 463.0s
    train-00001-of-00003.parquet group 702: 206911 rows, 463.2s
    train-00001-of-00003.parquet group 703: 207011 rows, 463.4s
    train-00001-of-00003.parquet group 704: 207111 rows, 463.6s
    train-00001-of-00003.parquet group 705: 207211 rows, 463.9s
    train-00001-of-00003.parquet group 706: 207311 rows, 464.1s
    train-00001-of-00003.parquet group 707: 207411 rows, 464.3s
    train-00001-of-00003.parquet group 708: 207511 rows, 464.6s
    train-00001-of-00003.parquet group 709: 207611 rows, 464.8s
    train-00001-of-00003.parquet group 710: 207711 rows, 465.0s
    train-00001-of-00003.parquet group 711: 207811 rows, 465.2s
    train-00001-of-00003.parquet group 712: 207911 rows, 465.5s
    train-00001-of-00003.parquet group 713: 208011 rows, 465.7s
    train-00001-of-00003.parquet group 714: 208111 rows, 465.9s
    train-00001-of-00003.parquet group 715: 208211 rows, 466.1s
    train-00001-of-00003.parquet group 716: 208311 rows, 466.4s
    train-00001-of-00003.parquet group 717: 208411 rows, 466.6s
    train-00001-of-00003.parquet group 718: 208511 rows, 466.8s
    train-00001-of-00003.parquet group 719: 208611 rows, 467.0s
    train-00001-of-00003.parquet group 720: 208711 rows, 467.3s
    train-00001-of-00003.parquet group 721: 208811 rows, 467.5s
    train-00001-of-00003.parquet group 722: 208911 rows, 467.7s
    train-00001-of-00003.parquet group 723: 209011 rows, 467.9s
    train-00001-of-00003.parquet group 724: 209111 rows, 468.2s
    train-00001-of-00003.parquet group 725: 209211 rows, 468.4s
    train-00001-of-00003.parquet group 726: 209311 rows, 468.6s
    train-00001-of-00003.parquet group 727: 209411 rows, 468.9s
    train-00001-of-00003.parquet group 728: 209511 rows, 469.1s
    train-00001-of-00003.parquet group 729: 209611 rows, 469.3s
    train-00001-of-00003.parquet group 730: 209711 rows, 469.6s
    train-00001-of-00003.parquet group 731: 209811 rows, 469.8s
    train-00001-of-00003.parquet group 732: 209911 rows, 470.0s
    train-00001-of-00003.parquet group 733: 210011 rows, 470.3s
    train-00001-of-00003.parquet group 734: 210111 rows, 470.5s
    train-00001-of-00003.parquet group 735: 210211 rows, 470.8s
    train-00001-of-00003.parquet group 736: 210311 rows, 471.0s
    train-00001-of-00003.parquet group 737: 210411 rows, 471.2s
    train-00001-of-00003.parquet group 738: 210511 rows, 471.4s
    train-00001-of-00003.parquet group 739: 210611 rows, 471.6s
    train-00001-of-00003.parquet group 740: 210711 rows, 471.9s
    train-00001-of-00003.parquet group 741: 210811 rows, 472.1s
    train-00001-of-00003.parquet group 742: 210911 rows, 472.3s
    train-00001-of-00003.parquet group 743: 211011 rows, 472.5s
    train-00001-of-00003.parquet group 744: 211111 rows, 472.7s
    train-00001-of-00003.parquet group 745: 211211 rows, 473.0s
    train-00001-of-00003.parquet group 746: 211311 rows, 473.2s
    train-00001-of-00003.parquet group 747: 211411 rows, 473.4s
    train-00001-of-00003.parquet group 748: 211511 rows, 473.6s
    train-00001-of-00003.parquet group 749: 211611 rows, 473.9s
    train-00001-of-00003.parquet group 750: 211711 rows, 474.1s
    train-00001-of-00003.parquet group 751: 211811 rows, 474.3s
    train-00001-of-00003.parquet group 752: 211911 rows, 474.5s
    train-00001-of-00003.parquet group 753: 212011 rows, 474.7s
    train-00001-of-00003.parquet group 754: 212111 rows, 475.0s
    train-00001-of-00003.parquet group 755: 212211 rows, 475.2s
    train-00001-of-00003.parquet group 756: 212311 rows, 475.4s
    train-00001-of-00003.parquet group 757: 212411 rows, 475.6s
    train-00001-of-00003.parquet group 758: 212511 rows, 475.9s
    train-00001-of-00003.parquet group 759: 212611 rows, 476.1s
    train-00001-of-00003.parquet group 760: 212711 rows, 476.4s
    train-00001-of-00003.parquet group 761: 212811 rows, 476.6s
    train-00001-of-00003.parquet group 762: 212911 rows, 476.8s
    train-00001-of-00003.parquet group 763: 213011 rows, 477.1s
    train-00001-of-00003.parquet group 764: 213111 rows, 477.3s
    train-00001-of-00003.parquet group 765: 213211 rows, 477.5s
    train-00001-of-00003.parquet group 766: 213311 rows, 477.7s
    train-00001-of-00003.parquet group 767: 213411 rows, 478.0s
    train-00001-of-00003.parquet group 768: 213511 rows, 478.2s
    train-00001-of-00003.parquet group 769: 213611 rows, 478.4s
    train-00001-of-00003.parquet group 770: 213711 rows, 478.7s
    train-00001-of-00003.parquet group 771: 213811 rows, 478.9s
    train-00001-of-00003.parquet group 772: 213911 rows, 479.1s
    train-00001-of-00003.parquet group 773: 214011 rows, 479.4s
    train-00001-of-00003.parquet group 774: 214111 rows, 479.6s
    train-00001-of-00003.parquet group 775: 214211 rows, 479.9s
    train-00001-of-00003.parquet group 776: 214311 rows, 480.1s
    train-00001-of-00003.parquet group 777: 214411 rows, 480.4s
    train-00001-of-00003.parquet group 778: 214511 rows, 480.6s
    train-00001-of-00003.parquet group 779: 214611 rows, 480.9s
    train-00001-of-00003.parquet group 780: 214711 rows, 481.1s
    train-00001-of-00003.parquet group 781: 214811 rows, 481.4s
    train-00001-of-00003.parquet group 782: 214911 rows, 481.6s
    train-00001-of-00003.parquet group 783: 215011 rows, 481.9s
    train-00001-of-00003.parquet group 784: 215111 rows, 482.2s
    train-00001-of-00003.parquet group 785: 215211 rows, 482.4s
    train-00001-of-00003.parquet group 786: 215311 rows, 482.7s
    train-00001-of-00003.parquet group 787: 215411 rows, 483.0s
    train-00001-of-00003.parquet group 788: 215511 rows, 483.2s
    train-00001-of-00003.parquet group 789: 215611 rows, 483.4s
    train-00001-of-00003.parquet group 790: 215711 rows, 483.7s
    train-00001-of-00003.parquet group 791: 215811 rows, 484.0s
    train-00001-of-00003.parquet group 792: 215911 rows, 484.2s
    train-00001-of-00003.parquet group 793: 216011 rows, 484.5s
    train-00001-of-00003.parquet group 794: 216111 rows, 484.7s
    train-00001-of-00003.parquet group 795: 216211 rows, 485.0s
    train-00001-of-00003.parquet group 796: 216311 rows, 485.2s
    train-00001-of-00003.parquet group 797: 216411 rows, 485.5s
    train-00001-of-00003.parquet group 798: 216511 rows, 485.7s
    train-00001-of-00003.parquet group 799: 216611 rows, 485.9s
    train-00001-of-00003.parquet group 800: 216711 rows, 486.2s
    train-00001-of-00003.parquet group 801: 216811 rows, 486.4s
    train-00001-of-00003.parquet group 802: 216911 rows, 486.6s
    train-00001-of-00003.parquet group 803: 217011 rows, 486.8s
    train-00001-of-00003.parquet group 804: 217111 rows, 487.0s
    train-00001-of-00003.parquet group 805: 217211 rows, 487.3s
    train-00001-of-00003.parquet group 806: 217311 rows, 487.5s
    train-00001-of-00003.parquet group 807: 217411 rows, 487.7s
    train-00001-of-00003.parquet group 808: 217511 rows, 487.9s
    train-00001-of-00003.parquet group 809: 217611 rows, 488.2s
    train-00001-of-00003.parquet group 810: 217711 rows, 488.4s
    train-00001-of-00003.parquet group 811: 217811 rows, 488.6s
    train-00001-of-00003.parquet group 812: 217911 rows, 488.9s
    train-00001-of-00003.parquet group 813: 218011 rows, 489.1s
    train-00001-of-00003.parquet group 814: 218111 rows, 489.3s
    train-00001-of-00003.parquet group 815: 218211 rows, 489.6s
    train-00001-of-00003.parquet group 816: 218311 rows, 489.8s
    train-00001-of-00003.parquet group 817: 218411 rows, 490.0s
    train-00001-of-00003.parquet group 818: 218511 rows, 490.3s
    train-00001-of-00003.parquet group 819: 218611 rows, 490.5s
    train-00001-of-00003.parquet group 820: 218711 rows, 490.7s
    train-00001-of-00003.parquet group 821: 218811 rows, 491.0s
    train-00001-of-00003.parquet group 822: 218911 rows, 491.2s
    train-00001-of-00003.parquet group 823: 219011 rows, 491.4s
    train-00001-of-00003.parquet group 824: 219111 rows, 491.7s
    train-00001-of-00003.parquet group 825: 219211 rows, 491.9s
    train-00001-of-00003.parquet group 826: 219311 rows, 492.1s
    train-00001-of-00003.parquet group 827: 219411 rows, 492.3s
    train-00001-of-00003.parquet group 828: 219511 rows, 492.6s
    train-00001-of-00003.parquet group 829: 219611 rows, 492.8s
    train-00001-of-00003.parquet group 830: 219711 rows, 493.0s
    train-00001-of-00003.parquet group 831: 219811 rows, 493.2s
    train-00001-of-00003.parquet group 832: 219911 rows, 493.5s
    train-00001-of-00003.parquet group 833: 220011 rows, 493.7s
    train-00001-of-00003.parquet group 834: 220111 rows, 493.9s
    train-00001-of-00003.parquet group 835: 220211 rows, 494.2s
    train-00001-of-00003.parquet group 836: 220311 rows, 494.4s
    train-00001-of-00003.parquet group 837: 220411 rows, 494.6s
    train-00001-of-00003.parquet group 838: 220511 rows, 494.9s
    train-00001-of-00003.parquet group 839: 220611 rows, 495.1s
    train-00001-of-00003.parquet group 840: 220711 rows, 495.4s
    train-00001-of-00003.parquet group 841: 220811 rows, 495.6s
    train-00001-of-00003.parquet group 842: 220911 rows, 495.9s
    train-00001-of-00003.parquet group 843: 221011 rows, 496.1s
    train-00001-of-00003.parquet group 844: 221111 rows, 496.4s
    train-00001-of-00003.parquet group 845: 221211 rows, 496.6s
    train-00001-of-00003.parquet group 846: 221311 rows, 496.8s
    train-00001-of-00003.parquet group 847: 221411 rows, 497.1s
    train-00001-of-00003.parquet group 848: 221511 rows, 497.3s
    train-00001-of-00003.parquet group 849: 221611 rows, 497.6s
    train-00001-of-00003.parquet group 850: 221711 rows, 497.9s
    train-00001-of-00003.parquet group 851: 221811 rows, 498.1s
    train-00001-of-00003.parquet group 852: 221911 rows, 498.4s
    train-00001-of-00003.parquet group 853: 222011 rows, 498.6s
    train-00001-of-00003.parquet group 854: 222111 rows, 498.9s
    train-00001-of-00003.parquet group 855: 222211 rows, 499.1s
    train-00001-of-00003.parquet group 856: 222311 rows, 499.4s
    train-00001-of-00003.parquet group 857: 222411 rows, 499.8s
    train-00001-of-00003.parquet group 858: 222511 rows, 500.0s
    train-00001-of-00003.parquet group 859: 222611 rows, 500.3s
    train-00001-of-00003.parquet group 860: 222711 rows, 500.6s
    train-00001-of-00003.parquet group 861: 222811 rows, 500.8s
    train-00001-of-00003.parquet group 862: 222911 rows, 501.1s
    train-00001-of-00003.parquet group 863: 223011 rows, 501.3s
    train-00001-of-00003.parquet group 864: 223111 rows, 501.6s
    train-00001-of-00003.parquet group 865: 223211 rows, 501.9s
    train-00001-of-00003.parquet group 866: 223311 rows, 502.2s
    train-00001-of-00003.parquet group 867: 223411 rows, 502.5s
    train-00001-of-00003.parquet group 868: 223511 rows, 502.8s
    train-00001-of-00003.parquet group 869: 223611 rows, 503.1s
    train-00001-of-00003.parquet group 870: 223711 rows, 503.3s
    train-00001-of-00003.parquet group 871: 223811 rows, 503.5s
    train-00001-of-00003.parquet group 872: 223911 rows, 503.8s
    train-00001-of-00003.parquet group 873: 224011 rows, 504.1s
    train-00001-of-00003.parquet group 874: 224111 rows, 504.4s
    train-00001-of-00003.parquet group 875: 224211 rows, 504.6s
    train-00001-of-00003.parquet group 876: 224311 rows, 504.9s
    train-00001-of-00003.parquet group 877: 224411 rows, 505.1s
    train-00001-of-00003.parquet group 878: 224511 rows, 505.4s
    train-00001-of-00003.parquet group 879: 224611 rows, 505.6s
    train-00001-of-00003.parquet group 880: 224711 rows, 505.8s
    train-00001-of-00003.parquet group 881: 224811 rows, 506.1s
    train-00001-of-00003.parquet group 882: 224911 rows, 506.3s
    train-00001-of-00003.parquet group 883: 225011 rows, 506.6s
    train-00001-of-00003.parquet group 884: 225111 rows, 506.8s
    train-00001-of-00003.parquet group 885: 225211 rows, 507.0s
    train-00001-of-00003.parquet group 886: 225311 rows, 507.3s
    train-00001-of-00003.parquet group 887: 225411 rows, 507.5s
    train-00001-of-00003.parquet group 888: 225511 rows, 507.8s
    train-00001-of-00003.parquet group 889: 225611 rows, 508.0s
    train-00001-of-00003.parquet group 890: 225711 rows, 508.2s
    train-00001-of-00003.parquet group 891: 225811 rows, 508.4s
    train-00001-of-00003.parquet group 892: 225911 rows, 508.7s
    train-00001-of-00003.parquet group 893: 226011 rows, 508.9s
    train-00001-of-00003.parquet group 894: 226111 rows, 509.2s
    train-00001-of-00003.parquet group 895: 226211 rows, 509.4s
    train-00001-of-00003.parquet group 896: 226311 rows, 509.6s
    train-00001-of-00003.parquet group 897: 226411 rows, 509.9s
    train-00001-of-00003.parquet group 898: 226511 rows, 510.1s
    train-00001-of-00003.parquet group 899: 226611 rows, 510.4s
    train-00001-of-00003.parquet group 900: 226711 rows, 510.6s
    train-00001-of-00003.parquet group 901: 226811 rows, 510.8s
    train-00001-of-00003.parquet group 902: 226911 rows, 511.1s
    train-00001-of-00003.parquet group 903: 227011 rows, 511.3s
    train-00001-of-00003.parquet group 904: 227111 rows, 511.6s
    train-00001-of-00003.parquet group 905: 227211 rows, 511.8s
    train-00001-of-00003.parquet group 906: 227311 rows, 512.1s
    train-00001-of-00003.parquet group 907: 227411 rows, 512.3s
    train-00001-of-00003.parquet group 908: 227511 rows, 512.5s
    train-00001-of-00003.parquet group 909: 227611 rows, 512.8s
    train-00001-of-00003.parquet group 910: 227711 rows, 513.0s
    train-00001-of-00003.parquet group 911: 227811 rows, 513.2s
    train-00001-of-00003.parquet group 912: 227911 rows, 513.5s
    train-00001-of-00003.parquet group 913: 228011 rows, 513.7s
    train-00001-of-00003.parquet group 914: 228111 rows, 513.9s
    train-00001-of-00003.parquet group 915: 228211 rows, 514.2s
    train-00001-of-00003.parquet group 916: 228311 rows, 514.4s
    train-00001-of-00003.parquet group 917: 228411 rows, 514.6s
    train-00001-of-00003.parquet group 918: 228511 rows, 514.9s
    train-00001-of-00003.parquet group 919: 228611 rows, 515.1s
    train-00001-of-00003.parquet group 920: 228711 rows, 515.4s
    train-00001-of-00003.parquet group 921: 228811 rows, 515.6s
    train-00001-of-00003.parquet group 922: 228911 rows, 515.9s
    train-00001-of-00003.parquet group 923: 229011 rows, 516.1s
    train-00001-of-00003.parquet group 924: 229111 rows, 516.3s
    train-00001-of-00003.parquet group 925: 229211 rows, 516.6s
    train-00001-of-00003.parquet group 926: 229311 rows, 516.8s
    train-00001-of-00003.parquet group 927: 229411 rows, 517.0s
    train-00001-of-00003.parquet group 928: 229511 rows, 517.3s
    train-00001-of-00003.parquet group 929: 229611 rows, 517.5s
    train-00001-of-00003.parquet group 930: 229711 rows, 517.8s
    train-00001-of-00003.parquet group 931: 229811 rows, 518.0s
    train-00001-of-00003.parquet group 932: 229911 rows, 518.2s
    train-00001-of-00003.parquet group 933: 230011 rows, 518.5s
    train-00001-of-00003.parquet group 934: 230111 rows, 518.7s
    train-00001-of-00003.parquet group 935: 230211 rows, 518.9s
    train-00001-of-00003.parquet group 936: 230311 rows, 519.2s
    train-00001-of-00003.parquet group 937: 230411 rows, 519.5s
    train-00001-of-00003.parquet group 938: 230511 rows, 519.7s
    train-00001-of-00003.parquet group 939: 230611 rows, 520.0s
    train-00001-of-00003.parquet group 940: 230711 rows, 520.3s
    train-00001-of-00003.parquet group 941: 230811 rows, 520.5s
    train-00001-of-00003.parquet group 942: 230911 rows, 520.7s
    train-00001-of-00003.parquet group 943: 231011 rows, 521.0s
    train-00001-of-00003.parquet group 944: 231111 rows, 521.2s
    train-00001-of-00003.parquet group 945: 231211 rows, 521.5s
    train-00001-of-00003.parquet group 946: 231311 rows, 521.7s
    train-00001-of-00003.parquet group 947: 231411 rows, 522.0s
    train-00001-of-00003.parquet group 948: 231511 rows, 522.2s
    train-00001-of-00003.parquet group 949: 231611 rows, 522.4s
    train-00001-of-00003.parquet group 950: 231711 rows, 522.7s
    train-00001-of-00003.parquet group 951: 231811 rows, 522.9s
    train-00001-of-00003.parquet group 952: 231911 rows, 523.1s
    train-00001-of-00003.parquet group 953: 232011 rows, 523.4s
    train-00001-of-00003.parquet group 954: 232111 rows, 523.6s
    train-00001-of-00003.parquet group 955: 232211 rows, 523.8s
    train-00001-of-00003.parquet group 956: 232311 rows, 524.0s
    train-00001-of-00003.parquet group 957: 232411 rows, 524.3s
    train-00001-of-00003.parquet group 958: 232511 rows, 524.5s
    train-00001-of-00003.parquet group 959: 232611 rows, 524.8s
    train-00001-of-00003.parquet group 960: 232711 rows, 525.0s
    train-00001-of-00003.parquet group 961: 232811 rows, 525.2s
    train-00001-of-00003.parquet group 962: 232911 rows, 525.5s
    train-00001-of-00003.parquet group 963: 233011 rows, 525.7s
    train-00001-of-00003.parquet group 964: 233111 rows, 525.9s
    train-00001-of-00003.parquet group 965: 233211 rows, 526.1s
    train-00001-of-00003.parquet group 966: 233311 rows, 526.4s
    train-00001-of-00003.parquet group 967: 233411 rows, 526.6s
    train-00001-of-00003.parquet group 968: 233511 rows, 526.8s
    train-00001-of-00003.parquet group 969: 233611 rows, 527.0s
    train-00001-of-00003.parquet group 970: 233711 rows, 527.3s
    train-00001-of-00003.parquet group 971: 233811 rows, 527.5s
    train-00001-of-00003.parquet group 972: 233911 rows, 527.7s
    train-00001-of-00003.parquet group 973: 234011 rows, 528.0s
    train-00001-of-00003.parquet group 974: 234111 rows, 528.2s
    train-00001-of-00003.parquet group 975: 234211 rows, 528.4s
    train-00001-of-00003.parquet group 976: 234311 rows, 528.7s
    train-00001-of-00003.parquet group 977: 234411 rows, 528.9s
    train-00001-of-00003.parquet group 978: 234511 rows, 529.1s
    train-00001-of-00003.parquet group 979: 234611 rows, 529.3s
    train-00001-of-00003.parquet group 980: 234711 rows, 529.6s
    train-00001-of-00003.parquet group 981: 234811 rows, 529.8s
    train-00001-of-00003.parquet group 982: 234911 rows, 530.1s
    train-00001-of-00003.parquet group 983: 235011 rows, 530.3s
    train-00001-of-00003.parquet group 984: 235111 rows, 530.5s
    train-00001-of-00003.parquet group 985: 235211 rows, 530.8s
    train-00001-of-00003.parquet group 986: 235311 rows, 531.0s
    train-00001-of-00003.parquet group 987: 235411 rows, 531.2s
    train-00001-of-00003.parquet group 988: 235511 rows, 531.5s
    train-00001-of-00003.parquet group 989: 235611 rows, 531.7s
    train-00001-of-00003.parquet group 990: 235711 rows, 532.0s
    train-00001-of-00003.parquet group 991: 235811 rows, 532.2s
    train-00001-of-00003.parquet group 992: 235911 rows, 532.5s
    train-00001-of-00003.parquet group 993: 236011 rows, 532.7s
    train-00001-of-00003.parquet group 994: 236111 rows, 532.9s
    train-00001-of-00003.parquet group 995: 236211 rows, 533.2s
    train-00001-of-00003.parquet group 996: 236311 rows, 533.4s
    train-00001-of-00003.parquet group 997: 236411 rows, 533.7s
    train-00001-of-00003.parquet group 998: 236511 rows, 533.9s
    train-00001-of-00003.parquet group 999: 236611 rows, 534.1s
    train-00001-of-00003.parquet group 1000: 236711 rows, 534.4s
    train-00001-of-00003.parquet group 1001: 236811 rows, 534.7s
    train-00001-of-00003.parquet group 1002: 236911 rows, 534.9s
    train-00001-of-00003.parquet group 1003: 237011 rows, 535.2s
    train-00001-of-00003.parquet group 1004: 237111 rows, 535.4s
    train-00001-of-00003.parquet group 1005: 237211 rows, 535.7s
    train-00001-of-00003.parquet group 1006: 237311 rows, 535.9s
    train-00001-of-00003.parquet group 1007: 237411 rows, 536.2s
    train-00001-of-00003.parquet group 1008: 237511 rows, 536.4s
    train-00001-of-00003.parquet group 1009: 237611 rows, 536.6s
    train-00001-of-00003.parquet group 1010: 237711 rows, 536.9s
    train-00001-of-00003.parquet group 1011: 237811 rows, 537.1s
    train-00001-of-00003.parquet group 1012: 237911 rows, 537.3s
    train-00001-of-00003.parquet group 1013: 238011 rows, 537.6s
    train-00001-of-00003.parquet group 1014: 238111 rows, 537.9s
    train-00001-of-00003.parquet group 1015: 238211 rows, 538.1s
    train-00001-of-00003.parquet group 1016: 238311 rows, 538.4s
    train-00001-of-00003.parquet group 1017: 238411 rows, 538.6s
    train-00001-of-00003.parquet group 1018: 238511 rows, 538.8s
    train-00001-of-00003.parquet group 1019: 238611 rows, 539.1s
    train-00001-of-00003.parquet group 1020: 238711 rows, 539.3s
    train-00001-of-00003.parquet group 1021: 238811 rows, 539.5s
    train-00001-of-00003.parquet group 1022: 238911 rows, 539.8s
    train-00001-of-00003.parquet group 1023: 239011 rows, 540.0s
    train-00001-of-00003.parquet group 1024: 239111 rows, 540.3s
    train-00001-of-00003.parquet group 1025: 239211 rows, 540.5s
    train-00001-of-00003.parquet group 1026: 239311 rows, 540.8s
    train-00001-of-00003.parquet group 1027: 239411 rows, 541.0s
    train-00001-of-00003.parquet group 1028: 239511 rows, 541.2s
    train-00001-of-00003.parquet group 1029: 239611 rows, 541.5s
    train-00001-of-00003.parquet group 1030: 239711 rows, 541.7s
    train-00001-of-00003.parquet group 1031: 239811 rows, 542.0s
    train-00001-of-00003.parquet group 1032: 239911 rows, 542.2s
    train-00001-of-00003.parquet group 1033: 240011 rows, 542.4s
    train-00001-of-00003.parquet group 1034: 240111 rows, 542.7s
    train-00001-of-00003.parquet group 1035: 240211 rows, 542.9s
    train-00001-of-00003.parquet group 1036: 240311 rows, 543.2s
    train-00001-of-00003.parquet group 1037: 240411 rows, 543.4s
    train-00001-of-00003.parquet group 1038: 240511 rows, 543.6s
    train-00001-of-00003.parquet group 1039: 240611 rows, 543.9s
    train-00001-of-00003.parquet group 1040: 240711 rows, 544.1s
    train-00001-of-00003.parquet group 1041: 240811 rows, 544.4s
    train-00001-of-00003.parquet group 1042: 240911 rows, 544.6s
    train-00001-of-00003.parquet group 1043: 241011 rows, 544.8s
    train-00001-of-00003.parquet group 1044: 241111 rows, 545.1s
    train-00001-of-00003.parquet group 1045: 241211 rows, 545.3s
    train-00001-of-00003.parquet group 1046: 241311 rows, 545.5s
    train-00001-of-00003.parquet group 1047: 241411 rows, 545.8s
    train-00001-of-00003.parquet group 1048: 241511 rows, 546.0s
    train-00001-of-00003.parquet group 1049: 241611 rows, 546.2s
    train-00001-of-00003.parquet group 1050: 241711 rows, 546.4s
    train-00001-of-00003.parquet group 1051: 241811 rows, 546.7s
    train-00001-of-00003.parquet group 1052: 241911 rows, 546.9s
    train-00001-of-00003.parquet group 1053: 242011 rows, 547.2s
    train-00001-of-00003.parquet group 1054: 242111 rows, 547.4s
    train-00001-of-00003.parquet group 1055: 242211 rows, 547.6s
    train-00001-of-00003.parquet group 1056: 242311 rows, 547.9s
    train-00001-of-00003.parquet group 1057: 242411 rows, 548.1s
    train-00001-of-00003.parquet group 1058: 242511 rows, 548.3s
    train-00001-of-00003.parquet group 1059: 242611 rows, 548.6s
    train-00001-of-00003.parquet group 1060: 242711 rows, 548.8s
    train-00001-of-00003.parquet group 1061: 242811 rows, 549.0s
    train-00001-of-00003.parquet group 1062: 242911 rows, 549.3s
    train-00001-of-00003.parquet group 1063: 243011 rows, 549.5s
    train-00001-of-00003.parquet group 1064: 243111 rows, 549.8s
    train-00001-of-00003.parquet group 1065: 243211 rows, 550.1s
    train-00001-of-00003.parquet group 1066: 243311 rows, 550.3s
    train-00001-of-00003.parquet group 1067: 243411 rows, 550.6s
    train-00001-of-00003.parquet group 1068: 243511 rows, 550.8s
    train-00001-of-00003.parquet group 1069: 243611 rows, 551.0s
    train-00001-of-00003.parquet group 1070: 243711 rows, 551.2s
    train-00001-of-00003.parquet group 1071: 243811 rows, 551.5s
    train-00001-of-00003.parquet group 1072: 243911 rows, 551.7s
    train-00001-of-00003.parquet group 1073: 244011 rows, 552.0s
    train-00001-of-00003.parquet group 1074: 244111 rows, 552.2s
    train-00001-of-00003.parquet group 1075: 244211 rows, 552.4s
    train-00001-of-00003.parquet group 1076: 244311 rows, 552.6s
    train-00001-of-00003.parquet group 1077: 244411 rows, 552.9s
    train-00001-of-00003.parquet group 1078: 244511 rows, 553.1s
    train-00001-of-00003.parquet group 1079: 244611 rows, 553.3s
    train-00001-of-00003.parquet group 1080: 244711 rows, 553.5s
    train-00001-of-00003.parquet group 1081: 244811 rows, 553.8s
    train-00001-of-00003.parquet group 1082: 244911 rows, 554.0s
    train-00001-of-00003.parquet group 1083: 245011 rows, 554.2s
    train-00001-of-00003.parquet group 1084: 245111 rows, 554.5s
    train-00001-of-00003.parquet group 1085: 245211 rows, 554.7s
    train-00001-of-00003.parquet group 1086: 245311 rows, 554.9s
    train-00001-of-00003.parquet group 1087: 245411 rows, 555.1s
    train-00001-of-00003.parquet group 1088: 245511 rows, 555.3s
    train-00001-of-00003.parquet group 1089: 245611 rows, 555.5s
    train-00001-of-00003.parquet group 1090: 245711 rows, 555.7s
    train-00001-of-00003.parquet group 1091: 245811 rows, 556.0s
    train-00001-of-00003.parquet group 1092: 245911 rows, 556.2s
    train-00001-of-00003.parquet group 1093: 246011 rows, 556.4s
    train-00001-of-00003.parquet group 1094: 246111 rows, 556.6s
    train-00001-of-00003.parquet group 1095: 246211 rows, 556.8s
    train-00001-of-00003.parquet group 1096: 246311 rows, 557.0s
    train-00001-of-00003.parquet group 1097: 246411 rows, 557.2s
    train-00001-of-00003.parquet group 1098: 246511 rows, 557.4s
    train-00001-of-00003.parquet group 1099: 246611 rows, 557.6s
    train-00001-of-00003.parquet group 1100: 246711 rows, 557.9s
    train-00001-of-00003.parquet group 1101: 246811 rows, 558.1s
    train-00001-of-00003.parquet group 1102: 246911 rows, 558.3s
    train-00001-of-00003.parquet group 1103: 247011 rows, 558.5s
    train-00001-of-00003.parquet group 1104: 247111 rows, 558.8s
    train-00001-of-00003.parquet group 1105: 247211 rows, 559.0s
    train-00001-of-00003.parquet group 1106: 247311 rows, 559.2s
    train-00001-of-00003.parquet group 1107: 247411 rows, 559.4s
    train-00001-of-00003.parquet group 1108: 247511 rows, 559.7s
    train-00001-of-00003.parquet group 1109: 247611 rows, 559.9s
    train-00001-of-00003.parquet group 1110: 247711 rows, 560.1s
    train-00001-of-00003.parquet group 1111: 247811 rows, 560.3s
    train-00001-of-00003.parquet group 1112: 247911 rows, 560.6s
    train-00001-of-00003.parquet group 1113: 248011 rows, 560.8s
    train-00001-of-00003.parquet group 1114: 248111 rows, 561.0s
    train-00001-of-00003.parquet group 1115: 248211 rows, 561.3s
    train-00001-of-00003.parquet group 1116: 248311 rows, 561.5s
    train-00001-of-00003.parquet group 1117: 248411 rows, 561.7s
    train-00001-of-00003.parquet group 1118: 248511 rows, 562.0s
    train-00001-of-00003.parquet group 1119: 248611 rows, 562.2s
    train-00001-of-00003.parquet group 1120: 248711 rows, 562.4s
    train-00001-of-00003.parquet group 1121: 248811 rows, 562.7s
    train-00001-of-00003.parquet group 1122: 248911 rows, 562.9s
    train-00001-of-00003.parquet group 1123: 249011 rows, 563.1s
    train-00001-of-00003.parquet group 1124: 249111 rows, 563.4s
    train-00001-of-00003.parquet group 1125: 249211 rows, 563.6s
    train-00001-of-00003.parquet group 1126: 249311 rows, 563.8s
    train-00001-of-00003.parquet group 1127: 249411 rows, 564.0s
    train-00001-of-00003.parquet group 1128: 249511 rows, 564.3s
    train-00001-of-00003.parquet group 1129: 249611 rows, 564.5s
    train-00001-of-00003.parquet group 1130: 249711 rows, 564.7s
    train-00001-of-00003.parquet group 1131: 249811 rows, 564.9s
    train-00001-of-00003.parquet group 1132: 249911 rows, 565.2s
    train-00001-of-00003.parquet group 1133: 250011 rows, 565.4s
    train-00001-of-00003.parquet group 1134: 250111 rows, 565.6s
    train-00001-of-00003.parquet group 1135: 250211 rows, 565.8s
    train-00001-of-00003.parquet group 1136: 250311 rows, 566.0s
    train-00001-of-00003.parquet group 1137: 250411 rows, 566.3s
    train-00001-of-00003.parquet group 1138: 250511 rows, 566.5s
    train-00001-of-00003.parquet group 1139: 250611 rows, 566.7s
    train-00001-of-00003.parquet group 1140: 250711 rows, 567.0s
    train-00001-of-00003.parquet group 1141: 250811 rows, 567.2s
    train-00001-of-00003.parquet group 1142: 250911 rows, 567.4s
    train-00001-of-00003.parquet group 1143: 251011 rows, 567.7s
    train-00001-of-00003.parquet group 1144: 251111 rows, 567.9s
    train-00001-of-00003.parquet group 1145: 251211 rows, 568.1s
    train-00001-of-00003.parquet group 1146: 251311 rows, 568.3s
    train-00001-of-00003.parquet group 1147: 251411 rows, 568.6s
    train-00001-of-00003.parquet group 1148: 251511 rows, 568.8s
    train-00001-of-00003.parquet group 1149: 251611 rows, 569.0s
    train-00001-of-00003.parquet group 1150: 251711 rows, 569.2s
    train-00001-of-00003.parquet group 1151: 251811 rows, 569.5s
    train-00001-of-00003.parquet group 1152: 251911 rows, 569.7s
    train-00001-of-00003.parquet group 1153: 252011 rows, 569.9s
    train-00001-of-00003.parquet group 1154: 252111 rows, 570.1s
    train-00001-of-00003.parquet group 1155: 252211 rows, 570.3s
    train-00001-of-00003.parquet group 1156: 252311 rows, 570.5s
    train-00001-of-00003.parquet group 1157: 252411 rows, 570.8s
    train-00001-of-00003.parquet group 1158: 252511 rows, 571.0s
    train-00001-of-00003.parquet group 1159: 252611 rows, 571.2s
    train-00001-of-00003.parquet group 1160: 252711 rows, 571.4s
    train-00001-of-00003.parquet group 1161: 252811 rows, 571.6s
    train-00001-of-00003.parquet group 1162: 252911 rows, 571.8s
    train-00001-of-00003.parquet group 1163: 253011 rows, 572.0s
    train-00001-of-00003.parquet group 1164: 253111 rows, 572.3s
    train-00001-of-00003.parquet group 1165: 253211 rows, 572.5s
    train-00001-of-00003.parquet group 1166: 253311 rows, 572.7s
    train-00001-of-00003.parquet group 1167: 253411 rows, 572.9s
    train-00001-of-00003.parquet group 1168: 253511 rows, 573.1s
    train-00001-of-00003.parquet group 1169: 253611 rows, 573.3s
    train-00001-of-00003.parquet group 1170: 253711 rows, 573.6s
    train-00001-of-00003.parquet group 1171: 253811 rows, 573.8s
    train-00001-of-00003.parquet group 1172: 253911 rows, 574.0s
    train-00001-of-00003.parquet group 1173: 254011 rows, 574.2s
    train-00001-of-00003.parquet group 1174: 254111 rows, 574.5s
    train-00001-of-00003.parquet group 1175: 254211 rows, 574.7s
    train-00001-of-00003.parquet group 1176: 254311 rows, 574.9s
    train-00001-of-00003.parquet group 1177: 254411 rows, 575.2s
    train-00001-of-00003.parquet group 1178: 254511 rows, 575.4s
    train-00001-of-00003.parquet group 1179: 254611 rows, 575.6s
    train-00001-of-00003.parquet group 1180: 254711 rows, 575.8s
    train-00001-of-00003.parquet group 1181: 254811 rows, 576.1s
    train-00001-of-00003.parquet group 1182: 254911 rows, 576.3s
    train-00001-of-00003.parquet group 1183: 255011 rows, 576.5s
    train-00001-of-00003.parquet group 1184: 255111 rows, 576.7s
    train-00001-of-00003.parquet group 1185: 255211 rows, 576.9s
    train-00001-of-00003.parquet group 1186: 255311 rows, 577.2s
    train-00001-of-00003.parquet group 1187: 255411 rows, 577.4s
    train-00001-of-00003.parquet group 1188: 255511 rows, 577.6s
    train-00001-of-00003.parquet group 1189: 255611 rows, 577.9s
    train-00001-of-00003.parquet group 1190: 255711 rows, 578.1s
    train-00001-of-00003.parquet group 1191: 255811 rows, 578.4s
    train-00001-of-00003.parquet group 1192: 255911 rows, 578.6s
    train-00001-of-00003.parquet group 1193: 256011 rows, 578.8s
    train-00001-of-00003.parquet group 1194: 256111 rows, 579.0s
    train-00001-of-00003.parquet group 1195: 256211 rows, 579.3s
    train-00001-of-00003.parquet group 1196: 256311 rows, 579.5s
    train-00001-of-00003.parquet group 1197: 256411 rows, 579.7s
    train-00001-of-00003.parquet group 1198: 256511 rows, 580.0s
    train-00001-of-00003.parquet group 1199: 256611 rows, 580.2s
    train-00001-of-00003.parquet group 1200: 256711 rows, 580.4s
    train-00001-of-00003.parquet group 1201: 256811 rows, 580.6s
    train-00001-of-00003.parquet group 1202: 256911 rows, 580.8s
    train-00001-of-00003.parquet group 1203: 257011 rows, 581.1s
    train-00001-of-00003.parquet group 1204: 257111 rows, 581.3s
    train-00001-of-00003.parquet group 1205: 257211 rows, 581.5s
    train-00001-of-00003.parquet group 1206: 257311 rows, 581.7s
    train-00001-of-00003.parquet group 1207: 257411 rows, 582.0s
    train-00001-of-00003.parquet group 1208: 257511 rows, 582.2s
    train-00001-of-00003.parquet group 1209: 257611 rows, 582.5s
    train-00001-of-00003.parquet group 1210: 257711 rows, 582.7s
    train-00001-of-00003.parquet group 1211: 257811 rows, 583.0s
    train-00001-of-00003.parquet group 1212: 257911 rows, 583.2s
    train-00001-of-00003.parquet group 1213: 258011 rows, 583.5s
    train-00001-of-00003.parquet group 1214: 258111 rows, 583.7s
    train-00001-of-00003.parquet group 1215: 258211 rows, 583.9s
    train-00001-of-00003.parquet group 1216: 258311 rows, 584.2s
    train-00001-of-00003.parquet group 1217: 258411 rows, 584.4s
    train-00001-of-00003.parquet group 1218: 258511 rows, 584.7s
    train-00001-of-00003.parquet group 1219: 258611 rows, 584.9s
    train-00001-of-00003.parquet group 1220: 258711 rows, 585.1s
    train-00001-of-00003.parquet group 1221: 258811 rows, 585.4s
    train-00001-of-00003.parquet group 1222: 258911 rows, 585.6s
    train-00001-of-00003.parquet group 1223: 259011 rows, 585.9s
    train-00001-of-00003.parquet group 1224: 259111 rows, 586.1s
    train-00001-of-00003.parquet group 1225: 259211 rows, 586.4s
    train-00001-of-00003.parquet group 1226: 259311 rows, 586.6s
    train-00001-of-00003.parquet group 1227: 259411 rows, 586.8s
    train-00001-of-00003.parquet group 1228: 259511 rows, 587.1s
    train-00001-of-00003.parquet group 1229: 259611 rows, 587.3s
    train-00001-of-00003.parquet group 1230: 259711 rows, 587.5s
    train-00001-of-00003.parquet group 1231: 259811 rows, 587.7s
    train-00001-of-00003.parquet group 1232: 259911 rows, 587.9s
    train-00001-of-00003.parquet group 1233: 260011 rows, 588.2s
    train-00001-of-00003.parquet group 1234: 260111 rows, 588.4s
    train-00001-of-00003.parquet group 1235: 260211 rows, 588.6s
    train-00001-of-00003.parquet group 1236: 260311 rows, 588.8s
    train-00001-of-00003.parquet group 1237: 260411 rows, 589.1s
    train-00001-of-00003.parquet group 1238: 260511 rows, 589.3s
    train-00001-of-00003.parquet group 1239: 260611 rows, 589.5s
    train-00001-of-00003.parquet group 1240: 260711 rows, 589.7s
    train-00001-of-00003.parquet group 1241: 260811 rows, 589.9s
    train-00001-of-00003.parquet group 1242: 260911 rows, 590.1s
    train-00001-of-00003.parquet group 1243: 261011 rows, 590.3s
    train-00001-of-00003.parquet group 1244: 261111 rows, 590.5s
    train-00001-of-00003.parquet group 1245: 261211 rows, 590.8s
    train-00001-of-00003.parquet group 1246: 261311 rows, 591.0s
    train-00001-of-00003.parquet group 1247: 261411 rows, 591.2s
    train-00001-of-00003.parquet group 1248: 261511 rows, 591.4s
    train-00001-of-00003.parquet group 1249: 261611 rows, 591.6s
    train-00001-of-00003.parquet group 1250: 261711 rows, 591.8s
    train-00001-of-00003.parquet group 1251: 261811 rows, 592.0s
    train-00001-of-00003.parquet group 1252: 261911 rows, 592.2s
    train-00001-of-00003.parquet group 1253: 262011 rows, 592.5s
    train-00001-of-00003.parquet group 1254: 262111 rows, 592.7s
    train-00001-of-00003.parquet group 1255: 262211 rows, 592.9s
    train-00001-of-00003.parquet group 1256: 262311 rows, 593.1s
    train-00001-of-00003.parquet group 1257: 262411 rows, 593.3s
    train-00001-of-00003.parquet group 1258: 262511 rows, 593.6s
    train-00001-of-00003.parquet group 1259: 262611 rows, 593.8s
    train-00001-of-00003.parquet group 1260: 262711 rows, 594.0s
    train-00001-of-00003.parquet group 1261: 262811 rows, 594.2s
    train-00001-of-00003.parquet group 1262: 262911 rows, 594.4s
    train-00001-of-00003.parquet group 1263: 263011 rows, 594.6s
    train-00001-of-00003.parquet group 1264: 263111 rows, 594.9s
    train-00001-of-00003.parquet group 1265: 263211 rows, 595.1s
    train-00001-of-00003.parquet group 1266: 263311 rows, 595.3s
    train-00001-of-00003.parquet group 1267: 263411 rows, 595.5s
    train-00001-of-00003.parquet group 1268: 263511 rows, 595.7s
    train-00001-of-00003.parquet group 1269: 263611 rows, 595.9s
    train-00001-of-00003.parquet group 1270: 263711 rows, 596.1s
    train-00001-of-00003.parquet group 1271: 263811 rows, 596.3s
    train-00001-of-00003.parquet group 1272: 263911 rows, 596.6s
    train-00001-of-00003.parquet group 1273: 264011 rows, 596.8s
    train-00001-of-00003.parquet group 1274: 264111 rows, 597.0s
    train-00001-of-00003.parquet group 1275: 264211 rows, 597.2s
    train-00001-of-00003.parquet group 1276: 264311 rows, 597.4s
    train-00001-of-00003.parquet group 1277: 264411 rows, 597.6s
    train-00001-of-00003.parquet group 1278: 264511 rows, 597.8s
    train-00001-of-00003.parquet group 1279: 264611 rows, 598.1s
    train-00001-of-00003.parquet group 1280: 264711 rows, 598.3s
    train-00001-of-00003.parquet group 1281: 264811 rows, 598.5s
    train-00001-of-00003.parquet group 1282: 264911 rows, 598.8s
    train-00001-of-00003.parquet group 1283: 265011 rows, 599.0s
    train-00001-of-00003.parquet group 1284: 265111 rows, 599.2s
    train-00001-of-00003.parquet group 1285: 265211 rows, 599.4s
    train-00001-of-00003.parquet group 1286: 265311 rows, 599.6s
    train-00001-of-00003.parquet group 1287: 265411 rows, 599.8s
    train-00001-of-00003.parquet group 1288: 265511 rows, 600.0s
    train-00001-of-00003.parquet group 1289: 265611 rows, 600.3s
    train-00001-of-00003.parquet group 1290: 265711 rows, 600.5s
    train-00001-of-00003.parquet group 1291: 265811 rows, 600.7s
    train-00001-of-00003.parquet group 1292: 265911 rows, 600.9s
    train-00001-of-00003.parquet group 1293: 266011 rows, 601.2s
    train-00001-of-00003.parquet group 1294: 266111 rows, 601.4s
    train-00001-of-00003.parquet group 1295: 266211 rows, 601.6s
    train-00001-of-00003.parquet group 1296: 266311 rows, 601.8s
    train-00001-of-00003.parquet group 1297: 266411 rows, 602.1s
    train-00001-of-00003.parquet group 1298: 266511 rows, 602.3s
    train-00001-of-00003.parquet group 1299: 266611 rows, 602.5s
    train-00001-of-00003.parquet group 1300: 266711 rows, 602.7s
    train-00001-of-00003.parquet group 1301: 266811 rows, 602.9s
    train-00001-of-00003.parquet group 1302: 266911 rows, 603.1s
    train-00001-of-00003.parquet group 1303: 267011 rows, 603.4s
    train-00001-of-00003.parquet group 1304: 267111 rows, 603.6s
    train-00001-of-00003.parquet group 1305: 267211 rows, 603.8s
    train-00001-of-00003.parquet group 1306: 267311 rows, 604.0s
    train-00001-of-00003.parquet group 1307: 267411 rows, 604.3s
    train-00001-of-00003.parquet group 1308: 267511 rows, 604.5s
    train-00001-of-00003.parquet group 1309: 267611 rows, 604.7s
    train-00001-of-00003.parquet group 1310: 267711 rows, 604.9s
    train-00001-of-00003.parquet group 1311: 267811 rows, 605.1s
    train-00001-of-00003.parquet group 1312: 267911 rows, 605.3s
    train-00001-of-00003.parquet group 1313: 268011 rows, 605.6s
    train-00001-of-00003.parquet group 1314: 268111 rows, 605.8s
    train-00001-of-00003.parquet group 1315: 268211 rows, 606.0s
    train-00001-of-00003.parquet group 1316: 268311 rows, 606.2s
    train-00001-of-00003.parquet group 1317: 268411 rows, 606.4s
    train-00001-of-00003.parquet group 1318: 268511 rows, 606.6s
    train-00001-of-00003.parquet group 1319: 268611 rows, 606.9s
    train-00001-of-00003.parquet group 1320: 268711 rows, 607.1s
    train-00001-of-00003.parquet group 1321: 268811 rows, 607.3s
    train-00001-of-00003.parquet group 1322: 268911 rows, 607.5s
    train-00001-of-00003.parquet group 1323: 269011 rows, 607.8s
    train-00001-of-00003.parquet group 1324: 269111 rows, 608.0s
    train-00001-of-00003.parquet group 1325: 269211 rows, 608.2s
    train-00001-of-00003.parquet group 1326: 269311 rows, 608.5s
    train-00001-of-00003.parquet group 1327: 269411 rows, 608.7s
    train-00001-of-00003.parquet group 1328: 269511 rows, 608.9s
    train-00001-of-00003.parquet group 1329: 269611 rows, 609.2s
    train-00001-of-00003.parquet group 1330: 269711 rows, 609.4s
    train-00001-of-00003.parquet group 1331: 269811 rows, 609.6s
    train-00001-of-00003.parquet group 1332: 269911 rows, 609.9s
    train-00001-of-00003.parquet group 1333: 270011 rows, 610.1s
    train-00001-of-00003.parquet group 1334: 270111 rows, 610.3s
    train-00001-of-00003.parquet group 1335: 270211 rows, 610.6s
    train-00001-of-00003.parquet group 1336: 270311 rows, 610.8s
    train-00001-of-00003.parquet group 1337: 270411 rows, 611.0s
    train-00001-of-00003.parquet group 1338: 270511 rows, 611.3s
    train-00001-of-00003.parquet group 1339: 270611 rows, 611.5s
    train-00001-of-00003.parquet group 1340: 270711 rows, 611.7s
    train-00001-of-00003.parquet group 1341: 270811 rows, 611.9s
    train-00001-of-00003.parquet group 1342: 270911 rows, 612.2s
    train-00001-of-00003.parquet group 1343: 271011 rows, 612.4s
    train-00001-of-00003.parquet group 1344: 271111 rows, 612.6s
    train-00001-of-00003.parquet group 1345: 271211 rows, 612.9s
    train-00001-of-00003.parquet group 1346: 271311 rows, 613.1s
    train-00001-of-00003.parquet group 1347: 271411 rows, 613.3s
    train-00001-of-00003.parquet group 1348: 271511 rows, 613.5s
    train-00001-of-00003.parquet group 1349: 271611 rows, 613.8s
    train-00001-of-00003.parquet group 1350: 271711 rows, 614.0s
    train-00001-of-00003.parquet group 1351: 271811 rows, 614.2s
    train-00001-of-00003.parquet group 1352: 271911 rows, 614.5s
    train-00001-of-00003.parquet group 1353: 272011 rows, 614.7s
    train-00001-of-00003.parquet group 1354: 272111 rows, 614.9s
    train-00001-of-00003.parquet group 1355: 272211 rows, 615.2s
    train-00001-of-00003.parquet group 1356: 272311 rows, 615.4s
    train-00001-of-00003.parquet group 1357: 272411 rows, 615.6s
    train-00001-of-00003.parquet group 1358: 272511 rows, 615.9s
    train-00001-of-00003.parquet group 1359: 272611 rows, 616.1s
    train-00001-of-00003.parquet group 1360: 272711 rows, 616.3s
    train-00001-of-00003.parquet group 1361: 272811 rows, 616.5s
    train-00001-of-00003.parquet group 1362: 272911 rows, 616.8s
    train-00001-of-00003.parquet group 1363: 273011 rows, 617.0s
    train-00001-of-00003.parquet group 1364: 273111 rows, 617.3s
    train-00001-of-00003.parquet group 1365: 273211 rows, 617.5s
    train-00001-of-00003.parquet group 1366: 273222 rows, 617.6s
    train-00002-of-00003.parquet group 0: 273322 rows, 617.8s
    train-00002-of-00003.parquet group 1: 273422 rows, 618.0s
    train-00002-of-00003.parquet group 2: 273522 rows, 618.3s
    train-00002-of-00003.parquet group 3: 273622 rows, 618.5s
    train-00002-of-00003.parquet group 4: 273722 rows, 618.7s
    train-00002-of-00003.parquet group 5: 273822 rows, 619.0s
    train-00002-of-00003.parquet group 6: 273922 rows, 619.2s
    train-00002-of-00003.parquet group 7: 274022 rows, 619.4s
    train-00002-of-00003.parquet group 8: 274122 rows, 619.6s
    train-00002-of-00003.parquet group 9: 274222 rows, 619.9s
    train-00002-of-00003.parquet group 10: 274322 rows, 620.1s
    train-00002-of-00003.parquet group 11: 274422 rows, 620.3s
    train-00002-of-00003.parquet group 12: 274522 rows, 620.5s
    train-00002-of-00003.parquet group 13: 274622 rows, 620.7s
    train-00002-of-00003.parquet group 14: 274722 rows, 620.9s
    train-00002-of-00003.parquet group 15: 274822 rows, 621.1s
    train-00002-of-00003.parquet group 16: 274922 rows, 621.4s
    train-00002-of-00003.parquet group 17: 275022 rows, 621.6s
    train-00002-of-00003.parquet group 18: 275122 rows, 621.8s
    train-00002-of-00003.parquet group 19: 275222 rows, 622.0s
    train-00002-of-00003.parquet group 20: 275322 rows, 622.2s
    train-00002-of-00003.parquet group 21: 275422 rows, 622.4s
    train-00002-of-00003.parquet group 22: 275522 rows, 622.6s
    train-00002-of-00003.parquet group 23: 275622 rows, 622.9s
    train-00002-of-00003.parquet group 24: 275722 rows, 623.1s
    train-00002-of-00003.parquet group 25: 275822 rows, 623.3s
    train-00002-of-00003.parquet group 26: 275922 rows, 623.5s
    train-00002-of-00003.parquet group 27: 276022 rows, 623.7s
    train-00002-of-00003.parquet group 28: 276122 rows, 623.9s
    train-00002-of-00003.parquet group 29: 276222 rows, 624.1s
    train-00002-of-00003.parquet group 30: 276322 rows, 624.3s
    train-00002-of-00003.parquet group 31: 276422 rows, 624.5s
    train-00002-of-00003.parquet group 32: 276522 rows, 624.8s
    train-00002-of-00003.parquet group 33: 276622 rows, 625.0s
    train-00002-of-00003.parquet group 34: 276722 rows, 625.2s
    train-00002-of-00003.parquet group 35: 276822 rows, 625.4s
    train-00002-of-00003.parquet group 36: 276922 rows, 625.6s
    train-00002-of-00003.parquet group 37: 277022 rows, 625.8s
    train-00002-of-00003.parquet group 38: 277122 rows, 626.0s
    train-00002-of-00003.parquet group 39: 277222 rows, 626.3s
    train-00002-of-00003.parquet group 40: 277322 rows, 626.5s
    train-00002-of-00003.parquet group 41: 277422 rows, 626.7s
    train-00002-of-00003.parquet group 42: 277522 rows, 626.9s
    train-00002-of-00003.parquet group 43: 277622 rows, 627.1s
    train-00002-of-00003.parquet group 44: 277722 rows, 627.4s
    train-00002-of-00003.parquet group 45: 277822 rows, 627.6s
    train-00002-of-00003.parquet group 46: 277922 rows, 627.8s
    train-00002-of-00003.parquet group 47: 278022 rows, 628.0s
    train-00002-of-00003.parquet group 48: 278122 rows, 628.2s
    train-00002-of-00003.parquet group 49: 278222 rows, 628.4s
    train-00002-of-00003.parquet group 50: 278322 rows, 628.6s
    train-00002-of-00003.parquet group 51: 278422 rows, 628.9s
    train-00002-of-00003.parquet group 52: 278522 rows, 629.1s
    train-00002-of-00003.parquet group 53: 278622 rows, 629.3s
    train-00002-of-00003.parquet group 54: 278722 rows, 629.6s
    train-00002-of-00003.parquet group 55: 278822 rows, 629.8s
    train-00002-of-00003.parquet group 56: 278922 rows, 630.0s
    train-00002-of-00003.parquet group 57: 279022 rows, 630.3s
    train-00002-of-00003.parquet group 58: 279122 rows, 630.5s
    train-00002-of-00003.parquet group 59: 279222 rows, 630.7s
    train-00002-of-00003.parquet group 60: 279322 rows, 631.0s
    train-00002-of-00003.parquet group 61: 279422 rows, 631.2s
    train-00002-of-00003.parquet group 62: 279522 rows, 631.4s
    train-00002-of-00003.parquet group 63: 279622 rows, 631.7s
    train-00002-of-00003.parquet group 64: 279722 rows, 631.9s
    train-00002-of-00003.parquet group 65: 279822 rows, 632.1s
    train-00002-of-00003.parquet group 66: 279922 rows, 632.3s
    train-00002-of-00003.parquet group 67: 280022 rows, 632.6s
    train-00002-of-00003.parquet group 68: 280122 rows, 632.8s
    train-00002-of-00003.parquet group 69: 280222 rows, 633.0s
    train-00002-of-00003.parquet group 70: 280322 rows, 633.3s
    train-00002-of-00003.parquet group 71: 280422 rows, 633.5s
    train-00002-of-00003.parquet group 72: 280522 rows, 633.7s
    train-00002-of-00003.parquet group 73: 280622 rows, 634.0s
    train-00002-of-00003.parquet group 74: 280722 rows, 634.2s
    train-00002-of-00003.parquet group 75: 280822 rows, 634.5s
    train-00002-of-00003.parquet group 76: 280922 rows, 634.7s
    train-00002-of-00003.parquet group 77: 281022 rows, 634.9s
    train-00002-of-00003.parquet group 78: 281122 rows, 635.2s
    train-00002-of-00003.parquet group 79: 281222 rows, 635.4s
    train-00002-of-00003.parquet group 80: 281322 rows, 635.6s
    train-00002-of-00003.parquet group 81: 281422 rows, 635.9s
    train-00002-of-00003.parquet group 82: 281522 rows, 636.1s
    train-00002-of-00003.parquet group 83: 281622 rows, 636.3s
    train-00002-of-00003.parquet group 84: 281722 rows, 636.5s
    train-00002-of-00003.parquet group 85: 281822 rows, 636.7s
    train-00002-of-00003.parquet group 86: 281922 rows, 637.0s
    train-00002-of-00003.parquet group 87: 282022 rows, 637.2s
    train-00002-of-00003.parquet group 88: 282122 rows, 637.4s
    train-00002-of-00003.parquet group 89: 282222 rows, 637.6s
    train-00002-of-00003.parquet group 90: 282322 rows, 637.8s
    train-00002-of-00003.parquet group 91: 282422 rows, 638.0s
    train-00002-of-00003.parquet group 92: 282522 rows, 638.2s
    train-00002-of-00003.parquet group 93: 282622 rows, 638.5s
    train-00002-of-00003.parquet group 94: 282722 rows, 638.7s
    train-00002-of-00003.parquet group 95: 282822 rows, 638.9s
    train-00002-of-00003.parquet group 96: 282922 rows, 639.1s
    train-00002-of-00003.parquet group 97: 283022 rows, 639.3s
    train-00002-of-00003.parquet group 98: 283122 rows, 639.5s
    train-00002-of-00003.parquet group 99: 283222 rows, 639.7s
    train-00002-of-00003.parquet group 100: 283322 rows, 639.9s
    train-00002-of-00003.parquet group 101: 283422 rows, 640.1s
    train-00002-of-00003.parquet group 102: 283522 rows, 640.4s
    train-00002-of-00003.parquet group 103: 283622 rows, 640.6s
    train-00002-of-00003.parquet group 104: 283722 rows, 640.8s
    train-00002-of-00003.parquet group 105: 283822 rows, 641.0s
    train-00002-of-00003.parquet group 106: 283922 rows, 641.2s
    train-00002-of-00003.parquet group 107: 284022 rows, 641.4s
    train-00002-of-00003.parquet group 108: 284122 rows, 641.6s
    train-00002-of-00003.parquet group 109: 284222 rows, 641.8s
    train-00002-of-00003.parquet group 110: 284322 rows, 642.0s
    train-00002-of-00003.parquet group 111: 284422 rows, 642.2s
    train-00002-of-00003.parquet group 112: 284522 rows, 642.4s
    train-00002-of-00003.parquet group 113: 284622 rows, 642.7s
    train-00002-of-00003.parquet group 114: 284722 rows, 642.9s
    train-00002-of-00003.parquet group 115: 284822 rows, 643.1s
    train-00002-of-00003.parquet group 116: 284922 rows, 643.3s
    train-00002-of-00003.parquet group 117: 285022 rows, 643.5s
    train-00002-of-00003.parquet group 118: 285122 rows, 643.7s
    train-00002-of-00003.parquet group 119: 285222 rows, 643.9s
    train-00002-of-00003.parquet group 120: 285322 rows, 644.1s
    train-00002-of-00003.parquet group 121: 285422 rows, 644.3s
    train-00002-of-00003.parquet group 122: 285522 rows, 644.6s
    train-00002-of-00003.parquet group 123: 285622 rows, 644.8s
    train-00002-of-00003.parquet group 124: 285722 rows, 645.0s
    train-00002-of-00003.parquet group 125: 285822 rows, 645.2s
    train-00002-of-00003.parquet group 126: 285922 rows, 645.4s
    train-00002-of-00003.parquet group 127: 286022 rows, 645.7s
    train-00002-of-00003.parquet group 128: 286122 rows, 645.9s
    train-00002-of-00003.parquet group 129: 286222 rows, 646.1s
    train-00002-of-00003.parquet group 130: 286322 rows, 646.3s
    train-00002-of-00003.parquet group 131: 286422 rows, 646.5s
    train-00002-of-00003.parquet group 132: 286522 rows, 646.7s
    train-00002-of-00003.parquet group 133: 286622 rows, 647.0s
    train-00002-of-00003.parquet group 134: 286722 rows, 647.2s
    train-00002-of-00003.parquet group 135: 286822 rows, 647.4s
    train-00002-of-00003.parquet group 136: 286922 rows, 647.6s
    train-00002-of-00003.parquet group 137: 287022 rows, 647.8s
    train-00002-of-00003.parquet group 138: 287122 rows, 648.0s
    train-00002-of-00003.parquet group 139: 287222 rows, 648.2s
    train-00002-of-00003.parquet group 140: 287322 rows, 648.4s
    train-00002-of-00003.parquet group 141: 287422 rows, 648.7s
    train-00002-of-00003.parquet group 142: 287522 rows, 648.9s
    train-00002-of-00003.parquet group 143: 287622 rows, 649.1s
    train-00002-of-00003.parquet group 144: 287722 rows, 649.3s
    train-00002-of-00003.parquet group 145: 287822 rows, 649.5s
    train-00002-of-00003.parquet group 146: 287922 rows, 649.7s
    train-00002-of-00003.parquet group 147: 288022 rows, 649.9s
    train-00002-of-00003.parquet group 148: 288122 rows, 650.1s
    train-00002-of-00003.parquet group 149: 288222 rows, 650.4s
    train-00002-of-00003.parquet group 150: 288322 rows, 650.6s
    train-00002-of-00003.parquet group 151: 288422 rows, 650.8s
    train-00002-of-00003.parquet group 152: 288522 rows, 651.0s
    train-00002-of-00003.parquet group 153: 288622 rows, 651.2s
    train-00002-of-00003.parquet group 154: 288722 rows, 651.4s
    train-00002-of-00003.parquet group 155: 288822 rows, 651.7s
    train-00002-of-00003.parquet group 156: 288922 rows, 651.9s
    train-00002-of-00003.parquet group 157: 289022 rows, 652.1s
    train-00002-of-00003.parquet group 158: 289122 rows, 652.3s
    train-00002-of-00003.parquet group 159: 289222 rows, 652.5s
    train-00002-of-00003.parquet group 160: 289322 rows, 652.7s
    train-00002-of-00003.parquet group 161: 289422 rows, 652.9s
    train-00002-of-00003.parquet group 162: 289522 rows, 653.1s
    train-00002-of-00003.parquet group 163: 289622 rows, 653.3s
    train-00002-of-00003.parquet group 164: 289722 rows, 653.6s
    train-00002-of-00003.parquet group 165: 289822 rows, 653.8s
    train-00002-of-00003.parquet group 166: 289922 rows, 654.0s
    train-00002-of-00003.parquet group 167: 290022 rows, 654.2s
    train-00002-of-00003.parquet group 168: 290122 rows, 654.5s
    train-00002-of-00003.parquet group 169: 290222 rows, 654.7s
    train-00002-of-00003.parquet group 170: 290322 rows, 654.9s
    train-00002-of-00003.parquet group 171: 290422 rows, 655.1s
    train-00002-of-00003.parquet group 172: 290522 rows, 655.4s
    train-00002-of-00003.parquet group 173: 290622 rows, 655.6s
    train-00002-of-00003.parquet group 174: 290722 rows, 655.8s
    train-00002-of-00003.parquet group 175: 290822 rows, 656.0s
    train-00002-of-00003.parquet group 176: 290922 rows, 656.3s
    train-00002-of-00003.parquet group 177: 291022 rows, 656.5s
    train-00002-of-00003.parquet group 178: 291122 rows, 656.7s
    train-00002-of-00003.parquet group 179: 291222 rows, 656.9s
    train-00002-of-00003.parquet group 180: 291322 rows, 657.1s
    train-00002-of-00003.parquet group 181: 291422 rows, 657.4s
    train-00002-of-00003.parquet group 182: 291522 rows, 657.6s
    train-00002-of-00003.parquet group 183: 291622 rows, 657.8s
    train-00002-of-00003.parquet group 184: 291722 rows, 658.0s
    train-00002-of-00003.parquet group 185: 291822 rows, 658.2s
    train-00002-of-00003.parquet group 186: 291922 rows, 658.5s
    train-00002-of-00003.parquet group 187: 292022 rows, 658.7s
    train-00002-of-00003.parquet group 188: 292122 rows, 658.9s
    train-00002-of-00003.parquet group 189: 292222 rows, 659.1s
    train-00002-of-00003.parquet group 190: 292322 rows, 659.4s
    train-00002-of-00003.parquet group 191: 292422 rows, 659.6s
    train-00002-of-00003.parquet group 192: 292522 rows, 659.8s
    train-00002-of-00003.parquet group 193: 292622 rows, 660.1s
    train-00002-of-00003.parquet group 194: 292722 rows, 660.3s
    train-00002-of-00003.parquet group 195: 292822 rows, 660.5s
    train-00002-of-00003.parquet group 196: 292922 rows, 660.7s
    train-00002-of-00003.parquet group 197: 293022 rows, 661.0s
    train-00002-of-00003.parquet group 198: 293122 rows, 661.2s
    train-00002-of-00003.parquet group 199: 293222 rows, 661.4s
    train-00002-of-00003.parquet group 200: 293322 rows, 661.6s
    train-00002-of-00003.parquet group 201: 293422 rows, 661.9s
    train-00002-of-00003.parquet group 202: 293522 rows, 662.1s
    train-00002-of-00003.parquet group 203: 293622 rows, 662.3s
    train-00002-of-00003.parquet group 204: 293722 rows, 662.5s
    train-00002-of-00003.parquet group 205: 293822 rows, 662.7s
    train-00002-of-00003.parquet group 206: 293922 rows, 662.9s
    train-00002-of-00003.parquet group 207: 294022 rows, 663.2s
    train-00002-of-00003.parquet group 208: 294122 rows, 663.4s
    train-00002-of-00003.parquet group 209: 294222 rows, 663.6s
    train-00002-of-00003.parquet group 210: 294322 rows, 663.8s
    train-00002-of-00003.parquet group 211: 294422 rows, 664.1s
    train-00002-of-00003.parquet group 212: 294522 rows, 664.3s
    train-00002-of-00003.parquet group 213: 294622 rows, 664.5s
    train-00002-of-00003.parquet group 214: 294722 rows, 664.8s
    train-00002-of-00003.parquet group 215: 294822 rows, 665.0s
    train-00002-of-00003.parquet group 216: 294922 rows, 665.2s
    train-00002-of-00003.parquet group 217: 295022 rows, 665.4s
    train-00002-of-00003.parquet group 218: 295122 rows, 665.7s
    train-00002-of-00003.parquet group 219: 295222 rows, 665.9s
    train-00002-of-00003.parquet group 220: 295322 rows, 666.1s
    train-00002-of-00003.parquet group 221: 295422 rows, 666.3s
    train-00002-of-00003.parquet group 222: 295522 rows, 666.5s
    train-00002-of-00003.parquet group 223: 295622 rows, 666.8s
    train-00002-of-00003.parquet group 224: 295722 rows, 667.0s
    train-00002-of-00003.parquet group 225: 295822 rows, 667.2s
    train-00002-of-00003.parquet group 226: 295922 rows, 667.4s
    train-00002-of-00003.parquet group 227: 296022 rows, 667.6s
    train-00002-of-00003.parquet group 228: 296122 rows, 667.9s
    train-00002-of-00003.parquet group 229: 296222 rows, 668.1s
    train-00002-of-00003.parquet group 230: 296322 rows, 668.3s
    train-00002-of-00003.parquet group 231: 296422 rows, 668.5s
    train-00002-of-00003.parquet group 232: 296522 rows, 668.7s
    train-00002-of-00003.parquet group 233: 296622 rows, 669.0s
    train-00002-of-00003.parquet group 234: 296722 rows, 669.2s
    train-00002-of-00003.parquet group 235: 296822 rows, 669.4s
    train-00002-of-00003.parquet group 236: 296922 rows, 669.6s
    train-00002-of-00003.parquet group 237: 297022 rows, 669.8s
    train-00002-of-00003.parquet group 238: 297122 rows, 670.1s
    train-00002-of-00003.parquet group 239: 297222 rows, 670.3s
    train-00002-of-00003.parquet group 240: 297322 rows, 670.5s
    train-00002-of-00003.parquet group 241: 297422 rows, 670.7s
    train-00002-of-00003.parquet group 242: 297522 rows, 670.9s
    train-00002-of-00003.parquet group 243: 297622 rows, 671.2s
    train-00002-of-00003.parquet group 244: 297722 rows, 671.4s
    train-00002-of-00003.parquet group 245: 297822 rows, 671.6s
    train-00002-of-00003.parquet group 246: 297922 rows, 671.8s
    train-00002-of-00003.parquet group 247: 298022 rows, 672.0s
    train-00002-of-00003.parquet group 248: 298122 rows, 672.2s
    train-00002-of-00003.parquet group 249: 298222 rows, 672.5s
    train-00002-of-00003.parquet group 250: 298322 rows, 672.7s
    train-00002-of-00003.parquet group 251: 298422 rows, 672.9s
    train-00002-of-00003.parquet group 252: 298522 rows, 673.1s
    train-00002-of-00003.parquet group 253: 298622 rows, 673.3s
    train-00002-of-00003.parquet group 254: 298722 rows, 673.5s
    train-00002-of-00003.parquet group 255: 298822 rows, 673.7s
    train-00002-of-00003.parquet group 256: 298922 rows, 673.9s
    train-00002-of-00003.parquet group 257: 299022 rows, 674.1s
    train-00002-of-00003.parquet group 258: 299122 rows, 674.3s
    train-00002-of-00003.parquet group 259: 299222 rows, 674.5s
    train-00002-of-00003.parquet group 260: 299322 rows, 674.8s
    train-00002-of-00003.parquet group 261: 299422 rows, 675.0s
    train-00002-of-00003.parquet group 262: 299522 rows, 675.2s
    train-00002-of-00003.parquet group 263: 299622 rows, 675.4s
    train-00002-of-00003.parquet group 264: 299722 rows, 675.6s
    train-00002-of-00003.parquet group 265: 299822 rows, 675.8s
    train-00002-of-00003.parquet group 266: 299922 rows, 676.1s
    train-00002-of-00003.parquet group 267: 300022 rows, 676.3s
    train-00002-of-00003.parquet group 268: 300122 rows, 676.5s
    train-00002-of-00003.parquet group 269: 300222 rows, 676.7s
    train-00002-of-00003.parquet group 270: 300322 rows, 676.9s
    train-00002-of-00003.parquet group 271: 300422 rows, 677.1s
    train-00002-of-00003.parquet group 272: 300522 rows, 677.3s
    train-00002-of-00003.parquet group 273: 300622 rows, 677.5s
    train-00002-of-00003.parquet group 274: 300722 rows, 677.7s
    train-00002-of-00003.parquet group 275: 300822 rows, 678.0s
    train-00002-of-00003.parquet group 276: 300922 rows, 678.2s
    train-00002-of-00003.parquet group 277: 301022 rows, 678.4s
    train-00002-of-00003.parquet group 278: 301122 rows, 678.6s
    train-00002-of-00003.parquet group 279: 301222 rows, 678.9s
    train-00002-of-00003.parquet group 280: 301322 rows, 679.1s
    train-00002-of-00003.parquet group 281: 301422 rows, 679.3s
    train-00002-of-00003.parquet group 282: 301522 rows, 679.5s
    train-00002-of-00003.parquet group 283: 301622 rows, 679.7s
    train-00002-of-00003.parquet group 284: 301722 rows, 679.9s
    train-00002-of-00003.parquet group 285: 301822 rows, 680.1s
    train-00002-of-00003.parquet group 286: 301922 rows, 680.3s
    train-00002-of-00003.parquet group 287: 302022 rows, 680.5s
    train-00002-of-00003.parquet group 288: 302122 rows, 680.8s
    train-00002-of-00003.parquet group 289: 302222 rows, 681.0s
    train-00002-of-00003.parquet group 290: 302322 rows, 681.2s
    train-00002-of-00003.parquet group 291: 302422 rows, 681.4s
    train-00002-of-00003.parquet group 292: 302522 rows, 681.6s
    train-00002-of-00003.parquet group 293: 302622 rows, 681.8s
    train-00002-of-00003.parquet group 294: 302722 rows, 682.0s
    train-00002-of-00003.parquet group 295: 302822 rows, 682.2s
    train-00002-of-00003.parquet group 296: 302922 rows, 682.5s
    train-00002-of-00003.parquet group 297: 303022 rows, 682.7s
    train-00002-of-00003.parquet group 298: 303122 rows, 682.9s
    train-00002-of-00003.parquet group 299: 303222 rows, 683.1s
    train-00002-of-00003.parquet group 300: 303322 rows, 683.3s
    train-00002-of-00003.parquet group 301: 303422 rows, 683.5s
    train-00002-of-00003.parquet group 302: 303522 rows, 683.8s
    train-00002-of-00003.parquet group 303: 303622 rows, 684.0s
    train-00002-of-00003.parquet group 304: 303722 rows, 684.2s
    train-00002-of-00003.parquet group 305: 303822 rows, 684.4s
    train-00002-of-00003.parquet group 306: 303922 rows, 684.6s
    train-00002-of-00003.parquet group 307: 304022 rows, 684.9s
    train-00002-of-00003.parquet group 308: 304122 rows, 685.1s
    train-00002-of-00003.parquet group 309: 304222 rows, 685.3s
    train-00002-of-00003.parquet group 310: 304322 rows, 685.5s
    train-00002-of-00003.parquet group 311: 304422 rows, 685.7s
    train-00002-of-00003.parquet group 312: 304522 rows, 686.0s
    train-00002-of-00003.parquet group 313: 304622 rows, 686.2s
    train-00002-of-00003.parquet group 314: 304722 rows, 686.4s
    train-00002-of-00003.parquet group 315: 304822 rows, 686.6s
    train-00002-of-00003.parquet group 316: 304922 rows, 686.8s
    train-00002-of-00003.parquet group 317: 305022 rows, 687.1s
    train-00002-of-00003.parquet group 318: 305122 rows, 687.3s
    train-00002-of-00003.parquet group 319: 305222 rows, 687.5s
    train-00002-of-00003.parquet group 320: 305322 rows, 687.7s
    train-00002-of-00003.parquet group 321: 305422 rows, 687.9s
    train-00002-of-00003.parquet group 322: 305522 rows, 688.1s
    train-00002-of-00003.parquet group 323: 305622 rows, 688.3s
    train-00002-of-00003.parquet group 324: 305722 rows, 688.5s
    train-00002-of-00003.parquet group 325: 305822 rows, 688.7s
    train-00002-of-00003.parquet group 326: 305922 rows, 688.9s
    train-00002-of-00003.parquet group 327: 306022 rows, 689.2s
    train-00002-of-00003.parquet group 328: 306122 rows, 689.4s
    train-00002-of-00003.parquet group 329: 306222 rows, 689.6s
    train-00002-of-00003.parquet group 330: 306322 rows, 689.8s
    train-00002-of-00003.parquet group 331: 306422 rows, 690.0s
    train-00002-of-00003.parquet group 332: 306522 rows, 690.2s
    train-00002-of-00003.parquet group 333: 306622 rows, 690.4s
    train-00002-of-00003.parquet group 334: 306722 rows, 690.7s
    train-00002-of-00003.parquet group 335: 306822 rows, 690.9s
    train-00002-of-00003.parquet group 336: 306922 rows, 691.1s
    train-00002-of-00003.parquet group 337: 307022 rows, 691.3s
    train-00002-of-00003.parquet group 338: 307122 rows, 691.6s
    train-00002-of-00003.parquet group 339: 307222 rows, 691.8s
    train-00002-of-00003.parquet group 340: 307322 rows, 692.0s
    train-00002-of-00003.parquet group 341: 307422 rows, 692.2s
    train-00002-of-00003.parquet group 342: 307522 rows, 692.4s
    train-00002-of-00003.parquet group 343: 307622 rows, 692.6s
    train-00002-of-00003.parquet group 344: 307722 rows, 692.8s
    train-00002-of-00003.parquet group 345: 307822 rows, 693.0s
    train-00002-of-00003.parquet group 346: 307922 rows, 693.2s
    train-00002-of-00003.parquet group 347: 308022 rows, 693.4s
    train-00002-of-00003.parquet group 348: 308122 rows, 693.6s
    train-00002-of-00003.parquet group 349: 308222 rows, 693.8s
    train-00002-of-00003.parquet group 350: 308322 rows, 694.0s
    train-00002-of-00003.parquet group 351: 308422 rows, 694.3s
    train-00002-of-00003.parquet group 352: 308522 rows, 694.5s
    train-00002-of-00003.parquet group 353: 308622 rows, 694.7s
    train-00002-of-00003.parquet group 354: 308722 rows, 694.9s
    train-00002-of-00003.parquet group 355: 308822 rows, 695.1s
    train-00002-of-00003.parquet group 356: 308922 rows, 695.3s
    train-00002-of-00003.parquet group 357: 309022 rows, 695.6s
    train-00002-of-00003.parquet group 358: 309122 rows, 695.8s
    train-00002-of-00003.parquet group 359: 309222 rows, 696.0s
    train-00002-of-00003.parquet group 360: 309322 rows, 696.2s
    train-00002-of-00003.parquet group 361: 309422 rows, 696.5s
    train-00002-of-00003.parquet group 362: 309522 rows, 696.7s
    train-00002-of-00003.parquet group 363: 309622 rows, 696.9s
    train-00002-of-00003.parquet group 364: 309722 rows, 697.1s
    train-00002-of-00003.parquet group 365: 309822 rows, 697.3s
    train-00002-of-00003.parquet group 366: 309922 rows, 697.6s
    train-00002-of-00003.parquet group 367: 310022 rows, 697.8s
    train-00002-of-00003.parquet group 368: 310122 rows, 698.0s
    train-00002-of-00003.parquet group 369: 310222 rows, 698.3s
    train-00002-of-00003.parquet group 370: 310322 rows, 698.5s
    train-00002-of-00003.parquet group 371: 310422 rows, 698.7s
    train-00002-of-00003.parquet group 372: 310522 rows, 698.9s
    train-00002-of-00003.parquet group 373: 310622 rows, 699.2s
    train-00002-of-00003.parquet group 374: 310722 rows, 699.4s
    train-00002-of-00003.parquet group 375: 310822 rows, 699.6s
    train-00002-of-00003.parquet group 376: 310922 rows, 699.9s
    train-00002-of-00003.parquet group 377: 311022 rows, 700.1s
    train-00002-of-00003.parquet group 378: 311122 rows, 700.3s
    train-00002-of-00003.parquet group 379: 311222 rows, 700.6s
    train-00002-of-00003.parquet group 380: 311322 rows, 700.8s
    train-00002-of-00003.parquet group 381: 311422 rows, 701.0s
    train-00002-of-00003.parquet group 382: 311522 rows, 701.2s
    train-00002-of-00003.parquet group 383: 311622 rows, 701.5s
    train-00002-of-00003.parquet group 384: 311722 rows, 701.7s
    train-00002-of-00003.parquet group 385: 311822 rows, 701.9s
    train-00002-of-00003.parquet group 386: 311922 rows, 702.1s
    train-00002-of-00003.parquet group 387: 312022 rows, 702.3s
    train-00002-of-00003.parquet group 388: 312122 rows, 702.6s
    train-00002-of-00003.parquet group 389: 312222 rows, 702.8s
    train-00002-of-00003.parquet group 390: 312322 rows, 703.0s
    train-00002-of-00003.parquet group 391: 312422 rows, 703.2s
    train-00002-of-00003.parquet group 392: 312522 rows, 703.5s
    train-00002-of-00003.parquet group 393: 312622 rows, 703.7s
    train-00002-of-00003.parquet group 394: 312722 rows, 703.9s
    train-00002-of-00003.parquet group 395: 312822 rows, 704.1s
    train-00002-of-00003.parquet group 396: 312922 rows, 704.4s
    train-00002-of-00003.parquet group 397: 313022 rows, 704.6s
    train-00002-of-00003.parquet group 398: 313122 rows, 704.8s
    train-00002-of-00003.parquet group 399: 313222 rows, 705.1s
    train-00002-of-00003.parquet group 400: 313322 rows, 705.3s
    train-00002-of-00003.parquet group 401: 313422 rows, 705.5s
    train-00002-of-00003.parquet group 402: 313522 rows, 705.7s
    train-00002-of-00003.parquet group 403: 313622 rows, 706.0s
    train-00002-of-00003.parquet group 404: 313722 rows, 706.2s
    train-00002-of-00003.parquet group 405: 313822 rows, 706.4s
    train-00002-of-00003.parquet group 406: 313922 rows, 706.6s
    train-00002-of-00003.parquet group 407: 314022 rows, 706.8s
    train-00002-of-00003.parquet group 408: 314122 rows, 707.1s
    train-00002-of-00003.parquet group 409: 314222 rows, 707.3s
    train-00002-of-00003.parquet group 410: 314322 rows, 707.5s
    train-00002-of-00003.parquet group 411: 314422 rows, 707.7s
    train-00002-of-00003.parquet group 412: 314522 rows, 707.9s
    train-00002-of-00003.parquet group 413: 314622 rows, 708.1s
    train-00002-of-00003.parquet group 414: 314722 rows, 708.4s
    train-00002-of-00003.parquet group 415: 314822 rows, 708.6s
    train-00002-of-00003.parquet group 416: 314922 rows, 708.8s
    train-00002-of-00003.parquet group 417: 315022 rows, 709.0s
    train-00002-of-00003.parquet group 418: 315122 rows, 709.2s
    train-00002-of-00003.parquet group 419: 315222 rows, 709.5s
    train-00002-of-00003.parquet group 420: 315322 rows, 709.7s
    train-00002-of-00003.parquet group 421: 315422 rows, 709.9s
    train-00002-of-00003.parquet group 422: 315522 rows, 710.1s
    train-00002-of-00003.parquet group 423: 315622 rows, 710.3s
    train-00002-of-00003.parquet group 424: 315722 rows, 710.5s
    train-00002-of-00003.parquet group 425: 315822 rows, 710.7s
    train-00002-of-00003.parquet group 426: 315922 rows, 711.0s
    train-00002-of-00003.parquet group 427: 316022 rows, 711.2s
    train-00002-of-00003.parquet group 428: 316122 rows, 711.4s
    train-00002-of-00003.parquet group 429: 316222 rows, 711.6s
    train-00002-of-00003.parquet group 430: 316322 rows, 711.8s
    train-00002-of-00003.parquet group 431: 316422 rows, 712.0s
    train-00002-of-00003.parquet group 432: 316522 rows, 712.3s
    train-00002-of-00003.parquet group 433: 316622 rows, 712.5s
    train-00002-of-00003.parquet group 434: 316722 rows, 712.7s
    train-00002-of-00003.parquet group 435: 316822 rows, 712.9s
    train-00002-of-00003.parquet group 436: 316922 rows, 713.1s
    train-00002-of-00003.parquet group 437: 317022 rows, 713.3s
    train-00002-of-00003.parquet group 438: 317122 rows, 713.5s
    train-00002-of-00003.parquet group 439: 317222 rows, 713.8s
    train-00002-of-00003.parquet group 440: 317322 rows, 714.0s
    train-00002-of-00003.parquet group 441: 317422 rows, 714.2s
    train-00002-of-00003.parquet group 442: 317522 rows, 714.4s
    train-00002-of-00003.parquet group 443: 317622 rows, 714.6s
    train-00002-of-00003.parquet group 444: 317722 rows, 714.9s
    train-00002-of-00003.parquet group 445: 317822 rows, 715.1s
    train-00002-of-00003.parquet group 446: 317922 rows, 715.3s
    train-00002-of-00003.parquet group 447: 318022 rows, 715.6s
    train-00002-of-00003.parquet group 448: 318122 rows, 715.8s
    train-00002-of-00003.parquet group 449: 318222 rows, 716.0s
    train-00002-of-00003.parquet group 450: 318322 rows, 716.2s
    train-00002-of-00003.parquet group 451: 318422 rows, 716.4s
    train-00002-of-00003.parquet group 452: 318522 rows, 716.7s
    train-00002-of-00003.parquet group 453: 318622 rows, 716.9s
    train-00002-of-00003.parquet group 454: 318722 rows, 717.1s
    train-00002-of-00003.parquet group 455: 318822 rows, 717.3s
    train-00002-of-00003.parquet group 456: 318922 rows, 717.6s
    train-00002-of-00003.parquet group 457: 319022 rows, 717.8s
    train-00002-of-00003.parquet group 458: 319122 rows, 718.0s
    train-00002-of-00003.parquet group 459: 319222 rows, 718.2s
    train-00002-of-00003.parquet group 460: 319322 rows, 718.4s
    train-00002-of-00003.parquet group 461: 319422 rows, 718.6s
    train-00002-of-00003.parquet group 462: 319522 rows, 718.8s
    train-00002-of-00003.parquet group 463: 319622 rows, 719.1s
    train-00002-of-00003.parquet group 464: 319722 rows, 719.3s
    train-00002-of-00003.parquet group 465: 319822 rows, 719.5s
    train-00002-of-00003.parquet group 466: 319922 rows, 719.7s
    train-00002-of-00003.parquet group 467: 320022 rows, 719.9s
    train-00002-of-00003.parquet group 468: 320122 rows, 720.1s
    train-00002-of-00003.parquet group 469: 320222 rows, 720.4s
    train-00002-of-00003.parquet group 470: 320322 rows, 720.6s
    train-00002-of-00003.parquet group 471: 320422 rows, 720.8s
    train-00002-of-00003.parquet group 472: 320522 rows, 721.0s
    train-00002-of-00003.parquet group 473: 320622 rows, 721.2s
    train-00002-of-00003.parquet group 474: 320722 rows, 721.5s
    train-00002-of-00003.parquet group 475: 320822 rows, 721.7s
    train-00002-of-00003.parquet group 476: 320922 rows, 721.9s
    train-00002-of-00003.parquet group 477: 321022 rows, 722.1s
    train-00002-of-00003.parquet group 478: 321122 rows, 722.3s
    train-00002-of-00003.parquet group 479: 321222 rows, 722.5s
    train-00002-of-00003.parquet group 480: 321322 rows, 722.8s
    train-00002-of-00003.parquet group 481: 321422 rows, 723.0s
    train-00002-of-00003.parquet group 482: 321522 rows, 723.2s
    train-00002-of-00003.parquet group 483: 321622 rows, 723.5s
    train-00002-of-00003.parquet group 484: 321722 rows, 723.7s
    train-00002-of-00003.parquet group 485: 321822 rows, 723.9s
    train-00002-of-00003.parquet group 486: 321922 rows, 724.2s
    train-00002-of-00003.parquet group 487: 322022 rows, 724.4s
    train-00002-of-00003.parquet group 488: 322122 rows, 724.6s
    train-00002-of-00003.parquet group 489: 322222 rows, 724.8s
    train-00002-of-00003.parquet group 490: 322322 rows, 725.0s
    train-00002-of-00003.parquet group 491: 322422 rows, 725.2s
    train-00002-of-00003.parquet group 492: 322522 rows, 725.5s
    train-00002-of-00003.parquet group 493: 322622 rows, 725.7s
    train-00002-of-00003.parquet group 494: 322722 rows, 725.9s
    train-00002-of-00003.parquet group 495: 322822 rows, 726.1s
    train-00002-of-00003.parquet group 496: 322922 rows, 726.3s
    train-00002-of-00003.parquet group 497: 323022 rows, 726.5s
    train-00002-of-00003.parquet group 498: 323122 rows, 726.8s
    train-00002-of-00003.parquet group 499: 323222 rows, 727.0s
    train-00002-of-00003.parquet group 500: 323322 rows, 727.2s
    train-00002-of-00003.parquet group 501: 323422 rows, 727.4s
    train-00002-of-00003.parquet group 502: 323522 rows, 727.7s
    train-00002-of-00003.parquet group 503: 323622 rows, 727.9s
    train-00002-of-00003.parquet group 504: 323722 rows, 728.1s
    train-00002-of-00003.parquet group 505: 323822 rows, 728.3s
    train-00002-of-00003.parquet group 506: 323922 rows, 728.6s
    train-00002-of-00003.parquet group 507: 324022 rows, 728.8s
    train-00002-of-00003.parquet group 508: 324122 rows, 729.0s
    train-00002-of-00003.parquet group 509: 324222 rows, 729.3s
    train-00002-of-00003.parquet group 510: 324322 rows, 729.5s
    train-00002-of-00003.parquet group 511: 324422 rows, 729.7s
    train-00002-of-00003.parquet group 512: 324522 rows, 730.0s
    train-00002-of-00003.parquet group 513: 324622 rows, 730.2s
    train-00002-of-00003.parquet group 514: 324722 rows, 730.4s
    train-00002-of-00003.parquet group 515: 324822 rows, 730.6s
    train-00002-of-00003.parquet group 516: 324922 rows, 730.8s
    train-00002-of-00003.parquet group 517: 325022 rows, 731.0s
    train-00002-of-00003.parquet group 518: 325122 rows, 731.3s
    train-00002-of-00003.parquet group 519: 325222 rows, 731.5s
    train-00002-of-00003.parquet group 520: 325322 rows, 731.7s
    train-00002-of-00003.parquet group 521: 325422 rows, 731.9s
    train-00002-of-00003.parquet group 522: 325522 rows, 732.1s
    train-00002-of-00003.parquet group 523: 325622 rows, 732.4s
    train-00002-of-00003.parquet group 524: 325722 rows, 732.6s
    train-00002-of-00003.parquet group 525: 325822 rows, 732.8s
    train-00002-of-00003.parquet group 526: 325922 rows, 733.0s
    train-00002-of-00003.parquet group 527: 326022 rows, 733.3s
    train-00002-of-00003.parquet group 528: 326122 rows, 733.5s
    train-00002-of-00003.parquet group 529: 326222 rows, 733.7s
    train-00002-of-00003.parquet group 530: 326322 rows, 733.9s
    train-00002-of-00003.parquet group 531: 326422 rows, 734.2s
    train-00002-of-00003.parquet group 532: 326522 rows, 734.4s
    train-00002-of-00003.parquet group 533: 326622 rows, 734.6s
    train-00002-of-00003.parquet group 534: 326722 rows, 734.8s
    train-00002-of-00003.parquet group 535: 326822 rows, 735.0s
    train-00002-of-00003.parquet group 536: 326922 rows, 735.3s
    train-00002-of-00003.parquet group 537: 327022 rows, 735.5s
    train-00002-of-00003.parquet group 538: 327122 rows, 735.7s
    train-00002-of-00003.parquet group 539: 327222 rows, 735.9s
    train-00002-of-00003.parquet group 540: 327322 rows, 736.1s
    train-00002-of-00003.parquet group 541: 327422 rows, 736.3s
    train-00002-of-00003.parquet group 542: 327522 rows, 736.6s
    train-00002-of-00003.parquet group 543: 327622 rows, 736.8s
    train-00002-of-00003.parquet group 544: 327722 rows, 737.0s
    train-00002-of-00003.parquet group 545: 327822 rows, 737.2s
    train-00002-of-00003.parquet group 546: 327922 rows, 737.4s
    train-00002-of-00003.parquet group 547: 328022 rows, 737.6s
    train-00002-of-00003.parquet group 548: 328122 rows, 737.9s
    train-00002-of-00003.parquet group 549: 328222 rows, 738.1s
    train-00002-of-00003.parquet group 550: 328322 rows, 738.3s
    train-00002-of-00003.parquet group 551: 328422 rows, 738.5s
    train-00002-of-00003.parquet group 552: 328522 rows, 738.8s
    train-00002-of-00003.parquet group 553: 328622 rows, 739.0s
    train-00002-of-00003.parquet group 554: 328722 rows, 739.2s
    train-00002-of-00003.parquet group 555: 328822 rows, 739.4s
    train-00002-of-00003.parquet group 556: 328922 rows, 739.6s
    train-00002-of-00003.parquet group 557: 329022 rows, 739.8s
    train-00002-of-00003.parquet group 558: 329122 rows, 740.0s
    train-00002-of-00003.parquet group 559: 329222 rows, 740.2s
    train-00002-of-00003.parquet group 560: 329322 rows, 740.4s
    train-00002-of-00003.parquet group 561: 329422 rows, 740.6s
    train-00002-of-00003.parquet group 562: 329522 rows, 740.9s
    train-00002-of-00003.parquet group 563: 329622 rows, 741.1s
    train-00002-of-00003.parquet group 564: 329722 rows, 741.3s
    train-00002-of-00003.parquet group 565: 329822 rows, 741.5s
    train-00002-of-00003.parquet group 566: 329922 rows, 741.7s
    train-00002-of-00003.parquet group 567: 330022 rows, 742.0s
    train-00002-of-00003.parquet group 568: 330122 rows, 742.2s
    train-00002-of-00003.parquet group 569: 330222 rows, 742.4s
    train-00002-of-00003.parquet group 570: 330322 rows, 742.6s
    train-00002-of-00003.parquet group 571: 330422 rows, 742.8s
    train-00002-of-00003.parquet group 572: 330522 rows, 743.0s
    train-00002-of-00003.parquet group 573: 330622 rows, 743.2s
    train-00002-of-00003.parquet group 574: 330722 rows, 743.4s
    train-00002-of-00003.parquet group 575: 330822 rows, 743.6s
    train-00002-of-00003.parquet group 576: 330922 rows, 743.9s
    train-00002-of-00003.parquet group 577: 331022 rows, 744.1s
    train-00002-of-00003.parquet group 578: 331122 rows, 744.3s
    train-00002-of-00003.parquet group 579: 331222 rows, 744.5s
    train-00002-of-00003.parquet group 580: 331322 rows, 744.7s
    train-00002-of-00003.parquet group 581: 331422 rows, 744.9s
    train-00002-of-00003.parquet group 582: 331522 rows, 745.2s
    train-00002-of-00003.parquet group 583: 331622 rows, 745.4s
    train-00002-of-00003.parquet group 584: 331722 rows, 745.6s
    train-00002-of-00003.parquet group 585: 331822 rows, 745.8s
    train-00002-of-00003.parquet group 586: 331922 rows, 746.0s
    train-00002-of-00003.parquet group 587: 332022 rows, 746.2s
    train-00002-of-00003.parquet group 588: 332122 rows, 746.4s
    train-00002-of-00003.parquet group 589: 332222 rows, 746.6s
    train-00002-of-00003.parquet group 590: 332322 rows, 746.9s
    train-00002-of-00003.parquet group 591: 332422 rows, 747.1s
    train-00002-of-00003.parquet group 592: 332522 rows, 747.3s
    train-00002-of-00003.parquet group 593: 332622 rows, 747.5s
    train-00002-of-00003.parquet group 594: 332722 rows, 747.7s
    train-00002-of-00003.parquet group 595: 332822 rows, 747.9s
    train-00002-of-00003.parquet group 596: 332922 rows, 748.2s
    train-00002-of-00003.parquet group 597: 333022 rows, 748.4s
    train-00002-of-00003.parquet group 598: 333122 rows, 748.6s
    train-00002-of-00003.parquet group 599: 333222 rows, 748.8s
    train-00002-of-00003.parquet group 600: 333322 rows, 749.0s
    train-00002-of-00003.parquet group 601: 333422 rows, 749.2s
    train-00002-of-00003.parquet group 602: 333522 rows, 749.5s
    train-00002-of-00003.parquet group 603: 333622 rows, 749.7s
    train-00002-of-00003.parquet group 604: 333722 rows, 749.9s
    train-00002-of-00003.parquet group 605: 333822 rows, 750.1s
    train-00002-of-00003.parquet group 606: 333922 rows, 750.3s
    train-00002-of-00003.parquet group 607: 334022 rows, 750.5s
    train-00002-of-00003.parquet group 608: 334122 rows, 750.8s
    train-00002-of-00003.parquet group 609: 334222 rows, 751.0s
    train-00002-of-00003.parquet group 610: 334322 rows, 751.2s
    train-00002-of-00003.parquet group 611: 334422 rows, 751.4s
    train-00002-of-00003.parquet group 612: 334522 rows, 751.7s
    train-00002-of-00003.parquet group 613: 334622 rows, 751.9s
    train-00002-of-00003.parquet group 614: 334722 rows, 752.1s
    train-00002-of-00003.parquet group 615: 334822 rows, 752.3s
    train-00002-of-00003.parquet group 616: 334922 rows, 752.5s
    train-00002-of-00003.parquet group 617: 335022 rows, 752.7s
    train-00002-of-00003.parquet group 618: 335122 rows, 753.0s
    train-00002-of-00003.parquet group 619: 335222 rows, 753.2s
    train-00002-of-00003.parquet group 620: 335322 rows, 753.4s
    train-00002-of-00003.parquet group 621: 335422 rows, 753.6s
    train-00002-of-00003.parquet group 622: 335522 rows, 753.8s
    train-00002-of-00003.parquet group 623: 335622 rows, 754.1s
    train-00002-of-00003.parquet group 624: 335722 rows, 754.3s
    train-00002-of-00003.parquet group 625: 335822 rows, 754.5s
    train-00002-of-00003.parquet group 626: 335922 rows, 754.7s
    train-00002-of-00003.parquet group 627: 336022 rows, 754.9s
    train-00002-of-00003.parquet group 628: 336122 rows, 755.2s
    train-00002-of-00003.parquet group 629: 336222 rows, 755.4s
    train-00002-of-00003.parquet group 630: 336322 rows, 755.6s
    train-00002-of-00003.parquet group 631: 336422 rows, 755.9s
    train-00002-of-00003.parquet group 632: 336522 rows, 756.1s
    train-00002-of-00003.parquet group 633: 336622 rows, 756.3s
    train-00002-of-00003.parquet group 634: 336722 rows, 756.5s
    train-00002-of-00003.parquet group 635: 336822 rows, 756.7s
    train-00002-of-00003.parquet group 636: 336922 rows, 756.9s
    train-00002-of-00003.parquet group 637: 337022 rows, 757.1s
    train-00002-of-00003.parquet group 638: 337122 rows, 757.3s
    train-00002-of-00003.parquet group 639: 337222 rows, 757.5s
    train-00002-of-00003.parquet group 640: 337322 rows, 757.8s
    train-00002-of-00003.parquet group 641: 337422 rows, 758.0s
    train-00002-of-00003.parquet group 642: 337522 rows, 758.2s
    train-00002-of-00003.parquet group 643: 337622 rows, 758.4s
    train-00002-of-00003.parquet group 644: 337722 rows, 758.6s
    train-00002-of-00003.parquet group 645: 337822 rows, 758.8s
    train-00002-of-00003.parquet group 646: 337922 rows, 759.1s
    train-00002-of-00003.parquet group 647: 338022 rows, 759.3s
    train-00002-of-00003.parquet group 648: 338122 rows, 759.5s
    train-00002-of-00003.parquet group 649: 338222 rows, 759.7s
    train-00002-of-00003.parquet group 650: 338322 rows, 760.0s
    train-00002-of-00003.parquet group 651: 338422 rows, 760.2s
    train-00002-of-00003.parquet group 652: 338522 rows, 760.4s
    train-00002-of-00003.parquet group 653: 338622 rows, 760.6s
    train-00002-of-00003.parquet group 654: 338722 rows, 760.9s
    train-00002-of-00003.parquet group 655: 338822 rows, 761.1s
    train-00002-of-00003.parquet group 656: 338922 rows, 761.3s
    train-00002-of-00003.parquet group 657: 339022 rows, 761.5s
    train-00002-of-00003.parquet group 658: 339122 rows, 761.7s
    train-00002-of-00003.parquet group 659: 339222 rows, 762.0s
    train-00002-of-00003.parquet group 660: 339322 rows, 762.2s
    train-00002-of-00003.parquet group 661: 339422 rows, 762.4s
    train-00002-of-00003.parquet group 662: 339522 rows, 762.6s
    train-00002-of-00003.parquet group 663: 339622 rows, 762.8s
    train-00002-of-00003.parquet group 664: 339722 rows, 763.1s
    train-00002-of-00003.parquet group 665: 339822 rows, 763.3s
    train-00002-of-00003.parquet group 666: 339922 rows, 763.5s
    train-00002-of-00003.parquet group 667: 340022 rows, 763.7s
    train-00002-of-00003.parquet group 668: 340122 rows, 764.0s
    train-00002-of-00003.parquet group 669: 340222 rows, 764.2s
    train-00002-of-00003.parquet group 670: 340322 rows, 764.4s
    train-00002-of-00003.parquet group 671: 340422 rows, 764.6s
    train-00002-of-00003.parquet group 672: 340522 rows, 764.8s
    train-00002-of-00003.parquet group 673: 340622 rows, 765.1s
    train-00002-of-00003.parquet group 674: 340722 rows, 765.3s
    train-00002-of-00003.parquet group 675: 340822 rows, 765.5s
    train-00002-of-00003.parquet group 676: 340922 rows, 765.7s
    train-00002-of-00003.parquet group 677: 341022 rows, 766.0s
    train-00002-of-00003.parquet group 678: 341122 rows, 766.2s
    train-00002-of-00003.parquet group 679: 341222 rows, 766.4s
    train-00002-of-00003.parquet group 680: 341322 rows, 766.7s
    train-00002-of-00003.parquet group 681: 341422 rows, 766.9s
    train-00002-of-00003.parquet group 682: 341522 rows, 767.1s
    train-00002-of-00003.parquet group 683: 341622 rows, 767.4s
    train-00002-of-00003.parquet group 684: 341722 rows, 767.6s
    train-00002-of-00003.parquet group 685: 341822 rows, 767.8s
    train-00002-of-00003.parquet group 686: 341922 rows, 768.0s
    train-00002-of-00003.parquet group 687: 342022 rows, 768.2s
    train-00002-of-00003.parquet group 688: 342122 rows, 768.5s
    train-00002-of-00003.parquet group 689: 342222 rows, 768.7s
    train-00002-of-00003.parquet group 690: 342322 rows, 768.9s
    train-00002-of-00003.parquet group 691: 342422 rows, 769.1s
    train-00002-of-00003.parquet group 692: 342522 rows, 769.3s
    train-00002-of-00003.parquet group 693: 342622 rows, 769.6s
    train-00002-of-00003.parquet group 694: 342722 rows, 769.8s
    train-00002-of-00003.parquet group 695: 342822 rows, 770.0s
    train-00002-of-00003.parquet group 696: 342922 rows, 770.2s
    train-00002-of-00003.parquet group 697: 343022 rows, 770.5s
    train-00002-of-00003.parquet group 698: 343122 rows, 770.7s
    train-00002-of-00003.parquet group 699: 343222 rows, 770.9s
    train-00002-of-00003.parquet group 700: 343322 rows, 771.1s
    train-00002-of-00003.parquet group 701: 343422 rows, 771.4s
    train-00002-of-00003.parquet group 702: 343522 rows, 771.6s
    train-00002-of-00003.parquet group 703: 343622 rows, 771.8s
    train-00002-of-00003.parquet group 704: 343722 rows, 772.0s
    train-00002-of-00003.parquet group 705: 343822 rows, 772.3s
    train-00002-of-00003.parquet group 706: 343922 rows, 772.5s
    train-00002-of-00003.parquet group 707: 344022 rows, 772.7s
    train-00002-of-00003.parquet group 708: 344122 rows, 772.9s
    train-00002-of-00003.parquet group 709: 344222 rows, 773.1s
    train-00002-of-00003.parquet group 710: 344322 rows, 773.3s
    train-00002-of-00003.parquet group 711: 344422 rows, 773.6s
    train-00002-of-00003.parquet group 712: 344522 rows, 773.8s
    train-00002-of-00003.parquet group 713: 344622 rows, 774.0s
    train-00002-of-00003.parquet group 714: 344722 rows, 774.2s
    train-00002-of-00003.parquet group 715: 344822 rows, 774.5s
    train-00002-of-00003.parquet group 716: 344922 rows, 774.7s
    train-00002-of-00003.parquet group 717: 345022 rows, 774.9s
    train-00002-of-00003.parquet group 718: 345122 rows, 775.1s
    train-00002-of-00003.parquet group 719: 345222 rows, 775.4s
    train-00002-of-00003.parquet group 720: 345322 rows, 775.6s
    train-00002-of-00003.parquet group 721: 345422 rows, 775.8s
    train-00002-of-00003.parquet group 722: 345522 rows, 776.0s
    train-00002-of-00003.parquet group 723: 345622 rows, 776.3s
    train-00002-of-00003.parquet group 724: 345722 rows, 776.5s
    train-00002-of-00003.parquet group 725: 345822 rows, 776.7s
    train-00002-of-00003.parquet group 726: 345922 rows, 776.9s
    train-00002-of-00003.parquet group 727: 346022 rows, 777.2s
    train-00002-of-00003.parquet group 728: 346122 rows, 777.4s
    train-00002-of-00003.parquet group 729: 346222 rows, 777.6s
    train-00002-of-00003.parquet group 730: 346322 rows, 777.8s
    train-00002-of-00003.parquet group 731: 346422 rows, 778.0s
    train-00002-of-00003.parquet group 732: 346522 rows, 778.2s
    train-00002-of-00003.parquet group 733: 346622 rows, 778.4s
    train-00002-of-00003.parquet group 734: 346722 rows, 778.6s
    train-00002-of-00003.parquet group 735: 346822 rows, 778.9s
    train-00002-of-00003.parquet group 736: 346922 rows, 779.1s
    train-00002-of-00003.parquet group 737: 347022 rows, 779.3s
    train-00002-of-00003.parquet group 738: 347122 rows, 779.5s
    train-00002-of-00003.parquet group 739: 347222 rows, 779.7s
    train-00002-of-00003.parquet group 740: 347322 rows, 780.0s
    train-00002-of-00003.parquet group 741: 347422 rows, 780.2s
    train-00002-of-00003.parquet group 742: 347522 rows, 780.4s
    train-00002-of-00003.parquet group 743: 347622 rows, 780.7s
    train-00002-of-00003.parquet group 744: 347722 rows, 780.9s
    train-00002-of-00003.parquet group 745: 347822 rows, 781.1s
    train-00002-of-00003.parquet group 746: 347922 rows, 781.3s
    train-00002-of-00003.parquet group 747: 348022 rows, 781.5s
    train-00002-of-00003.parquet group 748: 348122 rows, 781.8s
    train-00002-of-00003.parquet group 749: 348222 rows, 782.0s
    train-00002-of-00003.parquet group 750: 348322 rows, 782.2s
    train-00002-of-00003.parquet group 751: 348422 rows, 782.4s
    train-00002-of-00003.parquet group 752: 348522 rows, 782.6s
    train-00002-of-00003.parquet group 753: 348622 rows, 782.8s
    train-00002-of-00003.parquet group 754: 348722 rows, 783.0s
    train-00002-of-00003.parquet group 755: 348822 rows, 783.3s
    train-00002-of-00003.parquet group 756: 348922 rows, 783.5s
    train-00002-of-00003.parquet group 757: 349022 rows, 783.7s
    train-00002-of-00003.parquet group 758: 349122 rows, 783.9s
    train-00002-of-00003.parquet group 759: 349222 rows, 784.2s
    train-00002-of-00003.parquet group 760: 349322 rows, 784.4s
    train-00002-of-00003.parquet group 761: 349422 rows, 784.6s
    train-00002-of-00003.parquet group 762: 349522 rows, 784.8s
    train-00002-of-00003.parquet group 763: 349622 rows, 785.1s
    train-00002-of-00003.parquet group 764: 349722 rows, 785.3s
    train-00002-of-00003.parquet group 765: 349822 rows, 785.5s
    train-00002-of-00003.parquet group 766: 349922 rows, 785.8s
    train-00002-of-00003.parquet group 767: 350022 rows, 786.0s
    train-00002-of-00003.parquet group 768: 350122 rows, 786.2s
    train-00002-of-00003.parquet group 769: 350222 rows, 786.4s
    train-00002-of-00003.parquet group 770: 350322 rows, 786.7s
    train-00002-of-00003.parquet group 771: 350422 rows, 786.9s
    train-00002-of-00003.parquet group 772: 350522 rows, 787.1s
    train-00002-of-00003.parquet group 773: 350622 rows, 787.3s
    train-00002-of-00003.parquet group 774: 350722 rows, 787.5s
    train-00002-of-00003.parquet group 775: 350822 rows, 787.7s
    train-00002-of-00003.parquet group 776: 350922 rows, 787.9s
    train-00002-of-00003.parquet group 777: 351022 rows, 788.2s
    train-00002-of-00003.parquet group 778: 351122 rows, 788.4s
    train-00002-of-00003.parquet group 779: 351222 rows, 788.6s
    train-00002-of-00003.parquet group 780: 351322 rows, 788.8s
    train-00002-of-00003.parquet group 781: 351422 rows, 789.1s
    train-00002-of-00003.parquet group 782: 351522 rows, 789.3s
    train-00002-of-00003.parquet group 783: 351622 rows, 789.5s
    train-00002-of-00003.parquet group 784: 351722 rows, 789.7s
    train-00002-of-00003.parquet group 785: 351822 rows, 789.9s
    train-00002-of-00003.parquet group 786: 351922 rows, 790.1s
    train-00002-of-00003.parquet group 787: 352022 rows, 790.3s
    train-00002-of-00003.parquet group 788: 352122 rows, 790.5s
    train-00002-of-00003.parquet group 789: 352222 rows, 790.7s
    train-00002-of-00003.parquet group 790: 352322 rows, 790.9s
    train-00002-of-00003.parquet group 791: 352422 rows, 791.2s
    train-00002-of-00003.parquet group 792: 352522 rows, 791.4s
    train-00002-of-00003.parquet group 793: 352622 rows, 791.6s
    train-00002-of-00003.parquet group 794: 352722 rows, 791.8s
    train-00002-of-00003.parquet group 795: 352822 rows, 792.0s
    train-00002-of-00003.parquet group 796: 352922 rows, 792.2s
    train-00002-of-00003.parquet group 797: 353022 rows, 792.4s
    train-00002-of-00003.parquet group 798: 353122 rows, 792.6s
    train-00002-of-00003.parquet group 799: 353222 rows, 792.8s
    train-00002-of-00003.parquet group 800: 353322 rows, 793.0s
    train-00002-of-00003.parquet group 801: 353422 rows, 793.2s
    train-00002-of-00003.parquet group 802: 353522 rows, 793.4s
    train-00002-of-00003.parquet group 803: 353622 rows, 793.7s
    train-00002-of-00003.parquet group 804: 353722 rows, 793.9s
    train-00002-of-00003.parquet group 805: 353822 rows, 794.1s
    train-00002-of-00003.parquet group 806: 353922 rows, 794.3s
    train-00002-of-00003.parquet group 807: 354022 rows, 794.5s
    train-00002-of-00003.parquet group 808: 354122 rows, 794.7s
    train-00002-of-00003.parquet group 809: 354222 rows, 794.9s
    train-00002-of-00003.parquet group 810: 354322 rows, 795.1s
    train-00002-of-00003.parquet group 811: 354422 rows, 795.3s
    train-00002-of-00003.parquet group 812: 354522 rows, 795.6s
    train-00002-of-00003.parquet group 813: 354622 rows, 795.8s
    train-00002-of-00003.parquet group 814: 354722 rows, 796.0s
    train-00002-of-00003.parquet group 815: 354822 rows, 796.2s
    train-00002-of-00003.parquet group 816: 354922 rows, 796.4s
    train-00002-of-00003.parquet group 817: 355022 rows, 796.6s
    train-00002-of-00003.parquet group 818: 355122 rows, 796.8s
    train-00002-of-00003.parquet group 819: 355222 rows, 797.0s
    train-00002-of-00003.parquet group 820: 355322 rows, 797.2s
    train-00002-of-00003.parquet group 821: 355422 rows, 797.4s
    train-00002-of-00003.parquet group 822: 355522 rows, 797.6s
    train-00002-of-00003.parquet group 823: 355622 rows, 797.8s
    train-00002-of-00003.parquet group 824: 355722 rows, 798.0s
    train-00002-of-00003.parquet group 825: 355822 rows, 798.3s
    train-00002-of-00003.parquet group 826: 355922 rows, 798.5s
    train-00002-of-00003.parquet group 827: 356022 rows, 798.7s
    train-00002-of-00003.parquet group 828: 356122 rows, 798.9s
    train-00002-of-00003.parquet group 829: 356222 rows, 799.1s
    train-00002-of-00003.parquet group 830: 356322 rows, 799.3s
    train-00002-of-00003.parquet group 831: 356422 rows, 799.5s
    train-00002-of-00003.parquet group 832: 356522 rows, 799.7s
    train-00002-of-00003.parquet group 833: 356622 rows, 800.0s
    train-00002-of-00003.parquet group 834: 356722 rows, 800.2s
    train-00002-of-00003.parquet group 835: 356822 rows, 800.4s
    train-00002-of-00003.parquet group 836: 356922 rows, 800.6s
    train-00002-of-00003.parquet group 837: 357022 rows, 800.9s
    train-00002-of-00003.parquet group 838: 357122 rows, 801.1s
    train-00002-of-00003.parquet group 839: 357222 rows, 801.3s
    train-00002-of-00003.parquet group 840: 357322 rows, 801.6s
    train-00002-of-00003.parquet group 841: 357422 rows, 801.8s
    train-00002-of-00003.parquet group 842: 357522 rows, 802.0s
    train-00002-of-00003.parquet group 843: 357622 rows, 802.2s
    train-00002-of-00003.parquet group 844: 357722 rows, 802.5s
    train-00002-of-00003.parquet group 845: 357822 rows, 802.7s
    train-00002-of-00003.parquet group 846: 357922 rows, 803.0s
    train-00002-of-00003.parquet group 847: 358022 rows, 803.2s
    train-00002-of-00003.parquet group 848: 358122 rows, 803.4s
    train-00002-of-00003.parquet group 849: 358222 rows, 803.6s
    train-00002-of-00003.parquet group 850: 358322 rows, 803.8s
    train-00002-of-00003.parquet group 851: 358422 rows, 804.1s
    train-00002-of-00003.parquet group 852: 358522 rows, 804.3s
    train-00002-of-00003.parquet group 853: 358622 rows, 804.5s
    train-00002-of-00003.parquet group 854: 358722 rows, 804.7s
    train-00002-of-00003.parquet group 855: 358822 rows, 804.9s
    train-00002-of-00003.parquet group 856: 358922 rows, 805.1s
    train-00002-of-00003.parquet group 857: 359022 rows, 805.3s
    train-00002-of-00003.parquet group 858: 359122 rows, 805.6s
    train-00002-of-00003.parquet group 859: 359222 rows, 805.8s
    train-00002-of-00003.parquet group 860: 359322 rows, 806.0s
    train-00002-of-00003.parquet group 861: 359422 rows, 806.2s
    train-00002-of-00003.parquet group 862: 359522 rows, 806.4s
    train-00002-of-00003.parquet group 863: 359622 rows, 806.7s
    train-00002-of-00003.parquet group 864: 359722 rows, 806.9s
    train-00002-of-00003.parquet group 865: 359822 rows, 807.1s
    train-00002-of-00003.parquet group 866: 359922 rows, 807.4s
    train-00002-of-00003.parquet group 867: 360022 rows, 807.6s
    train-00002-of-00003.parquet group 868: 360122 rows, 807.8s
    train-00002-of-00003.parquet group 869: 360222 rows, 808.0s
    train-00002-of-00003.parquet group 870: 360322 rows, 808.3s
    train-00002-of-00003.parquet group 871: 360422 rows, 808.5s
    train-00002-of-00003.parquet group 872: 360522 rows, 808.7s
    train-00002-of-00003.parquet group 873: 360622 rows, 808.9s
    train-00002-of-00003.parquet group 874: 360722 rows, 809.2s
    train-00002-of-00003.parquet group 875: 360822 rows, 809.4s
    train-00002-of-00003.parquet group 876: 360922 rows, 809.6s
    train-00002-of-00003.parquet group 877: 361022 rows, 809.8s
    train-00002-of-00003.parquet group 878: 361122 rows, 810.0s
    train-00002-of-00003.parquet group 879: 361222 rows, 810.3s
    train-00002-of-00003.parquet group 880: 361322 rows, 810.5s
    train-00002-of-00003.parquet group 881: 361422 rows, 810.7s
    train-00002-of-00003.parquet group 882: 361522 rows, 810.9s
    train-00002-of-00003.parquet group 883: 361622 rows, 811.2s
    train-00002-of-00003.parquet group 884: 361722 rows, 811.4s
    train-00002-of-00003.parquet group 885: 361822 rows, 811.6s
    train-00002-of-00003.parquet group 886: 361922 rows, 811.8s
    train-00002-of-00003.parquet group 887: 362022 rows, 812.0s
    train-00002-of-00003.parquet group 888: 362122 rows, 812.3s
    train-00002-of-00003.parquet group 889: 362222 rows, 812.5s
    train-00002-of-00003.parquet group 890: 362322 rows, 812.8s
    train-00002-of-00003.parquet group 891: 362422 rows, 813.0s
    train-00002-of-00003.parquet group 892: 362522 rows, 813.2s
    train-00002-of-00003.parquet group 893: 362622 rows, 813.5s
    train-00002-of-00003.parquet group 894: 362722 rows, 813.7s
    train-00002-of-00003.parquet group 895: 362822 rows, 813.9s
    train-00002-of-00003.parquet group 896: 362922 rows, 814.2s
    train-00002-of-00003.parquet group 897: 363022 rows, 814.4s
    train-00002-of-00003.parquet group 898: 363122 rows, 814.6s
    train-00002-of-00003.parquet group 899: 363222 rows, 814.9s
    train-00002-of-00003.parquet group 900: 363322 rows, 815.1s
    train-00002-of-00003.parquet group 901: 363422 rows, 815.3s
    train-00002-of-00003.parquet group 902: 363522 rows, 815.5s
    train-00002-of-00003.parquet group 903: 363622 rows, 815.7s
    train-00002-of-00003.parquet group 904: 363722 rows, 816.0s
    train-00002-of-00003.parquet group 905: 363822 rows, 816.2s
    train-00002-of-00003.parquet group 906: 363922 rows, 816.4s
    train-00002-of-00003.parquet group 907: 364022 rows, 816.7s
    train-00002-of-00003.parquet group 908: 364122 rows, 816.9s
    train-00002-of-00003.parquet group 909: 364222 rows, 817.1s
    train-00002-of-00003.parquet group 910: 364322 rows, 817.3s
    train-00002-of-00003.parquet group 911: 364422 rows, 817.6s
    train-00002-of-00003.parquet group 912: 364522 rows, 817.8s
    train-00002-of-00003.parquet group 913: 364622 rows, 818.1s
    train-00002-of-00003.parquet group 914: 364722 rows, 818.3s
    train-00002-of-00003.parquet group 915: 364822 rows, 818.5s
    train-00002-of-00003.parquet group 916: 364922 rows, 818.8s
    train-00002-of-00003.parquet group 917: 365022 rows, 819.0s
    train-00002-of-00003.parquet group 918: 365122 rows, 819.2s
    train-00002-of-00003.parquet group 919: 365222 rows, 819.5s
    train-00002-of-00003.parquet group 920: 365322 rows, 819.7s
    train-00002-of-00003.parquet group 921: 365422 rows, 819.9s
    train-00002-of-00003.parquet group 922: 365522 rows, 820.1s
    train-00002-of-00003.parquet group 923: 365622 rows, 820.4s
    train-00002-of-00003.parquet group 924: 365722 rows, 820.6s
    train-00002-of-00003.parquet group 925: 365822 rows, 820.8s
    train-00002-of-00003.parquet group 926: 365922 rows, 821.0s
    train-00002-of-00003.parquet group 927: 366022 rows, 821.3s
    train-00002-of-00003.parquet group 928: 366122 rows, 821.5s
    train-00002-of-00003.parquet group 929: 366222 rows, 821.7s
    train-00002-of-00003.parquet group 930: 366322 rows, 822.0s
    train-00002-of-00003.parquet group 931: 366422 rows, 822.2s
    train-00002-of-00003.parquet group 932: 366522 rows, 822.4s
    train-00002-of-00003.parquet group 933: 366622 rows, 822.7s
    train-00002-of-00003.parquet group 934: 366722 rows, 822.9s
    train-00002-of-00003.parquet group 935: 366822 rows, 823.1s
    train-00002-of-00003.parquet group 936: 366922 rows, 823.3s
    train-00002-of-00003.parquet group 937: 367022 rows, 823.6s
    train-00002-of-00003.parquet group 938: 367122 rows, 823.8s
    train-00002-of-00003.parquet group 939: 367222 rows, 824.0s
    train-00002-of-00003.parquet group 940: 367322 rows, 824.3s
    train-00002-of-00003.parquet group 941: 367422 rows, 824.5s
    train-00002-of-00003.parquet group 942: 367522 rows, 824.7s
    train-00002-of-00003.parquet group 943: 367622 rows, 824.9s
    train-00002-of-00003.parquet group 944: 367722 rows, 825.2s
    train-00002-of-00003.parquet group 945: 367822 rows, 825.4s
    train-00002-of-00003.parquet group 946: 367922 rows, 825.6s
    train-00002-of-00003.parquet group 947: 368022 rows, 825.9s
    train-00002-of-00003.parquet group 948: 368122 rows, 826.1s
    train-00002-of-00003.parquet group 949: 368222 rows, 826.3s
    train-00002-of-00003.parquet group 950: 368322 rows, 826.5s
    train-00002-of-00003.parquet group 951: 368422 rows, 826.8s
    train-00002-of-00003.parquet group 952: 368522 rows, 827.0s
    train-00002-of-00003.parquet group 953: 368622 rows, 827.2s
    train-00002-of-00003.parquet group 954: 368722 rows, 827.4s
    train-00002-of-00003.parquet group 955: 368822 rows, 827.7s
    train-00002-of-00003.parquet group 956: 368922 rows, 827.9s
    train-00002-of-00003.parquet group 957: 369022 rows, 828.2s
    train-00002-of-00003.parquet group 958: 369122 rows, 828.4s
    train-00002-of-00003.parquet group 959: 369222 rows, 828.6s
    train-00002-of-00003.parquet group 960: 369322 rows, 828.9s
    train-00002-of-00003.parquet group 961: 369422 rows, 829.1s
    train-00002-of-00003.parquet group 962: 369522 rows, 829.3s
    train-00002-of-00003.parquet group 963: 369622 rows, 829.5s
    train-00002-of-00003.parquet group 964: 369722 rows, 829.8s
    train-00002-of-00003.parquet group 965: 369822 rows, 830.0s
    train-00002-of-00003.parquet group 966: 369922 rows, 830.2s
    train-00002-of-00003.parquet group 967: 370022 rows, 830.5s
    train-00002-of-00003.parquet group 968: 370122 rows, 830.7s
    train-00002-of-00003.parquet group 969: 370222 rows, 830.9s
    train-00002-of-00003.parquet group 970: 370322 rows, 831.2s
    train-00002-of-00003.parquet group 971: 370422 rows, 831.4s
    train-00002-of-00003.parquet group 972: 370522 rows, 831.7s
    train-00002-of-00003.parquet group 973: 370622 rows, 831.9s
    train-00002-of-00003.parquet group 974: 370722 rows, 832.2s
    train-00002-of-00003.parquet group 975: 370822 rows, 832.4s
    train-00002-of-00003.parquet group 976: 370922 rows, 832.6s
    train-00002-of-00003.parquet group 977: 371022 rows, 832.9s
    train-00002-of-00003.parquet group 978: 371122 rows, 833.1s
    train-00002-of-00003.parquet group 979: 371222 rows, 833.4s
    train-00002-of-00003.parquet group 980: 371322 rows, 833.6s
    train-00002-of-00003.parquet group 981: 371422 rows, 833.8s
    train-00002-of-00003.parquet group 982: 371522 rows, 834.1s
    train-00002-of-00003.parquet group 983: 371622 rows, 834.3s
    train-00002-of-00003.parquet group 984: 371722 rows, 834.5s
    train-00002-of-00003.parquet group 985: 371822 rows, 834.8s
    train-00002-of-00003.parquet group 986: 371922 rows, 835.0s
    train-00002-of-00003.parquet group 987: 372022 rows, 835.2s
    train-00002-of-00003.parquet group 988: 372122 rows, 835.5s
    train-00002-of-00003.parquet group 989: 372222 rows, 835.7s
    train-00002-of-00003.parquet group 990: 372322 rows, 835.9s
    train-00002-of-00003.parquet group 991: 372422 rows, 836.2s
    train-00002-of-00003.parquet group 992: 372522 rows, 836.4s
    train-00002-of-00003.parquet group 993: 372622 rows, 836.6s
    train-00002-of-00003.parquet group 994: 372722 rows, 836.9s
    train-00002-of-00003.parquet group 995: 372822 rows, 837.1s
    train-00002-of-00003.parquet group 996: 372922 rows, 837.3s
    train-00002-of-00003.parquet group 997: 373022 rows, 837.6s
    train-00002-of-00003.parquet group 998: 373122 rows, 837.8s
    train-00002-of-00003.parquet group 999: 373222 rows, 838.0s
    train-00002-of-00003.parquet group 1000: 373322 rows, 838.3s
    train-00002-of-00003.parquet group 1001: 373422 rows, 838.5s
    train-00002-of-00003.parquet group 1002: 373522 rows, 838.7s
    train-00002-of-00003.parquet group 1003: 373622 rows, 839.0s
    train-00002-of-00003.parquet group 1004: 373722 rows, 839.2s
    train-00002-of-00003.parquet group 1005: 373822 rows, 839.4s
    train-00002-of-00003.parquet group 1006: 373922 rows, 839.7s
    train-00002-of-00003.parquet group 1007: 374022 rows, 839.9s
    train-00002-of-00003.parquet group 1008: 374122 rows, 840.1s
    train-00002-of-00003.parquet group 1009: 374222 rows, 840.4s
    train-00002-of-00003.parquet group 1010: 374322 rows, 840.6s
    train-00002-of-00003.parquet group 1011: 374422 rows, 840.8s
    train-00002-of-00003.parquet group 1012: 374522 rows, 841.0s
    train-00002-of-00003.parquet group 1013: 374622 rows, 841.3s
    train-00002-of-00003.parquet group 1014: 374722 rows, 841.5s
    train-00002-of-00003.parquet group 1015: 374822 rows, 841.7s
    train-00002-of-00003.parquet group 1016: 374922 rows, 841.9s
    train-00002-of-00003.parquet group 1017: 375022 rows, 842.1s
    train-00002-of-00003.parquet group 1018: 375122 rows, 842.4s
    train-00002-of-00003.parquet group 1019: 375222 rows, 842.6s
    train-00002-of-00003.parquet group 1020: 375322 rows, 842.8s
    train-00002-of-00003.parquet group 1021: 375422 rows, 843.0s
    train-00002-of-00003.parquet group 1022: 375522 rows, 843.2s
    train-00002-of-00003.parquet group 1023: 375622 rows, 843.4s
    train-00002-of-00003.parquet group 1024: 375722 rows, 843.6s
    train-00002-of-00003.parquet group 1025: 375822 rows, 843.9s
    train-00002-of-00003.parquet group 1026: 375922 rows, 844.1s
    train-00002-of-00003.parquet group 1027: 376022 rows, 844.3s
    train-00002-of-00003.parquet group 1028: 376122 rows, 844.5s
    train-00002-of-00003.parquet group 1029: 376222 rows, 844.7s
    train-00002-of-00003.parquet group 1030: 376322 rows, 845.0s
    train-00002-of-00003.parquet group 1031: 376422 rows, 845.2s
    train-00002-of-00003.parquet group 1032: 376522 rows, 845.4s
    train-00002-of-00003.parquet group 1033: 376622 rows, 845.6s
    train-00002-of-00003.parquet group 1034: 376722 rows, 845.8s
    train-00002-of-00003.parquet group 1035: 376822 rows, 846.1s
    train-00002-of-00003.parquet group 1036: 376922 rows, 846.3s
    train-00002-of-00003.parquet group 1037: 377022 rows, 846.5s
    train-00002-of-00003.parquet group 1038: 377122 rows, 846.8s
    train-00002-of-00003.parquet group 1039: 377222 rows, 847.0s
    train-00002-of-00003.parquet group 1040: 377322 rows, 847.2s
    train-00002-of-00003.parquet group 1041: 377422 rows, 847.4s
    train-00002-of-00003.parquet group 1042: 377522 rows, 847.6s
    train-00002-of-00003.parquet group 1043: 377622 rows, 847.8s
    train-00002-of-00003.parquet group 1044: 377722 rows, 848.1s
    train-00002-of-00003.parquet group 1045: 377822 rows, 848.3s
    train-00002-of-00003.parquet group 1046: 377922 rows, 848.5s
    train-00002-of-00003.parquet group 1047: 378022 rows, 848.7s
    train-00002-of-00003.parquet group 1048: 378122 rows, 849.0s
    train-00002-of-00003.parquet group 1049: 378222 rows, 849.2s
    train-00002-of-00003.parquet group 1050: 378322 rows, 849.4s
    train-00002-of-00003.parquet group 1051: 378422 rows, 849.6s
    train-00002-of-00003.parquet group 1052: 378522 rows, 849.9s
    train-00002-of-00003.parquet group 1053: 378622 rows, 850.1s
    train-00002-of-00003.parquet group 1054: 378722 rows, 850.3s
    train-00002-of-00003.parquet group 1055: 378822 rows, 850.5s
    train-00002-of-00003.parquet group 1056: 378922 rows, 850.7s
    train-00002-of-00003.parquet group 1057: 379022 rows, 851.0s
    train-00002-of-00003.parquet group 1058: 379122 rows, 851.2s
    train-00002-of-00003.parquet group 1059: 379222 rows, 851.4s
    train-00002-of-00003.parquet group 1060: 379322 rows, 851.6s
    train-00002-of-00003.parquet group 1061: 379422 rows, 851.8s
    train-00002-of-00003.parquet group 1062: 379522 rows, 852.1s
    train-00002-of-00003.parquet group 1063: 379622 rows, 852.3s
    train-00002-of-00003.parquet group 1064: 379722 rows, 852.5s
    train-00002-of-00003.parquet group 1065: 379822 rows, 852.7s
    train-00002-of-00003.parquet group 1066: 379922 rows, 853.0s
    train-00002-of-00003.parquet group 1067: 380022 rows, 853.2s
    train-00002-of-00003.parquet group 1068: 380122 rows, 853.4s
    train-00002-of-00003.parquet group 1069: 380222 rows, 853.6s
    train-00002-of-00003.parquet group 1070: 380322 rows, 853.9s
    train-00002-of-00003.parquet group 1071: 380422 rows, 854.1s
    train-00002-of-00003.parquet group 1072: 380522 rows, 854.3s
    train-00002-of-00003.parquet group 1073: 380622 rows, 854.5s
    train-00002-of-00003.parquet group 1074: 380722 rows, 854.8s
    train-00002-of-00003.parquet group 1075: 380822 rows, 855.0s
    train-00002-of-00003.parquet group 1076: 380922 rows, 855.2s
    train-00002-of-00003.parquet group 1077: 381022 rows, 855.4s
    train-00002-of-00003.parquet group 1078: 381122 rows, 855.6s
    train-00002-of-00003.parquet group 1079: 381222 rows, 855.8s
    train-00002-of-00003.parquet group 1080: 381322 rows, 856.1s
    train-00002-of-00003.parquet group 1081: 381422 rows, 856.3s
    train-00002-of-00003.parquet group 1082: 381522 rows, 856.5s
    train-00002-of-00003.parquet group 1083: 381622 rows, 856.7s
    train-00002-of-00003.parquet group 1084: 381722 rows, 857.0s
    train-00002-of-00003.parquet group 1085: 381822 rows, 857.2s
    train-00002-of-00003.parquet group 1086: 381922 rows, 857.4s
    train-00002-of-00003.parquet group 1087: 382022 rows, 857.7s
    train-00002-of-00003.parquet group 1088: 382122 rows, 857.9s
    train-00002-of-00003.parquet group 1089: 382222 rows, 858.1s
    train-00002-of-00003.parquet group 1090: 382322 rows, 858.3s
    train-00002-of-00003.parquet group 1091: 382422 rows, 858.6s
    train-00002-of-00003.parquet group 1092: 382522 rows, 858.8s
    train-00002-of-00003.parquet group 1093: 382622 rows, 859.0s
    train-00002-of-00003.parquet group 1094: 382722 rows, 859.3s
    train-00002-of-00003.parquet group 1095: 382822 rows, 859.5s
    train-00002-of-00003.parquet group 1096: 382922 rows, 859.7s
    train-00002-of-00003.parquet group 1097: 383022 rows, 859.9s
    train-00002-of-00003.parquet group 1098: 383122 rows, 860.1s
    train-00002-of-00003.parquet group 1099: 383222 rows, 860.4s
    train-00002-of-00003.parquet group 1100: 383322 rows, 860.6s
    train-00002-of-00003.parquet group 1101: 383422 rows, 860.9s
    train-00002-of-00003.parquet group 1102: 383522 rows, 861.1s
    train-00002-of-00003.parquet group 1103: 383622 rows, 861.4s
    train-00002-of-00003.parquet group 1104: 383722 rows, 861.6s
    train-00002-of-00003.parquet group 1105: 383822 rows, 861.9s
    train-00002-of-00003.parquet group 1106: 383922 rows, 862.1s
    train-00002-of-00003.parquet group 1107: 384022 rows, 862.3s
    train-00002-of-00003.parquet group 1108: 384122 rows, 862.5s
    train-00002-of-00003.parquet group 1109: 384222 rows, 862.8s
    train-00002-of-00003.parquet group 1110: 384322 rows, 863.0s
    train-00002-of-00003.parquet group 1111: 384422 rows, 863.2s
    train-00002-of-00003.parquet group 1112: 384522 rows, 863.5s
    train-00002-of-00003.parquet group 1113: 384622 rows, 863.7s
    train-00002-of-00003.parquet group 1114: 384722 rows, 863.9s
    train-00002-of-00003.parquet group 1115: 384822 rows, 864.2s
    train-00002-of-00003.parquet group 1116: 384922 rows, 864.4s
    train-00002-of-00003.parquet group 1117: 385022 rows, 864.6s
    train-00002-of-00003.parquet group 1118: 385122 rows, 864.9s
    train-00002-of-00003.parquet group 1119: 385222 rows, 865.1s
    train-00002-of-00003.parquet group 1120: 385322 rows, 865.3s
    train-00002-of-00003.parquet group 1121: 385422 rows, 865.6s
    train-00002-of-00003.parquet group 1122: 385522 rows, 865.8s
    train-00002-of-00003.parquet group 1123: 385622 rows, 866.0s
    train-00002-of-00003.parquet group 1124: 385722 rows, 866.3s
    train-00002-of-00003.parquet group 1125: 385822 rows, 866.5s
    train-00002-of-00003.parquet group 1126: 385922 rows, 866.7s
    train-00002-of-00003.parquet group 1127: 386022 rows, 866.9s
    train-00002-of-00003.parquet group 1128: 386122 rows, 867.2s
    train-00002-of-00003.parquet group 1129: 386222 rows, 867.4s
    train-00002-of-00003.parquet group 1130: 386322 rows, 867.6s
    train-00002-of-00003.parquet group 1131: 386422 rows, 867.9s
    train-00002-of-00003.parquet group 1132: 386522 rows, 868.1s
    train-00002-of-00003.parquet group 1133: 386622 rows, 868.3s
    train-00002-of-00003.parquet group 1134: 386722 rows, 868.5s
    train-00002-of-00003.parquet group 1135: 386822 rows, 868.8s
    train-00002-of-00003.parquet group 1136: 386922 rows, 869.0s
    train-00002-of-00003.parquet group 1137: 387022 rows, 869.2s
    train-00002-of-00003.parquet group 1138: 387122 rows, 869.4s
    train-00002-of-00003.parquet group 1139: 387222 rows, 869.7s
    train-00002-of-00003.parquet group 1140: 387322 rows, 869.9s
    train-00002-of-00003.parquet group 1141: 387422 rows, 870.1s
    train-00002-of-00003.parquet group 1142: 387522 rows, 870.4s
    train-00002-of-00003.parquet group 1143: 387622 rows, 870.6s
    train-00002-of-00003.parquet group 1144: 387722 rows, 870.8s
    train-00002-of-00003.parquet group 1145: 387822 rows, 871.1s
    train-00002-of-00003.parquet group 1146: 387922 rows, 871.3s
    train-00002-of-00003.parquet group 1147: 388022 rows, 871.5s
    train-00002-of-00003.parquet group 1148: 388122 rows, 871.8s
    train-00002-of-00003.parquet group 1149: 388222 rows, 872.0s
    train-00002-of-00003.parquet group 1150: 388322 rows, 872.3s
    train-00002-of-00003.parquet group 1151: 388422 rows, 872.5s
    train-00002-of-00003.parquet group 1152: 388522 rows, 872.8s
    train-00002-of-00003.parquet group 1153: 388622 rows, 873.0s
    train-00002-of-00003.parquet group 1154: 388722 rows, 873.2s
    train-00002-of-00003.parquet group 1155: 388822 rows, 873.5s
    train-00002-of-00003.parquet group 1156: 388922 rows, 873.7s
    train-00002-of-00003.parquet group 1157: 389022 rows, 874.0s
    train-00002-of-00003.parquet group 1158: 389122 rows, 874.2s
    train-00002-of-00003.parquet group 1159: 389222 rows, 874.4s
    train-00002-of-00003.parquet group 1160: 389322 rows, 874.6s
    train-00002-of-00003.parquet group 1161: 389422 rows, 874.9s
    train-00002-of-00003.parquet group 1162: 389522 rows, 875.1s
    train-00002-of-00003.parquet group 1163: 389622 rows, 875.4s
    train-00002-of-00003.parquet group 1164: 389722 rows, 875.6s
    train-00002-of-00003.parquet group 1165: 389822 rows, 875.8s
    train-00002-of-00003.parquet group 1166: 389922 rows, 876.0s
    train-00002-of-00003.parquet group 1167: 390022 rows, 876.3s
    train-00002-of-00003.parquet group 1168: 390122 rows, 876.5s
    train-00002-of-00003.parquet group 1169: 390222 rows, 876.7s
    train-00002-of-00003.parquet group 1170: 390322 rows, 877.0s
    train-00002-of-00003.parquet group 1171: 390422 rows, 877.2s
    train-00002-of-00003.parquet group 1172: 390522 rows, 877.4s
    train-00002-of-00003.parquet group 1173: 390622 rows, 877.7s
    train-00002-of-00003.parquet group 1174: 390722 rows, 877.9s
    train-00002-of-00003.parquet group 1175: 390822 rows, 878.2s
    train-00002-of-00003.parquet group 1176: 390922 rows, 878.4s
    train-00002-of-00003.parquet group 1177: 391022 rows, 878.6s
    train-00002-of-00003.parquet group 1178: 391122 rows, 878.9s
    train-00002-of-00003.parquet group 1179: 391222 rows, 879.1s
    train-00002-of-00003.parquet group 1180: 391322 rows, 879.3s
    train-00002-of-00003.parquet group 1181: 391422 rows, 879.5s
    train-00002-of-00003.parquet group 1182: 391522 rows, 879.8s
    train-00002-of-00003.parquet group 1183: 391622 rows, 880.0s
    train-00002-of-00003.parquet group 1184: 391722 rows, 880.2s
    train-00002-of-00003.parquet group 1185: 391822 rows, 880.5s
    train-00002-of-00003.parquet group 1186: 391922 rows, 880.7s
    train-00002-of-00003.parquet group 1187: 392022 rows, 880.9s
    train-00002-of-00003.parquet group 1188: 392122 rows, 881.2s
    train-00002-of-00003.parquet group 1189: 392222 rows, 881.4s
    train-00002-of-00003.parquet group 1190: 392322 rows, 881.6s
    train-00002-of-00003.parquet group 1191: 392422 rows, 881.9s
    train-00002-of-00003.parquet group 1192: 392522 rows, 882.1s
    train-00002-of-00003.parquet group 1193: 392622 rows, 882.3s
    train-00002-of-00003.parquet group 1194: 392722 rows, 882.6s
    train-00002-of-00003.parquet group 1195: 392822 rows, 882.8s
    train-00002-of-00003.parquet group 1196: 392922 rows, 883.0s
    train-00002-of-00003.parquet group 1197: 393022 rows, 883.2s
    train-00002-of-00003.parquet group 1198: 393122 rows, 883.5s
    train-00002-of-00003.parquet group 1199: 393222 rows, 883.7s
    train-00002-of-00003.parquet group 1200: 393322 rows, 883.9s
    train-00002-of-00003.parquet group 1201: 393422 rows, 884.1s
    train-00002-of-00003.parquet group 1202: 393522 rows, 884.4s
    train-00002-of-00003.parquet group 1203: 393622 rows, 884.6s
    train-00002-of-00003.parquet group 1204: 393722 rows, 884.8s
    train-00002-of-00003.parquet group 1205: 393822 rows, 885.0s
    train-00002-of-00003.parquet group 1206: 393922 rows, 885.3s
    train-00002-of-00003.parquet group 1207: 394022 rows, 885.5s
    train-00002-of-00003.parquet group 1208: 394122 rows, 885.7s
    train-00002-of-00003.parquet group 1209: 394222 rows, 886.0s
    train-00002-of-00003.parquet group 1210: 394322 rows, 886.2s
    train-00002-of-00003.parquet group 1211: 394422 rows, 886.4s
    train-00002-of-00003.parquet group 1212: 394522 rows, 886.7s
    train-00002-of-00003.parquet group 1213: 394622 rows, 886.9s
    train-00002-of-00003.parquet group 1214: 394722 rows, 887.1s
    train-00002-of-00003.parquet group 1215: 394822 rows, 887.3s
    train-00002-of-00003.parquet group 1216: 394922 rows, 887.6s
    train-00002-of-00003.parquet group 1217: 395022 rows, 887.8s
    train-00002-of-00003.parquet group 1218: 395122 rows, 888.0s
    train-00002-of-00003.parquet group 1219: 395222 rows, 888.2s
    train-00002-of-00003.parquet group 1220: 395322 rows, 888.4s
    train-00002-of-00003.parquet group 1221: 395422 rows, 888.7s
    train-00002-of-00003.parquet group 1222: 395522 rows, 888.9s
    train-00002-of-00003.parquet group 1223: 395622 rows, 889.1s
    train-00002-of-00003.parquet group 1224: 395722 rows, 889.3s
    train-00002-of-00003.parquet group 1225: 395822 rows, 889.5s
    train-00002-of-00003.parquet group 1226: 395922 rows, 889.8s
    train-00002-of-00003.parquet group 1227: 396022 rows, 890.0s
    train-00002-of-00003.parquet group 1228: 396122 rows, 890.2s
    train-00002-of-00003.parquet group 1229: 396222 rows, 890.4s
    train-00002-of-00003.parquet group 1230: 396322 rows, 890.7s
    train-00002-of-00003.parquet group 1231: 396422 rows, 890.9s
    train-00002-of-00003.parquet group 1232: 396522 rows, 891.1s
    train-00002-of-00003.parquet group 1233: 396622 rows, 891.3s
    train-00002-of-00003.parquet group 1234: 396722 rows, 891.5s
    train-00002-of-00003.parquet group 1235: 396822 rows, 891.8s
    train-00002-of-00003.parquet group 1236: 396922 rows, 892.0s
    train-00002-of-00003.parquet group 1237: 397022 rows, 892.2s
    train-00002-of-00003.parquet group 1238: 397122 rows, 892.5s
    train-00002-of-00003.parquet group 1239: 397222 rows, 892.7s
    train-00002-of-00003.parquet group 1240: 397322 rows, 892.9s
    train-00002-of-00003.parquet group 1241: 397422 rows, 893.1s
    train-00002-of-00003.parquet group 1242: 397522 rows, 893.3s
    train-00002-of-00003.parquet group 1243: 397622 rows, 893.6s
    train-00002-of-00003.parquet group 1244: 397722 rows, 893.8s
    train-00002-of-00003.parquet group 1245: 397822 rows, 894.0s
    train-00002-of-00003.parquet group 1246: 397922 rows, 894.2s
    train-00002-of-00003.parquet group 1247: 398022 rows, 894.5s
    train-00002-of-00003.parquet group 1248: 398122 rows, 894.7s
    train-00002-of-00003.parquet group 1249: 398222 rows, 894.9s
    train-00002-of-00003.parquet group 1250: 398322 rows, 895.1s
    train-00002-of-00003.parquet group 1251: 398422 rows, 895.4s
    train-00002-of-00003.parquet group 1252: 398522 rows, 895.6s
    train-00002-of-00003.parquet group 1253: 398622 rows, 895.8s
    train-00002-of-00003.parquet group 1254: 398722 rows, 896.0s
    train-00002-of-00003.parquet group 1255: 398822 rows, 896.3s
    train-00002-of-00003.parquet group 1256: 398922 rows, 896.5s
    train-00002-of-00003.parquet group 1257: 399022 rows, 896.7s
    train-00002-of-00003.parquet group 1258: 399122 rows, 896.9s
    train-00002-of-00003.parquet group 1259: 399222 rows, 897.2s
    train-00002-of-00003.parquet group 1260: 399322 rows, 897.4s
    train-00002-of-00003.parquet group 1261: 399422 rows, 897.6s
    train-00002-of-00003.parquet group 1262: 399522 rows, 897.8s
    train-00002-of-00003.parquet group 1263: 399622 rows, 898.1s
    train-00002-of-00003.parquet group 1264: 399722 rows, 898.3s
    train-00002-of-00003.parquet group 1265: 399822 rows, 898.5s
    train-00002-of-00003.parquet group 1266: 399922 rows, 898.7s
    train-00002-of-00003.parquet group 1267: 400022 rows, 899.0s
    train-00002-of-00003.parquet group 1268: 400122 rows, 899.2s
    train-00002-of-00003.parquet group 1269: 400222 rows, 899.4s
    train-00002-of-00003.parquet group 1270: 400322 rows, 899.7s
    train-00002-of-00003.parquet group 1271: 400422 rows, 899.9s
    train-00002-of-00003.parquet group 1272: 400522 rows, 900.1s
    train-00002-of-00003.parquet group 1273: 400622 rows, 900.3s
    train-00002-of-00003.parquet group 1274: 400722 rows, 900.5s
    train-00002-of-00003.parquet group 1275: 400822 rows, 900.8s
    train-00002-of-00003.parquet group 1276: 400922 rows, 901.0s
    train-00002-of-00003.parquet group 1277: 401022 rows, 901.2s
    train-00002-of-00003.parquet group 1278: 401122 rows, 901.4s
    train-00002-of-00003.parquet group 1279: 401222 rows, 901.7s
    train-00002-of-00003.parquet group 1280: 401322 rows, 901.9s
    train-00002-of-00003.parquet group 1281: 401422 rows, 902.1s
    train-00002-of-00003.parquet group 1282: 401522 rows, 902.3s
    train-00002-of-00003.parquet group 1283: 401622 rows, 902.5s
    train-00002-of-00003.parquet group 1284: 401722 rows, 902.7s
    train-00002-of-00003.parquet group 1285: 401822 rows, 903.0s
    train-00002-of-00003.parquet group 1286: 401922 rows, 903.2s
    train-00002-of-00003.parquet group 1287: 402022 rows, 903.4s
    train-00002-of-00003.parquet group 1288: 402122 rows, 903.6s
    train-00002-of-00003.parquet group 1289: 402222 rows, 903.8s
    train-00002-of-00003.parquet group 1290: 402322 rows, 904.1s
    train-00002-of-00003.parquet group 1291: 402422 rows, 904.3s
    train-00002-of-00003.parquet group 1292: 402522 rows, 904.5s
    train-00002-of-00003.parquet group 1293: 402622 rows, 904.7s
    train-00002-of-00003.parquet group 1294: 402722 rows, 904.9s
    train-00002-of-00003.parquet group 1295: 402822 rows, 905.2s
    train-00002-of-00003.parquet group 1296: 402922 rows, 905.4s
    train-00002-of-00003.parquet group 1297: 403022 rows, 905.6s
    train-00002-of-00003.parquet group 1298: 403122 rows, 905.9s
    train-00002-of-00003.parquet group 1299: 403222 rows, 906.1s
    train-00002-of-00003.parquet group 1300: 403322 rows, 906.3s
    train-00002-of-00003.parquet group 1301: 403422 rows, 906.5s
    train-00002-of-00003.parquet group 1302: 403522 rows, 906.7s
    train-00002-of-00003.parquet group 1303: 403622 rows, 907.0s
    train-00002-of-00003.parquet group 1304: 403722 rows, 907.2s
    train-00002-of-00003.parquet group 1305: 403822 rows, 907.4s
    train-00002-of-00003.parquet group 1306: 403922 rows, 907.7s
    train-00002-of-00003.parquet group 1307: 404022 rows, 907.9s
    train-00002-of-00003.parquet group 1308: 404122 rows, 908.1s
    train-00002-of-00003.parquet group 1309: 404222 rows, 908.4s
    train-00002-of-00003.parquet group 1310: 404322 rows, 908.6s
    train-00002-of-00003.parquet group 1311: 404422 rows, 908.8s
    train-00002-of-00003.parquet group 1312: 404522 rows, 909.0s
    train-00002-of-00003.parquet group 1313: 404622 rows, 909.3s
    train-00002-of-00003.parquet group 1314: 404722 rows, 909.5s
    train-00002-of-00003.parquet group 1315: 404822 rows, 909.7s
    train-00002-of-00003.parquet group 1316: 404922 rows, 910.0s
    train-00002-of-00003.parquet group 1317: 405022 rows, 910.2s
    train-00002-of-00003.parquet group 1318: 405122 rows, 910.4s
    train-00002-of-00003.parquet group 1319: 405222 rows, 910.6s
    train-00002-of-00003.parquet group 1320: 405322 rows, 910.9s
    train-00002-of-00003.parquet group 1321: 405422 rows, 911.1s
    train-00002-of-00003.parquet group 1322: 405522 rows, 911.3s
    train-00002-of-00003.parquet group 1323: 405622 rows, 911.5s
    train-00002-of-00003.parquet group 1324: 405722 rows, 911.8s
    train-00002-of-00003.parquet group 1325: 405822 rows, 912.0s
    train-00002-of-00003.parquet group 1326: 405922 rows, 912.2s
    train-00002-of-00003.parquet group 1327: 406022 rows, 912.4s
    train-00002-of-00003.parquet group 1328: 406122 rows, 912.7s
    train-00002-of-00003.parquet group 1329: 406222 rows, 912.9s
    train-00002-of-00003.parquet group 1330: 406322 rows, 913.1s
    train-00002-of-00003.parquet group 1331: 406422 rows, 913.3s
    train-00002-of-00003.parquet group 1332: 406522 rows, 913.6s
    train-00002-of-00003.parquet group 1333: 406622 rows, 913.8s
    train-00002-of-00003.parquet group 1334: 406722 rows, 914.0s
    train-00002-of-00003.parquet group 1335: 406822 rows, 914.3s
    train-00002-of-00003.parquet group 1336: 406922 rows, 914.5s
    train-00002-of-00003.parquet group 1337: 407022 rows, 914.7s
    train-00002-of-00003.parquet group 1338: 407122 rows, 914.9s
    train-00002-of-00003.parquet group 1339: 407222 rows, 915.2s
    train-00002-of-00003.parquet group 1340: 407322 rows, 915.4s
    train-00002-of-00003.parquet group 1341: 407422 rows, 915.6s
    train-00002-of-00003.parquet group 1342: 407522 rows, 915.8s
    train-00002-of-00003.parquet group 1343: 407622 rows, 916.1s
    train-00002-of-00003.parquet group 1344: 407722 rows, 916.3s
    train-00002-of-00003.parquet group 1345: 407822 rows, 916.5s
    train-00002-of-00003.parquet group 1346: 407922 rows, 916.7s
    train-00002-of-00003.parquet group 1347: 408022 rows, 917.0s
    train-00002-of-00003.parquet group 1348: 408122 rows, 917.2s
    train-00002-of-00003.parquet group 1349: 408222 rows, 917.4s
    train-00002-of-00003.parquet group 1350: 408322 rows, 917.7s
    train-00002-of-00003.parquet group 1351: 408422 rows, 917.9s
    train-00002-of-00003.parquet group 1352: 408522 rows, 918.1s
    train-00002-of-00003.parquet group 1353: 408622 rows, 918.3s
    train-00002-of-00003.parquet group 1354: 408722 rows, 918.6s
    train-00002-of-00003.parquet group 1355: 408822 rows, 918.8s
    train-00002-of-00003.parquet group 1356: 408922 rows, 919.0s
    train-00002-of-00003.parquet group 1357: 409022 rows, 919.3s
    train-00002-of-00003.parquet group 1358: 409122 rows, 919.5s
    train-00002-of-00003.parquet group 1359: 409222 rows, 919.7s
    train-00002-of-00003.parquet group 1360: 409322 rows, 919.9s
    train-00002-of-00003.parquet group 1361: 409422 rows, 920.2s
    train-00002-of-00003.parquet group 1362: 409522 rows, 920.4s
    train-00002-of-00003.parquet group 1363: 409622 rows, 920.6s
    train-00002-of-00003.parquet group 1364: 409722 rows, 920.8s
    train-00002-of-00003.parquet group 1365: 409822 rows, 921.1s
    train-00002-of-00003.parquet group 1366: 409832 rows, 921.2s
    train features -> logs\results\v25\m230_native_res_dinov2\features\native224_train_dino.npy ((409832, 384), 921.8s)
streaming test extraction (native -> 224)
    test-00000-of-00001.parquet group 0: 100 rows, 0.2s
    test-00000-of-00001.parquet group 1: 200 rows, 0.4s
    test-00000-of-00001.parquet group 2: 300 rows, 0.6s
    test-00000-of-00001.parquet group 3: 400 rows, 0.8s
    test-00000-of-00001.parquet group 4: 500 rows, 1.0s
    test-00000-of-00001.parquet group 5: 600 rows, 1.1s
    test-00000-of-00001.parquet group 6: 700 rows, 1.3s
    test-00000-of-00001.parquet group 7: 800 rows, 1.5s
    test-00000-of-00001.parquet group 8: 900 rows, 1.7s
    test-00000-of-00001.parquet group 9: 1000 rows, 1.9s
    test-00000-of-00001.parquet group 10: 1100 rows, 2.1s
    test-00000-of-00001.parquet group 11: 1200 rows, 2.2s
    test-00000-of-00001.parquet group 12: 1300 rows, 2.4s
    test-00000-of-00001.parquet group 13: 1400 rows, 2.6s
    test-00000-of-00001.parquet group 14: 1500 rows, 2.8s
    test-00000-of-00001.parquet group 15: 1600 rows, 3.0s
    test-00000-of-00001.parquet group 16: 1700 rows, 3.2s
    test-00000-of-00001.parquet group 17: 1800 rows, 3.4s
    test-00000-of-00001.parquet group 18: 1900 rows, 3.5s
    test-00000-of-00001.parquet group 19: 2000 rows, 3.7s
    test-00000-of-00001.parquet group 20: 2100 rows, 3.9s
    test-00000-of-00001.parquet group 21: 2200 rows, 4.1s
    test-00000-of-00001.parquet group 22: 2300 rows, 4.3s
    test-00000-of-00001.parquet group 23: 2400 rows, 4.5s
    test-00000-of-00001.parquet group 24: 2500 rows, 4.6s
    test-00000-of-00001.parquet group 25: 2600 rows, 4.8s
    test-00000-of-00001.parquet group 26: 2700 rows, 5.0s
    test-00000-of-00001.parquet group 27: 2800 rows, 5.2s
    test-00000-of-00001.parquet group 28: 2900 rows, 5.4s
    test-00000-of-00001.parquet group 29: 3000 rows, 5.6s
    test-00000-of-00001.parquet group 30: 3100 rows, 5.7s
    test-00000-of-00001.parquet group 31: 3200 rows, 5.9s
    test-00000-of-00001.parquet group 32: 3300 rows, 6.1s
    test-00000-of-00001.parquet group 33: 3400 rows, 6.3s
    test-00000-of-00001.parquet group 34: 3500 rows, 6.5s
    test-00000-of-00001.parquet group 35: 3600 rows, 6.7s
    test-00000-of-00001.parquet group 36: 3700 rows, 6.9s
    test-00000-of-00001.parquet group 37: 3800 rows, 7.0s
    test-00000-of-00001.parquet group 38: 3900 rows, 7.2s
    test-00000-of-00001.parquet group 39: 4000 rows, 7.4s
    test-00000-of-00001.parquet group 40: 4100 rows, 7.6s
    test-00000-of-00001.parquet group 41: 4200 rows, 7.8s
    test-00000-of-00001.parquet group 42: 4300 rows, 8.0s
    test-00000-of-00001.parquet group 43: 4400 rows, 8.2s
    test-00000-of-00001.parquet group 44: 4500 rows, 8.3s
    test-00000-of-00001.parquet group 45: 4600 rows, 8.5s
    test-00000-of-00001.parquet group 46: 4700 rows, 8.7s
    test-00000-of-00001.parquet group 47: 4800 rows, 8.9s
    test-00000-of-00001.parquet group 48: 4900 rows, 9.1s
    test-00000-of-00001.parquet group 49: 5000 rows, 9.3s
    test-00000-of-00001.parquet group 50: 5100 rows, 9.5s
    test-00000-of-00001.parquet group 51: 5200 rows, 9.7s
    test-00000-of-00001.parquet group 52: 5300 rows, 9.9s
    test-00000-of-00001.parquet group 53: 5400 rows, 10.1s
    test-00000-of-00001.parquet group 54: 5500 rows, 10.2s
    test-00000-of-00001.parquet group 55: 5600 rows, 10.4s
    test-00000-of-00001.parquet group 56: 5700 rows, 10.6s
    test-00000-of-00001.parquet group 57: 5800 rows, 10.8s
    test-00000-of-00001.parquet group 58: 5900 rows, 11.0s
    test-00000-of-00001.parquet group 59: 6000 rows, 11.2s
    test-00000-of-00001.parquet group 60: 6100 rows, 11.4s
    test-00000-of-00001.parquet group 61: 6200 rows, 11.6s
    test-00000-of-00001.parquet group 62: 6300 rows, 11.7s
    test-00000-of-00001.parquet group 63: 6400 rows, 11.9s
    test-00000-of-00001.parquet group 64: 6500 rows, 12.1s
    test-00000-of-00001.parquet group 65: 6600 rows, 12.3s
    test-00000-of-00001.parquet group 66: 6700 rows, 12.5s
    test-00000-of-00001.parquet group 67: 6800 rows, 12.7s
    test-00000-of-00001.parquet group 68: 6900 rows, 12.8s
    test-00000-of-00001.parquet group 69: 7000 rows, 13.0s
    test-00000-of-00001.parquet group 70: 7100 rows, 13.2s
    test-00000-of-00001.parquet group 71: 7200 rows, 13.4s
    test-00000-of-00001.parquet group 72: 7300 rows, 13.6s
    test-00000-of-00001.parquet group 73: 7400 rows, 13.8s
    test-00000-of-00001.parquet group 74: 7500 rows, 13.9s
    test-00000-of-00001.parquet group 75: 7600 rows, 14.1s
    test-00000-of-00001.parquet group 76: 7700 rows, 14.3s
    test-00000-of-00001.parquet group 77: 7800 rows, 14.5s
    test-00000-of-00001.parquet group 78: 7900 rows, 14.7s
    test-00000-of-00001.parquet group 79: 8000 rows, 14.9s
    test-00000-of-00001.parquet group 80: 8100 rows, 15.1s
    test-00000-of-00001.parquet group 81: 8200 rows, 15.2s
    test-00000-of-00001.parquet group 82: 8300 rows, 15.4s
    test-00000-of-00001.parquet group 83: 8400 rows, 15.6s
    test-00000-of-00001.parquet group 84: 8500 rows, 15.8s
    test-00000-of-00001.parquet group 85: 8600 rows, 16.0s
    test-00000-of-00001.parquet group 86: 8700 rows, 16.2s
    test-00000-of-00001.parquet group 87: 8800 rows, 16.3s
    test-00000-of-00001.parquet group 88: 8900 rows, 16.5s
    test-00000-of-00001.parquet group 89: 9000 rows, 16.7s
    test-00000-of-00001.parquet group 90: 9100 rows, 16.9s
    test-00000-of-00001.parquet group 91: 9200 rows, 17.1s
    test-00000-of-00001.parquet group 92: 9300 rows, 17.3s
    test-00000-of-00001.parquet group 93: 9400 rows, 17.4s
    test-00000-of-00001.parquet group 94: 9500 rows, 17.6s
    test-00000-of-00001.parquet group 95: 9600 rows, 17.8s
    test-00000-of-00001.parquet group 96: 9700 rows, 18.0s
    test-00000-of-00001.parquet group 97: 9800 rows, 18.2s
    test-00000-of-00001.parquet group 98: 9900 rows, 18.4s
    test-00000-of-00001.parquet group 99: 10000 rows, 18.5s
    test-00000-of-00001.parquet group 100: 10100 rows, 18.7s
    test-00000-of-00001.parquet group 101: 10200 rows, 18.9s
    test-00000-of-00001.parquet group 102: 10300 rows, 19.1s
    test-00000-of-00001.parquet group 103: 10400 rows, 19.3s
    test-00000-of-00001.parquet group 104: 10500 rows, 19.5s
    test-00000-of-00001.parquet group 105: 10600 rows, 19.6s
    test-00000-of-00001.parquet group 106: 10700 rows, 19.8s
    test-00000-of-00001.parquet group 107: 10800 rows, 20.0s
    test-00000-of-00001.parquet group 108: 10900 rows, 20.2s
    test-00000-of-00001.parquet group 109: 11000 rows, 20.4s
    test-00000-of-00001.parquet group 110: 11100 rows, 20.6s
    test-00000-of-00001.parquet group 111: 11200 rows, 20.8s
    test-00000-of-00001.parquet group 112: 11300 rows, 20.9s
    test-00000-of-00001.parquet group 113: 11400 rows, 21.1s
    test-00000-of-00001.parquet group 114: 11500 rows, 21.3s
    test-00000-of-00001.parquet group 115: 11600 rows, 21.5s
    test-00000-of-00001.parquet group 116: 11700 rows, 21.7s
    test-00000-of-00001.parquet group 117: 11800 rows, 21.8s
    test-00000-of-00001.parquet group 118: 11900 rows, 22.0s
    test-00000-of-00001.parquet group 119: 12000 rows, 22.2s
    test-00000-of-00001.parquet group 120: 12100 rows, 22.4s
    test-00000-of-00001.parquet group 121: 12200 rows, 22.6s
    test-00000-of-00001.parquet group 122: 12300 rows, 22.8s
    test-00000-of-00001.parquet group 123: 12400 rows, 22.9s
    test-00000-of-00001.parquet group 124: 12500 rows, 23.1s
    test-00000-of-00001.parquet group 125: 12600 rows, 23.3s
    test-00000-of-00001.parquet group 126: 12700 rows, 23.5s
    test-00000-of-00001.parquet group 127: 12800 rows, 23.7s
    test-00000-of-00001.parquet group 128: 12900 rows, 23.9s
    test-00000-of-00001.parquet group 129: 13000 rows, 24.0s
    test-00000-of-00001.parquet group 130: 13100 rows, 24.2s
    test-00000-of-00001.parquet group 131: 13200 rows, 24.4s
    test-00000-of-00001.parquet group 132: 13300 rows, 24.6s
    test-00000-of-00001.parquet group 133: 13400 rows, 24.8s
    test-00000-of-00001.parquet group 134: 13500 rows, 25.0s
    test-00000-of-00001.parquet group 135: 13600 rows, 25.1s
    test-00000-of-00001.parquet group 136: 13700 rows, 25.3s
    test-00000-of-00001.parquet group 137: 13800 rows, 25.5s
    test-00000-of-00001.parquet group 138: 13900 rows, 25.7s
    test-00000-of-00001.parquet group 139: 14000 rows, 25.9s
    test-00000-of-00001.parquet group 140: 14100 rows, 26.1s
    test-00000-of-00001.parquet group 141: 14200 rows, 26.3s
    test-00000-of-00001.parquet group 142: 14300 rows, 26.4s
    test-00000-of-00001.parquet group 143: 14400 rows, 26.6s
    test-00000-of-00001.parquet group 144: 14500 rows, 26.8s
    test-00000-of-00001.parquet group 145: 14600 rows, 27.0s
    test-00000-of-00001.parquet group 146: 14700 rows, 27.2s
    test-00000-of-00001.parquet group 147: 14800 rows, 27.4s
    test-00000-of-00001.parquet group 148: 14900 rows, 27.5s
    test-00000-of-00001.parquet group 149: 15000 rows, 27.7s
    test-00000-of-00001.parquet group 150: 15100 rows, 27.9s
    test-00000-of-00001.parquet group 151: 15200 rows, 28.1s
    test-00000-of-00001.parquet group 152: 15300 rows, 28.3s
    test-00000-of-00001.parquet group 153: 15400 rows, 28.5s
    test-00000-of-00001.parquet group 154: 15500 rows, 28.6s
    test-00000-of-00001.parquet group 155: 15600 rows, 28.8s
    test-00000-of-00001.parquet group 156: 15700 rows, 29.0s
    test-00000-of-00001.parquet group 157: 15800 rows, 29.2s
    test-00000-of-00001.parquet group 158: 15900 rows, 29.4s
    test-00000-of-00001.parquet group 159: 16000 rows, 29.6s
    test-00000-of-00001.parquet group 160: 16100 rows, 29.7s
    test-00000-of-00001.parquet group 161: 16200 rows, 29.9s
    test-00000-of-00001.parquet group 162: 16300 rows, 30.1s
    test-00000-of-00001.parquet group 163: 16400 rows, 30.3s
    test-00000-of-00001.parquet group 164: 16500 rows, 30.5s
    test-00000-of-00001.parquet group 165: 16600 rows, 30.7s
    test-00000-of-00001.parquet group 166: 16700 rows, 30.9s
    test-00000-of-00001.parquet group 167: 16800 rows, 31.0s
    test-00000-of-00001.parquet group 168: 16900 rows, 31.2s
    test-00000-of-00001.parquet group 169: 17000 rows, 31.4s
    test-00000-of-00001.parquet group 170: 17100 rows, 31.6s
    test-00000-of-00001.parquet group 171: 17200 rows, 31.8s
    test-00000-of-00001.parquet group 172: 17300 rows, 32.0s
    test-00000-of-00001.parquet group 173: 17400 rows, 32.1s
    test-00000-of-00001.parquet group 174: 17500 rows, 32.3s
    test-00000-of-00001.parquet group 175: 17600 rows, 32.5s
    test-00000-of-00001.parquet group 176: 17700 rows, 32.7s
    test-00000-of-00001.parquet group 177: 17800 rows, 32.9s
    test-00000-of-00001.parquet group 178: 17900 rows, 33.1s
    test-00000-of-00001.parquet group 179: 18000 rows, 33.2s
    test-00000-of-00001.parquet group 180: 18100 rows, 33.4s
    test-00000-of-00001.parquet group 181: 18200 rows, 33.6s
    test-00000-of-00001.parquet group 182: 18300 rows, 33.8s
    test-00000-of-00001.parquet group 183: 18400 rows, 34.0s
    test-00000-of-00001.parquet group 184: 18500 rows, 34.1s
    test-00000-of-00001.parquet group 185: 18600 rows, 34.3s
    test-00000-of-00001.parquet group 186: 18700 rows, 34.5s
    test-00000-of-00001.parquet group 187: 18800 rows, 34.7s
    test-00000-of-00001.parquet group 188: 18900 rows, 34.9s
    test-00000-of-00001.parquet group 189: 19000 rows, 35.1s
    test-00000-of-00001.parquet group 190: 19100 rows, 35.2s
    test-00000-of-00001.parquet group 191: 19200 rows, 35.4s
    test-00000-of-00001.parquet group 192: 19300 rows, 35.6s
    test-00000-of-00001.parquet group 193: 19400 rows, 35.8s
    test-00000-of-00001.parquet group 194: 19500 rows, 36.0s
    test-00000-of-00001.parquet group 195: 19600 rows, 36.2s
    test-00000-of-00001.parquet group 196: 19700 rows, 36.3s
    test-00000-of-00001.parquet group 197: 19800 rows, 36.5s
    test-00000-of-00001.parquet group 198: 19900 rows, 36.7s
    test-00000-of-00001.parquet group 199: 20000 rows, 36.9s
    test-00000-of-00001.parquet group 200: 20100 rows, 37.1s
    test-00000-of-00001.parquet group 201: 20200 rows, 37.3s
    test-00000-of-00001.parquet group 202: 20300 rows, 37.5s
    test-00000-of-00001.parquet group 203: 20400 rows, 37.6s
    test-00000-of-00001.parquet group 204: 20500 rows, 37.8s
    test-00000-of-00001.parquet group 205: 20600 rows, 38.0s
    test-00000-of-00001.parquet group 206: 20700 rows, 38.2s
    test-00000-of-00001.parquet group 207: 20800 rows, 38.4s
    test-00000-of-00001.parquet group 208: 20900 rows, 38.6s
    test-00000-of-00001.parquet group 209: 21000 rows, 38.7s
    test-00000-of-00001.parquet group 210: 21100 rows, 38.9s
    test-00000-of-00001.parquet group 211: 21200 rows, 39.1s
    test-00000-of-00001.parquet group 212: 21300 rows, 39.3s
    test-00000-of-00001.parquet group 213: 21400 rows, 39.5s
    test-00000-of-00001.parquet group 214: 21500 rows, 39.7s
    test-00000-of-00001.parquet group 215: 21600 rows, 39.9s
    test-00000-of-00001.parquet group 216: 21700 rows, 40.0s
    test-00000-of-00001.parquet group 217: 21800 rows, 40.2s
    test-00000-of-00001.parquet group 218: 21900 rows, 40.4s
    test-00000-of-00001.parquet group 219: 22000 rows, 40.6s
    test-00000-of-00001.parquet group 220: 22100 rows, 40.8s
    test-00000-of-00001.parquet group 221: 22200 rows, 41.0s
    test-00000-of-00001.parquet group 222: 22300 rows, 41.1s
    test-00000-of-00001.parquet group 223: 22400 rows, 41.3s
    test-00000-of-00001.parquet group 224: 22500 rows, 41.5s
    test-00000-of-00001.parquet group 225: 22600 rows, 41.7s
    test-00000-of-00001.parquet group 226: 22700 rows, 41.9s
    test-00000-of-00001.parquet group 227: 22800 rows, 42.1s
    test-00000-of-00001.parquet group 228: 22900 rows, 42.2s
    test-00000-of-00001.parquet group 229: 23000 rows, 42.4s
    test-00000-of-00001.parquet group 230: 23100 rows, 42.6s
    test-00000-of-00001.parquet group 231: 23200 rows, 42.8s
    test-00000-of-00001.parquet group 232: 23300 rows, 43.0s
    test-00000-of-00001.parquet group 233: 23400 rows, 43.2s
    test-00000-of-00001.parquet group 234: 23500 rows, 43.3s
    test-00000-of-00001.parquet group 235: 23600 rows, 43.5s
    test-00000-of-00001.parquet group 236: 23700 rows, 43.7s
    test-00000-of-00001.parquet group 237: 23800 rows, 43.9s
    test-00000-of-00001.parquet group 238: 23900 rows, 44.1s
    test-00000-of-00001.parquet group 239: 24000 rows, 44.3s
    test-00000-of-00001.parquet group 240: 24100 rows, 44.4s
    test-00000-of-00001.parquet group 241: 24200 rows, 44.6s
    test-00000-of-00001.parquet group 242: 24300 rows, 44.8s
    test-00000-of-00001.parquet group 243: 24400 rows, 45.0s
    test-00000-of-00001.parquet group 244: 24500 rows, 45.2s
    test-00000-of-00001.parquet group 245: 24600 rows, 45.4s
    test-00000-of-00001.parquet group 246: 24700 rows, 45.5s
    test-00000-of-00001.parquet group 247: 24800 rows, 45.7s
    test-00000-of-00001.parquet group 248: 24900 rows, 45.9s
    test-00000-of-00001.parquet group 249: 25000 rows, 46.1s
    test-00000-of-00001.parquet group 250: 25100 rows, 46.3s
    test-00000-of-00001.parquet group 251: 25200 rows, 46.5s
    test-00000-of-00001.parquet group 252: 25300 rows, 46.6s
    test-00000-of-00001.parquet group 253: 25400 rows, 46.8s
    test-00000-of-00001.parquet group 254: 25500 rows, 47.0s
    test-00000-of-00001.parquet group 255: 25600 rows, 47.2s
    test-00000-of-00001.parquet group 256: 25700 rows, 47.4s
    test-00000-of-00001.parquet group 257: 25800 rows, 47.6s
    test-00000-of-00001.parquet group 258: 25900 rows, 47.8s
    test-00000-of-00001.parquet group 259: 26000 rows, 47.9s
    test-00000-of-00001.parquet group 260: 26100 rows, 48.1s
    test-00000-of-00001.parquet group 261: 26200 rows, 48.3s
    test-00000-of-00001.parquet group 262: 26300 rows, 48.5s
    test-00000-of-00001.parquet group 263: 26400 rows, 48.7s
    test-00000-of-00001.parquet group 264: 26500 rows, 48.9s
    test-00000-of-00001.parquet group 265: 26600 rows, 49.1s
    test-00000-of-00001.parquet group 266: 26700 rows, 49.3s
    test-00000-of-00001.parquet group 267: 26800 rows, 49.5s
    test-00000-of-00001.parquet group 268: 26900 rows, 49.6s
    test-00000-of-00001.parquet group 269: 27000 rows, 49.8s
    test-00000-of-00001.parquet group 270: 27100 rows, 50.0s
    test-00000-of-00001.parquet group 271: 27200 rows, 50.2s
    test-00000-of-00001.parquet group 272: 27300 rows, 50.4s
    test-00000-of-00001.parquet group 273: 27400 rows, 50.6s
    test-00000-of-00001.parquet group 274: 27500 rows, 50.7s
    test-00000-of-00001.parquet group 275: 27600 rows, 50.9s
    test-00000-of-00001.parquet group 276: 27700 rows, 51.1s
    test-00000-of-00001.parquet group 277: 27800 rows, 51.3s
    test-00000-of-00001.parquet group 278: 27900 rows, 51.5s
    test-00000-of-00001.parquet group 279: 28000 rows, 51.7s
    test-00000-of-00001.parquet group 280: 28100 rows, 51.8s
    test-00000-of-00001.parquet group 281: 28200 rows, 52.0s
    test-00000-of-00001.parquet group 282: 28300 rows, 52.2s
    test-00000-of-00001.parquet group 283: 28400 rows, 52.4s
    test-00000-of-00001.parquet group 284: 28500 rows, 52.6s
    test-00000-of-00001.parquet group 285: 28600 rows, 52.8s
    test-00000-of-00001.parquet group 286: 28700 rows, 53.0s
    test-00000-of-00001.parquet group 287: 28800 rows, 53.1s
    test-00000-of-00001.parquet group 288: 28900 rows, 53.3s
    test-00000-of-00001.parquet group 289: 29000 rows, 53.5s
    test-00000-of-00001.parquet group 290: 29100 rows, 53.7s
    test-00000-of-00001.parquet group 291: 29200 rows, 53.9s
    test-00000-of-00001.parquet group 292: 29300 rows, 54.1s
    test-00000-of-00001.parquet group 293: 29400 rows, 54.2s
    test-00000-of-00001.parquet group 294: 29500 rows, 54.4s
    test-00000-of-00001.parquet group 295: 29600 rows, 54.6s
    test-00000-of-00001.parquet group 296: 29700 rows, 54.8s
    test-00000-of-00001.parquet group 297: 29800 rows, 55.0s
    test-00000-of-00001.parquet group 298: 29900 rows, 55.2s
    test-00000-of-00001.parquet group 299: 30000 rows, 55.4s
    test-00000-of-00001.parquet group 300: 30100 rows, 55.5s
    test-00000-of-00001.parquet group 301: 30200 rows, 55.7s
    test-00000-of-00001.parquet group 302: 30300 rows, 55.9s
    test-00000-of-00001.parquet group 303: 30400 rows, 56.1s
    test-00000-of-00001.parquet group 304: 30500 rows, 56.3s
    test-00000-of-00001.parquet group 305: 30600 rows, 56.5s
    test-00000-of-00001.parquet group 306: 30700 rows, 56.7s
    test-00000-of-00001.parquet group 307: 30800 rows, 56.8s
    test-00000-of-00001.parquet group 308: 30900 rows, 57.0s
    test-00000-of-00001.parquet group 309: 31000 rows, 57.2s
    test-00000-of-00001.parquet group 310: 31100 rows, 57.4s
    test-00000-of-00001.parquet group 311: 31200 rows, 57.6s
    test-00000-of-00001.parquet group 312: 31300 rows, 57.8s
    test-00000-of-00001.parquet group 313: 31400 rows, 57.9s
    test-00000-of-00001.parquet group 314: 31500 rows, 58.1s
    test-00000-of-00001.parquet group 315: 31600 rows, 58.3s
    test-00000-of-00001.parquet group 316: 31700 rows, 58.5s
    test-00000-of-00001.parquet group 317: 31800 rows, 58.7s
    test-00000-of-00001.parquet group 318: 31900 rows, 58.9s
    test-00000-of-00001.parquet group 319: 32000 rows, 59.1s
    test-00000-of-00001.parquet group 320: 32100 rows, 59.2s
    test-00000-of-00001.parquet group 321: 32200 rows, 59.4s
    test-00000-of-00001.parquet group 322: 32300 rows, 59.6s
    test-00000-of-00001.parquet group 323: 32400 rows, 59.8s
    test-00000-of-00001.parquet group 324: 32500 rows, 60.0s
    test-00000-of-00001.parquet group 325: 32600 rows, 60.2s
    test-00000-of-00001.parquet group 326: 32700 rows, 60.4s
    test-00000-of-00001.parquet group 327: 32800 rows, 60.6s
    test-00000-of-00001.parquet group 328: 32900 rows, 60.7s
    test-00000-of-00001.parquet group 329: 33000 rows, 60.9s
    test-00000-of-00001.parquet group 330: 33100 rows, 61.1s
    test-00000-of-00001.parquet group 331: 33200 rows, 61.3s
    test-00000-of-00001.parquet group 332: 33300 rows, 61.5s
    test-00000-of-00001.parquet group 333: 33400 rows, 61.7s
    test-00000-of-00001.parquet group 334: 33500 rows, 61.8s
    test-00000-of-00001.parquet group 335: 33600 rows, 62.0s
    test-00000-of-00001.parquet group 336: 33700 rows, 62.2s
    test-00000-of-00001.parquet group 337: 33800 rows, 62.4s
    test-00000-of-00001.parquet group 338: 33900 rows, 62.6s
    test-00000-of-00001.parquet group 339: 34000 rows, 62.8s
    test-00000-of-00001.parquet group 340: 34100 rows, 63.0s
    test-00000-of-00001.parquet group 341: 34200 rows, 63.1s
    test-00000-of-00001.parquet group 342: 34300 rows, 63.3s
    test-00000-of-00001.parquet group 343: 34400 rows, 63.5s
    test-00000-of-00001.parquet group 344: 34500 rows, 63.7s
    test-00000-of-00001.parquet group 345: 34600 rows, 63.9s
    test-00000-of-00001.parquet group 346: 34700 rows, 64.1s
    test-00000-of-00001.parquet group 347: 34800 rows, 64.2s
    test-00000-of-00001.parquet group 348: 34900 rows, 64.4s
    test-00000-of-00001.parquet group 349: 35000 rows, 64.6s
    test-00000-of-00001.parquet group 350: 35100 rows, 64.8s
    test-00000-of-00001.parquet group 351: 35200 rows, 65.0s
    test-00000-of-00001.parquet group 352: 35300 rows, 65.2s
    test-00000-of-00001.parquet group 353: 35400 rows, 65.3s
    test-00000-of-00001.parquet group 354: 35500 rows, 65.5s
    test-00000-of-00001.parquet group 355: 35600 rows, 65.7s
    test-00000-of-00001.parquet group 356: 35700 rows, 65.9s
    test-00000-of-00001.parquet group 357: 35800 rows, 66.1s
    test-00000-of-00001.parquet group 358: 35900 rows, 66.3s
    test-00000-of-00001.parquet group 359: 36000 rows, 66.4s
    test-00000-of-00001.parquet group 360: 36100 rows, 66.6s
    test-00000-of-00001.parquet group 361: 36200 rows, 66.8s
    test-00000-of-00001.parquet group 362: 36300 rows, 67.0s
    test-00000-of-00001.parquet group 363: 36400 rows, 67.2s
    test-00000-of-00001.parquet group 364: 36500 rows, 67.4s
    test-00000-of-00001.parquet group 365: 36600 rows, 67.5s
    test-00000-of-00001.parquet group 366: 36700 rows, 67.7s
    test-00000-of-00001.parquet group 367: 36800 rows, 67.9s
    test-00000-of-00001.parquet group 368: 36900 rows, 68.1s
    test-00000-of-00001.parquet group 369: 37000 rows, 68.3s
    test-00000-of-00001.parquet group 370: 37100 rows, 68.5s
    test-00000-of-00001.parquet group 371: 37200 rows, 68.6s
    test-00000-of-00001.parquet group 372: 37300 rows, 68.8s
    test-00000-of-00001.parquet group 373: 37400 rows, 69.0s
    test-00000-of-00001.parquet group 374: 37500 rows, 69.2s
    test-00000-of-00001.parquet group 375: 37600 rows, 69.4s
    test-00000-of-00001.parquet group 376: 37700 rows, 69.6s
    test-00000-of-00001.parquet group 377: 37800 rows, 69.8s
    test-00000-of-00001.parquet group 378: 37900 rows, 70.0s
    test-00000-of-00001.parquet group 379: 38000 rows, 70.1s
    test-00000-of-00001.parquet group 380: 38100 rows, 70.3s
    test-00000-of-00001.parquet group 381: 38200 rows, 70.5s
    test-00000-of-00001.parquet group 382: 38300 rows, 70.7s
    test-00000-of-00001.parquet group 383: 38400 rows, 70.9s
    test-00000-of-00001.parquet group 384: 38500 rows, 71.1s
    test-00000-of-00001.parquet group 385: 38600 rows, 71.2s
    test-00000-of-00001.parquet group 386: 38700 rows, 71.4s
    test-00000-of-00001.parquet group 387: 38800 rows, 71.6s
    test-00000-of-00001.parquet group 388: 38900 rows, 71.8s
    test-00000-of-00001.parquet group 389: 39000 rows, 72.0s
    test-00000-of-00001.parquet group 390: 39100 rows, 72.2s
    test-00000-of-00001.parquet group 391: 39200 rows, 72.3s
    test-00000-of-00001.parquet group 392: 39300 rows, 72.5s
    test-00000-of-00001.parquet group 393: 39400 rows, 72.7s
    test-00000-of-00001.parquet group 394: 39500 rows, 72.9s
    test-00000-of-00001.parquet group 395: 39600 rows, 73.1s
    test-00000-of-00001.parquet group 396: 39700 rows, 73.3s
    test-00000-of-00001.parquet group 397: 39800 rows, 73.5s
    test-00000-of-00001.parquet group 398: 39900 rows, 73.7s
    test-00000-of-00001.parquet group 399: 40000 rows, 73.9s
    test-00000-of-00001.parquet group 400: 40100 rows, 74.1s
    test-00000-of-00001.parquet group 401: 40200 rows, 74.3s
    test-00000-of-00001.parquet group 402: 40300 rows, 74.5s
    test-00000-of-00001.parquet group 403: 40400 rows, 74.6s
    test-00000-of-00001.parquet group 404: 40500 rows, 74.8s
    test-00000-of-00001.parquet group 405: 40600 rows, 75.0s
    test-00000-of-00001.parquet group 406: 40700 rows, 75.2s
    test-00000-of-00001.parquet group 407: 40800 rows, 75.4s
    test-00000-of-00001.parquet group 408: 40900 rows, 75.6s
    test-00000-of-00001.parquet group 409: 41000 rows, 75.8s
    test-00000-of-00001.parquet group 410: 41100 rows, 76.0s
    test-00000-of-00001.parquet group 411: 41200 rows, 76.2s
    test-00000-of-00001.parquet group 412: 41300 rows, 76.4s
    test-00000-of-00001.parquet group 413: 41400 rows, 76.6s
    test-00000-of-00001.parquet group 414: 41500 rows, 76.8s
    test-00000-of-00001.parquet group 415: 41600 rows, 77.0s
    test-00000-of-00001.parquet group 416: 41700 rows, 77.2s
    test-00000-of-00001.parquet group 417: 41800 rows, 77.4s
    test-00000-of-00001.parquet group 418: 41900 rows, 77.6s
    test-00000-of-00001.parquet group 419: 42000 rows, 77.8s
    test-00000-of-00001.parquet group 420: 42100 rows, 78.0s
    test-00000-of-00001.parquet group 421: 42200 rows, 78.2s
    test-00000-of-00001.parquet group 422: 42300 rows, 78.4s
    test-00000-of-00001.parquet group 423: 42400 rows, 78.6s
    test-00000-of-00001.parquet group 424: 42500 rows, 78.8s
    test-00000-of-00001.parquet group 425: 42600 rows, 78.9s
    test-00000-of-00001.parquet group 426: 42700 rows, 79.1s
    test-00000-of-00001.parquet group 427: 42800 rows, 79.3s
    test-00000-of-00001.parquet group 428: 42900 rows, 79.5s
    test-00000-of-00001.parquet group 429: 43000 rows, 79.7s
    test-00000-of-00001.parquet group 430: 43100 rows, 79.9s
    test-00000-of-00001.parquet group 431: 43200 rows, 80.1s
    test-00000-of-00001.parquet group 432: 43300 rows, 80.3s
    test-00000-of-00001.parquet group 433: 43400 rows, 80.5s
    test-00000-of-00001.parquet group 434: 43500 rows, 80.7s
    test-00000-of-00001.parquet group 435: 43600 rows, 80.9s
    test-00000-of-00001.parquet group 436: 43700 rows, 81.1s
    test-00000-of-00001.parquet group 437: 43800 rows, 81.3s
    test-00000-of-00001.parquet group 438: 43900 rows, 81.5s
    test-00000-of-00001.parquet group 439: 44000 rows, 81.7s
    test-00000-of-00001.parquet group 440: 44100 rows, 81.9s
    test-00000-of-00001.parquet group 441: 44200 rows, 82.1s
    test-00000-of-00001.parquet group 442: 44300 rows, 82.3s
    test-00000-of-00001.parquet group 443: 44400 rows, 82.5s
    test-00000-of-00001.parquet group 444: 44500 rows, 82.7s
    test-00000-of-00001.parquet group 445: 44600 rows, 82.8s
    test-00000-of-00001.parquet group 446: 44700 rows, 83.0s
    test-00000-of-00001.parquet group 447: 44800 rows, 83.2s
    test-00000-of-00001.parquet group 448: 44900 rows, 83.4s
    test-00000-of-00001.parquet group 449: 45000 rows, 83.6s
    test-00000-of-00001.parquet group 450: 45100 rows, 83.8s
    test-00000-of-00001.parquet group 451: 45200 rows, 84.0s
    test-00000-of-00001.parquet group 452: 45300 rows, 84.2s
    test-00000-of-00001.parquet group 453: 45400 rows, 84.4s
    test-00000-of-00001.parquet group 454: 45500 rows, 84.6s
    test-00000-of-00001.parquet group 455: 45600 rows, 84.7s
    test-00000-of-00001.parquet group 456: 45700 rows, 84.9s
    test-00000-of-00001.parquet group 457: 45800 rows, 85.1s
    test-00000-of-00001.parquet group 458: 45900 rows, 85.3s
    test-00000-of-00001.parquet group 459: 46000 rows, 85.5s
    test-00000-of-00001.parquet group 460: 46100 rows, 85.7s
    test-00000-of-00001.parquet group 461: 46200 rows, 85.9s
    test-00000-of-00001.parquet group 462: 46300 rows, 86.0s
    test-00000-of-00001.parquet group 463: 46400 rows, 86.2s
    test-00000-of-00001.parquet group 464: 46500 rows, 86.4s
    test-00000-of-00001.parquet group 465: 46600 rows, 86.6s
    test-00000-of-00001.parquet group 466: 46700 rows, 86.8s
    test-00000-of-00001.parquet group 467: 46800 rows, 87.0s
    test-00000-of-00001.parquet group 468: 46900 rows, 87.2s
    test-00000-of-00001.parquet group 469: 47000 rows, 87.4s
    test-00000-of-00001.parquet group 470: 47100 rows, 87.6s
    test-00000-of-00001.parquet group 471: 47200 rows, 87.8s
    test-00000-of-00001.parquet group 472: 47300 rows, 87.9s
    test-00000-of-00001.parquet group 473: 47400 rows, 88.1s
    test-00000-of-00001.parquet group 474: 47500 rows, 88.3s
    test-00000-of-00001.parquet group 475: 47600 rows, 88.5s
    test-00000-of-00001.parquet group 476: 47700 rows, 88.7s
    test-00000-of-00001.parquet group 477: 47800 rows, 88.9s
    test-00000-of-00001.parquet group 478: 47900 rows, 89.0s
    test-00000-of-00001.parquet group 479: 48000 rows, 89.2s
    test-00000-of-00001.parquet group 480: 48100 rows, 89.4s
    test-00000-of-00001.parquet group 481: 48200 rows, 89.6s
    test-00000-of-00001.parquet group 482: 48300 rows, 89.8s
    test-00000-of-00001.parquet group 483: 48400 rows, 90.0s
    test-00000-of-00001.parquet group 484: 48500 rows, 90.2s
    test-00000-of-00001.parquet group 485: 48600 rows, 90.4s
    test-00000-of-00001.parquet group 486: 48700 rows, 90.5s
    test-00000-of-00001.parquet group 487: 48800 rows, 90.7s
    test-00000-of-00001.parquet group 488: 48900 rows, 90.9s
    test-00000-of-00001.parquet group 489: 49000 rows, 91.1s
    test-00000-of-00001.parquet group 490: 49100 rows, 91.3s
    test-00000-of-00001.parquet group 491: 49200 rows, 91.5s
    test-00000-of-00001.parquet group 492: 49300 rows, 91.7s
    test-00000-of-00001.parquet group 493: 49400 rows, 91.8s
    test-00000-of-00001.parquet group 494: 49500 rows, 92.0s
    test-00000-of-00001.parquet group 495: 49600 rows, 92.2s
    test-00000-of-00001.parquet group 496: 49700 rows, 92.4s
    test-00000-of-00001.parquet group 497: 49800 rows, 92.6s
    test-00000-of-00001.parquet group 498: 49900 rows, 92.8s
    test-00000-of-00001.parquet group 499: 50000 rows, 93.0s
    test-00000-of-00001.parquet group 500: 50100 rows, 93.1s
    test-00000-of-00001.parquet group 501: 50200 rows, 93.3s
    test-00000-of-00001.parquet group 502: 50300 rows, 93.5s
    test-00000-of-00001.parquet group 503: 50400 rows, 93.7s
    test-00000-of-00001.parquet group 504: 50500 rows, 93.9s
    test-00000-of-00001.parquet group 505: 50600 rows, 94.1s
    test-00000-of-00001.parquet group 506: 50700 rows, 94.3s
    test-00000-of-00001.parquet group 507: 50800 rows, 94.4s
    test-00000-of-00001.parquet group 508: 50900 rows, 94.6s
    test-00000-of-00001.parquet group 509: 51000 rows, 94.8s
    test-00000-of-00001.parquet group 510: 51100 rows, 95.0s
    test-00000-of-00001.parquet group 511: 51200 rows, 95.2s
    test-00000-of-00001.parquet group 512: 51300 rows, 95.4s
    test-00000-of-00001.parquet group 513: 51400 rows, 95.6s
    test-00000-of-00001.parquet group 514: 51500 rows, 95.8s
    test-00000-of-00001.parquet group 515: 51600 rows, 96.0s
    test-00000-of-00001.parquet group 516: 51700 rows, 96.2s
    test-00000-of-00001.parquet group 517: 51800 rows, 96.4s
    test-00000-of-00001.parquet group 518: 51900 rows, 96.6s
    test-00000-of-00001.parquet group 519: 52000 rows, 96.8s
    test-00000-of-00001.parquet group 520: 52100 rows, 97.1s
    test-00000-of-00001.parquet group 521: 52200 rows, 97.3s
    test-00000-of-00001.parquet group 522: 52300 rows, 97.5s
    test-00000-of-00001.parquet group 523: 52400 rows, 97.7s
    test-00000-of-00001.parquet group 524: 52500 rows, 98.0s
    test-00000-of-00001.parquet group 525: 52600 rows, 98.2s
    test-00000-of-00001.parquet group 526: 52700 rows, 98.4s
    test-00000-of-00001.parquet group 527: 52800 rows, 98.6s
    test-00000-of-00001.parquet group 528: 52900 rows, 98.9s
    test-00000-of-00001.parquet group 529: 53000 rows, 99.1s
    test-00000-of-00001.parquet group 530: 53100 rows, 99.3s
    test-00000-of-00001.parquet group 531: 53200 rows, 99.5s
    test-00000-of-00001.parquet group 532: 53300 rows, 99.7s
    test-00000-of-00001.parquet group 533: 53400 rows, 100.0s
    test-00000-of-00001.parquet group 534: 53500 rows, 100.2s
    test-00000-of-00001.parquet group 535: 53600 rows, 100.4s
    test-00000-of-00001.parquet group 536: 53700 rows, 100.7s
    test-00000-of-00001.parquet group 537: 53800 rows, 100.9s
    test-00000-of-00001.parquet group 538: 53900 rows, 101.1s
    test-00000-of-00001.parquet group 539: 54000 rows, 101.3s
    test-00000-of-00001.parquet group 540: 54100 rows, 101.6s
    test-00000-of-00001.parquet group 541: 54200 rows, 101.8s
    test-00000-of-00001.parquet group 542: 54300 rows, 102.0s
    test-00000-of-00001.parquet group 543: 54400 rows, 102.3s
    test-00000-of-00001.parquet group 544: 54500 rows, 102.5s
    test-00000-of-00001.parquet group 545: 54600 rows, 102.7s
    test-00000-of-00001.parquet group 546: 54700 rows, 103.0s
    test-00000-of-00001.parquet group 547: 54800 rows, 103.2s
    test-00000-of-00001.parquet group 548: 54900 rows, 103.4s
    test-00000-of-00001.parquet group 549: 55000 rows, 103.6s
    test-00000-of-00001.parquet group 550: 55100 rows, 103.9s
    test-00000-of-00001.parquet group 551: 55200 rows, 104.1s
    test-00000-of-00001.parquet group 552: 55300 rows, 104.3s
    test-00000-of-00001.parquet group 553: 55400 rows, 104.5s
    test-00000-of-00001.parquet group 554: 55500 rows, 104.8s
    test-00000-of-00001.parquet group 555: 55600 rows, 105.0s
    test-00000-of-00001.parquet group 556: 55700 rows, 105.2s
    test-00000-of-00001.parquet group 557: 55800 rows, 105.4s
    test-00000-of-00001.parquet group 558: 55900 rows, 105.6s
    test-00000-of-00001.parquet group 559: 56000 rows, 105.9s
    test-00000-of-00001.parquet group 560: 56100 rows, 106.1s
    test-00000-of-00001.parquet group 561: 56200 rows, 106.3s
    test-00000-of-00001.parquet group 562: 56300 rows, 106.5s
    test-00000-of-00001.parquet group 563: 56400 rows, 106.7s
    test-00000-of-00001.parquet group 564: 56500 rows, 106.9s
    test-00000-of-00001.parquet group 565: 56600 rows, 107.2s
    test-00000-of-00001.parquet group 566: 56700 rows, 107.4s
    test-00000-of-00001.parquet group 567: 56800 rows, 107.6s
    test-00000-of-00001.parquet group 568: 56900 rows, 107.8s
    test-00000-of-00001.parquet group 569: 57000 rows, 108.0s
    test-00000-of-00001.parquet group 570: 57100 rows, 108.2s
    test-00000-of-00001.parquet group 571: 57200 rows, 108.5s
    test-00000-of-00001.parquet group 572: 57300 rows, 108.7s
    test-00000-of-00001.parquet group 573: 57400 rows, 108.9s
    test-00000-of-00001.parquet group 574: 57500 rows, 109.1s
    test-00000-of-00001.parquet group 575: 57600 rows, 109.3s
    test-00000-of-00001.parquet group 576: 57700 rows, 109.6s
    test-00000-of-00001.parquet group 577: 57800 rows, 109.8s
    test-00000-of-00001.parquet group 578: 57900 rows, 110.0s
    test-00000-of-00001.parquet group 579: 58000 rows, 110.2s
    test-00000-of-00001.parquet group 580: 58100 rows, 110.4s
    test-00000-of-00001.parquet group 581: 58200 rows, 110.7s
    test-00000-of-00001.parquet group 582: 58300 rows, 110.9s
    test-00000-of-00001.parquet group 583: 58400 rows, 111.1s
    test-00000-of-00001.parquet group 584: 58500 rows, 111.3s
    test-00000-of-00001.parquet group 585: 58600 rows, 111.6s
    test-00000-of-00001.parquet group 586: 58700 rows, 111.8s
    test-00000-of-00001.parquet group 587: 58800 rows, 112.0s
    test-00000-of-00001.parquet group 588: 58900 rows, 112.2s
    test-00000-of-00001.parquet group 589: 59000 rows, 112.4s
    test-00000-of-00001.parquet group 590: 59100 rows, 112.7s
    test-00000-of-00001.parquet group 591: 59200 rows, 112.9s
    test-00000-of-00001.parquet group 592: 59300 rows, 113.1s
    test-00000-of-00001.parquet group 593: 59400 rows, 113.3s
    test-00000-of-00001.parquet group 594: 59500 rows, 113.5s
    test-00000-of-00001.parquet group 595: 59600 rows, 113.7s
    test-00000-of-00001.parquet group 596: 59700 rows, 113.9s
    test-00000-of-00001.parquet group 597: 59800 rows, 114.2s
    test-00000-of-00001.parquet group 598: 59900 rows, 114.4s
    test-00000-of-00001.parquet group 599: 60000 rows, 114.6s
    test-00000-of-00001.parquet group 600: 60100 rows, 114.8s
    test-00000-of-00001.parquet group 601: 60200 rows, 115.0s
    test-00000-of-00001.parquet group 602: 60300 rows, 115.2s
    test-00000-of-00001.parquet group 603: 60400 rows, 115.5s
    test-00000-of-00001.parquet group 604: 60500 rows, 115.7s
    test-00000-of-00001.parquet group 605: 60600 rows, 115.9s
    test-00000-of-00001.parquet group 606: 60700 rows, 116.1s
    test-00000-of-00001.parquet group 607: 60800 rows, 116.3s
    test-00000-of-00001.parquet group 608: 60900 rows, 116.6s
    test-00000-of-00001.parquet group 609: 61000 rows, 116.8s
    test-00000-of-00001.parquet group 610: 61100 rows, 117.0s
    test-00000-of-00001.parquet group 611: 61200 rows, 117.2s
    test-00000-of-00001.parquet group 612: 61300 rows, 117.4s
    test-00000-of-00001.parquet group 613: 61400 rows, 117.6s
    test-00000-of-00001.parquet group 614: 61500 rows, 117.8s
    test-00000-of-00001.parquet group 615: 61600 rows, 118.0s
    test-00000-of-00001.parquet group 616: 61700 rows, 118.2s
    test-00000-of-00001.parquet group 617: 61800 rows, 118.4s
    test-00000-of-00001.parquet group 618: 61900 rows, 118.6s
    test-00000-of-00001.parquet group 619: 62000 rows, 118.9s
    test-00000-of-00001.parquet group 620: 62100 rows, 119.1s
    test-00000-of-00001.parquet group 621: 62200 rows, 119.3s
    test-00000-of-00001.parquet group 622: 62300 rows, 119.5s
    test-00000-of-00001.parquet group 623: 62400 rows, 119.7s
    test-00000-of-00001.parquet group 624: 62500 rows, 119.9s
    test-00000-of-00001.parquet group 625: 62600 rows, 120.2s
    test-00000-of-00001.parquet group 626: 62700 rows, 120.4s
    test-00000-of-00001.parquet group 627: 62800 rows, 120.6s
    test-00000-of-00001.parquet group 628: 62900 rows, 120.8s
    test-00000-of-00001.parquet group 629: 63000 rows, 121.0s
    test-00000-of-00001.parquet group 630: 63100 rows, 121.2s
    test-00000-of-00001.parquet group 631: 63200 rows, 121.4s
    test-00000-of-00001.parquet group 632: 63300 rows, 121.7s
    test-00000-of-00001.parquet group 633: 63400 rows, 121.9s
    test-00000-of-00001.parquet group 634: 63500 rows, 122.1s
    test-00000-of-00001.parquet group 635: 63600 rows, 122.3s
    test-00000-of-00001.parquet group 636: 63700 rows, 122.5s
    test-00000-of-00001.parquet group 637: 63800 rows, 122.7s
    test-00000-of-00001.parquet group 638: 63900 rows, 122.9s
    test-00000-of-00001.parquet group 639: 64000 rows, 123.2s
    test-00000-of-00001.parquet group 640: 64100 rows, 123.4s
    test-00000-of-00001.parquet group 641: 64200 rows, 123.6s
    test-00000-of-00001.parquet group 642: 64300 rows, 123.8s
    test-00000-of-00001.parquet group 643: 64400 rows, 124.0s
    test-00000-of-00001.parquet group 644: 64500 rows, 124.3s
    test-00000-of-00001.parquet group 645: 64600 rows, 124.5s
    test-00000-of-00001.parquet group 646: 64700 rows, 124.7s
    test-00000-of-00001.parquet group 647: 64800 rows, 124.9s
    test-00000-of-00001.parquet group 648: 64900 rows, 125.1s
    test-00000-of-00001.parquet group 649: 65000 rows, 125.3s
    test-00000-of-00001.parquet group 650: 65100 rows, 125.6s
    test-00000-of-00001.parquet group 651: 65200 rows, 125.8s
    test-00000-of-00001.parquet group 652: 65300 rows, 126.0s
    test-00000-of-00001.parquet group 653: 65400 rows, 126.2s
    test-00000-of-00001.parquet group 654: 65500 rows, 126.4s
    test-00000-of-00001.parquet group 655: 65600 rows, 126.6s
    test-00000-of-00001.parquet group 656: 65700 rows, 126.8s
    test-00000-of-00001.parquet group 657: 65800 rows, 127.1s
    test-00000-of-00001.parquet group 658: 65900 rows, 127.3s
    test-00000-of-00001.parquet group 659: 66000 rows, 127.5s
    test-00000-of-00001.parquet group 660: 66100 rows, 127.7s
    test-00000-of-00001.parquet group 661: 66200 rows, 127.9s
    test-00000-of-00001.parquet group 662: 66300 rows, 128.1s
    test-00000-of-00001.parquet group 663: 66400 rows, 128.4s
    test-00000-of-00001.parquet group 664: 66500 rows, 128.6s
    test-00000-of-00001.parquet group 665: 66600 rows, 128.9s
    test-00000-of-00001.parquet group 666: 66700 rows, 129.2s
    test-00000-of-00001.parquet group 667: 66800 rows, 129.5s
    test-00000-of-00001.parquet group 668: 66900 rows, 130.0s
    test-00000-of-00001.parquet group 669: 67000 rows, 130.3s
    test-00000-of-00001.parquet group 670: 67100 rows, 130.6s
    test-00000-of-00001.parquet group 671: 67200 rows, 130.8s
    test-00000-of-00001.parquet group 672: 67300 rows, 131.1s
    test-00000-of-00001.parquet group 673: 67400 rows, 131.5s
    test-00000-of-00001.parquet group 674: 67500 rows, 132.0s
    test-00000-of-00001.parquet group 675: 67600 rows, 132.3s
    test-00000-of-00001.parquet group 676: 67700 rows, 132.6s
    test-00000-of-00001.parquet group 677: 67800 rows, 133.0s
    test-00000-of-00001.parquet group 678: 67900 rows, 133.3s
    test-00000-of-00001.parquet group 679: 68000 rows, 133.6s
    test-00000-of-00001.parquet group 680: 68100 rows, 133.9s
    test-00000-of-00001.parquet group 681: 68200 rows, 134.3s
    test-00000-of-00001.parquet group 682: 68300 rows, 134.6s
    test-00000-of-00001.parquet group 683: 68400 rows, 134.9s
    test-00000-of-00001.parquet group 684: 68500 rows, 135.2s
    test-00000-of-00001.parquet group 685: 68600 rows, 135.5s
    test-00000-of-00001.parquet group 686: 68700 rows, 135.9s
    test-00000-of-00001.parquet group 687: 68800 rows, 136.2s
    test-00000-of-00001.parquet group 688: 68900 rows, 136.6s
    test-00000-of-00001.parquet group 689: 69000 rows, 137.0s
    test-00000-of-00001.parquet group 690: 69100 rows, 137.2s
    test-00000-of-00001.parquet group 691: 69200 rows, 137.5s
    test-00000-of-00001.parquet group 692: 69300 rows, 137.9s
    test-00000-of-00001.parquet group 693: 69400 rows, 138.1s
    test-00000-of-00001.parquet group 694: 69500 rows, 138.4s
    test-00000-of-00001.parquet group 695: 69600 rows, 138.8s
    test-00000-of-00001.parquet group 696: 69700 rows, 139.1s
    test-00000-of-00001.parquet group 697: 69800 rows, 139.4s
    test-00000-of-00001.parquet group 698: 69900 rows, 139.7s
    test-00000-of-00001.parquet group 699: 70000 rows, 140.0s
    test-00000-of-00001.parquet group 700: 70100 rows, 140.3s
    test-00000-of-00001.parquet group 701: 70200 rows, 140.6s
    test-00000-of-00001.parquet group 702: 70300 rows, 140.9s
    test-00000-of-00001.parquet group 703: 70400 rows, 141.2s
    test-00000-of-00001.parquet group 704: 70500 rows, 141.5s
    test-00000-of-00001.parquet group 705: 70600 rows, 141.9s
    test-00000-of-00001.parquet group 706: 70700 rows, 142.2s
    test-00000-of-00001.parquet group 707: 70800 rows, 142.5s
    test-00000-of-00001.parquet group 708: 70900 rows, 142.9s
    test-00000-of-00001.parquet group 709: 71000 rows, 143.3s
    test-00000-of-00001.parquet group 710: 71100 rows, 143.6s
    test-00000-of-00001.parquet group 711: 71200 rows, 143.9s
    test-00000-of-00001.parquet group 712: 71300 rows, 144.2s
    test-00000-of-00001.parquet group 713: 71400 rows, 144.5s
    test-00000-of-00001.parquet group 714: 71500 rows, 144.8s
    test-00000-of-00001.parquet group 715: 71600 rows, 145.0s
    test-00000-of-00001.parquet group 716: 71700 rows, 145.3s
    test-00000-of-00001.parquet group 717: 71800 rows, 145.6s
    test-00000-of-00001.parquet group 718: 71900 rows, 145.9s
    test-00000-of-00001.parquet group 719: 72000 rows, 146.2s
    test-00000-of-00001.parquet group 720: 72100 rows, 146.5s
    test-00000-of-00001.parquet group 721: 72200 rows, 146.9s
    test-00000-of-00001.parquet group 722: 72300 rows, 147.2s
    test-00000-of-00001.parquet group 723: 72400 rows, 147.4s
    test-00000-of-00001.parquet group 724: 72500 rows, 147.7s
    test-00000-of-00001.parquet group 725: 72600 rows, 148.0s
    test-00000-of-00001.parquet group 726: 72700 rows, 148.2s
    test-00000-of-00001.parquet group 727: 72800 rows, 148.5s
    test-00000-of-00001.parquet group 728: 72900 rows, 148.8s
    test-00000-of-00001.parquet group 729: 73000 rows, 149.1s
    test-00000-of-00001.parquet group 730: 73100 rows, 149.4s
    test-00000-of-00001.parquet group 731: 73200 rows, 149.7s
    test-00000-of-00001.parquet group 732: 73300 rows, 150.1s
    test-00000-of-00001.parquet group 733: 73400 rows, 150.4s
    test-00000-of-00001.parquet group 734: 73500 rows, 150.7s
    test-00000-of-00001.parquet group 735: 73600 rows, 151.0s
    test-00000-of-00001.parquet group 736: 73700 rows, 151.3s
    test-00000-of-00001.parquet group 737: 73800 rows, 151.6s
    test-00000-of-00001.parquet group 738: 73900 rows, 151.8s
    test-00000-of-00001.parquet group 739: 74000 rows, 152.1s
    test-00000-of-00001.parquet group 740: 74100 rows, 152.4s
    test-00000-of-00001.parquet group 741: 74200 rows, 152.7s
    test-00000-of-00001.parquet group 742: 74300 rows, 153.0s
    test-00000-of-00001.parquet group 743: 74400 rows, 153.3s
    test-00000-of-00001.parquet group 744: 74500 rows, 153.5s
    test-00000-of-00001.parquet group 745: 74600 rows, 153.8s
    test-00000-of-00001.parquet group 746: 74700 rows, 154.1s
    test-00000-of-00001.parquet group 747: 74800 rows, 154.4s
    test-00000-of-00001.parquet group 748: 74900 rows, 154.7s
    test-00000-of-00001.parquet group 749: 75000 rows, 155.0s
    test-00000-of-00001.parquet group 750: 75100 rows, 155.3s
    test-00000-of-00001.parquet group 751: 75200 rows, 155.6s
    test-00000-of-00001.parquet group 752: 75300 rows, 155.9s
    test-00000-of-00001.parquet group 753: 75400 rows, 156.2s
    test-00000-of-00001.parquet group 754: 75500 rows, 156.5s
    test-00000-of-00001.parquet group 755: 75600 rows, 156.8s
    test-00000-of-00001.parquet group 756: 75700 rows, 157.2s
    test-00000-of-00001.parquet group 757: 75800 rows, 157.5s
    test-00000-of-00001.parquet group 758: 75900 rows, 157.8s
    test-00000-of-00001.parquet group 759: 76000 rows, 158.1s
    test-00000-of-00001.parquet group 760: 76100 rows, 158.3s
    test-00000-of-00001.parquet group 761: 76200 rows, 158.7s
    test-00000-of-00001.parquet group 762: 76300 rows, 159.0s
    test-00000-of-00001.parquet group 763: 76400 rows, 159.3s
    test-00000-of-00001.parquet group 764: 76500 rows, 159.7s
    test-00000-of-00001.parquet group 765: 76600 rows, 160.0s
    test-00000-of-00001.parquet group 766: 76700 rows, 160.3s
    test-00000-of-00001.parquet group 767: 76800 rows, 160.6s
    test-00000-of-00001.parquet group 768: 76900 rows, 160.9s
    test-00000-of-00001.parquet group 769: 77000 rows, 161.2s
    test-00000-of-00001.parquet group 770: 77100 rows, 161.5s
    test-00000-of-00001.parquet group 771: 77200 rows, 161.8s
    test-00000-of-00001.parquet group 772: 77300 rows, 162.0s
    test-00000-of-00001.parquet group 773: 77400 rows, 162.3s
    test-00000-of-00001.parquet group 774: 77500 rows, 162.5s
    test-00000-of-00001.parquet group 775: 77600 rows, 162.8s
    test-00000-of-00001.parquet group 776: 77700 rows, 163.2s
    test-00000-of-00001.parquet group 777: 77800 rows, 163.4s
    test-00000-of-00001.parquet group 778: 77900 rows, 163.7s
    test-00000-of-00001.parquet group 779: 78000 rows, 164.0s
    test-00000-of-00001.parquet group 780: 78100 rows, 164.3s
    test-00000-of-00001.parquet group 781: 78200 rows, 164.7s
    test-00000-of-00001.parquet group 782: 78300 rows, 165.0s
    test-00000-of-00001.parquet group 783: 78400 rows, 165.3s
    test-00000-of-00001.parquet group 784: 78500 rows, 165.7s
    test-00000-of-00001.parquet group 785: 78600 rows, 166.0s
    test-00000-of-00001.parquet group 786: 78700 rows, 166.3s
    test-00000-of-00001.parquet group 787: 78800 rows, 166.7s
    test-00000-of-00001.parquet group 788: 78900 rows, 167.0s
    test-00000-of-00001.parquet group 789: 79000 rows, 167.3s
    test-00000-of-00001.parquet group 790: 79100 rows, 167.6s
    test-00000-of-00001.parquet group 791: 79200 rows, 167.9s
    test-00000-of-00001.parquet group 792: 79300 rows, 168.2s
    test-00000-of-00001.parquet group 793: 79400 rows, 168.4s
    test-00000-of-00001.parquet group 794: 79500 rows, 168.7s
    test-00000-of-00001.parquet group 795: 79600 rows, 169.0s
    test-00000-of-00001.parquet group 796: 79700 rows, 169.4s
    test-00000-of-00001.parquet group 797: 79800 rows, 169.7s
    test-00000-of-00001.parquet group 798: 79900 rows, 170.0s
    test-00000-of-00001.parquet group 799: 80000 rows, 170.3s
    test-00000-of-00001.parquet group 800: 80100 rows, 170.6s
    test-00000-of-00001.parquet group 801: 80200 rows, 171.0s
    test-00000-of-00001.parquet group 802: 80300 rows, 171.4s
    test-00000-of-00001.parquet group 803: 80400 rows, 171.7s
    test-00000-of-00001.parquet group 804: 80500 rows, 172.0s
    test-00000-of-00001.parquet group 805: 80600 rows, 172.2s
    test-00000-of-00001.parquet group 806: 80700 rows, 172.5s
    test-00000-of-00001.parquet group 807: 80800 rows, 172.8s
    test-00000-of-00001.parquet group 808: 80900 rows, 173.1s
    test-00000-of-00001.parquet group 809: 81000 rows, 173.4s
    test-00000-of-00001.parquet group 810: 81100 rows, 173.6s
    test-00000-of-00001.parquet group 811: 81200 rows, 173.9s
    test-00000-of-00001.parquet group 812: 81300 rows, 174.1s
    test-00000-of-00001.parquet group 813: 81400 rows, 174.4s
    test-00000-of-00001.parquet group 814: 81500 rows, 174.7s
    test-00000-of-00001.parquet group 815: 81600 rows, 175.0s
    test-00000-of-00001.parquet group 816: 81700 rows, 175.3s
    test-00000-of-00001.parquet group 817: 81800 rows, 175.6s
    test-00000-of-00001.parquet group 818: 81900 rows, 175.8s
    test-00000-of-00001.parquet group 819: 82000 rows, 176.1s
    test-00000-of-00001.parquet group 820: 82100 rows, 176.3s
    test-00000-of-00001.parquet group 821: 82200 rows, 176.5s
    test-00000-of-00001.parquet group 822: 82300 rows, 176.7s
    test-00000-of-00001.parquet group 823: 82400 rows, 177.0s
    test-00000-of-00001.parquet group 824: 82500 rows, 177.2s
    test-00000-of-00001.parquet group 825: 82600 rows, 177.4s
    test-00000-of-00001.parquet group 826: 82700 rows, 177.6s
    test-00000-of-00001.parquet group 827: 82800 rows, 177.9s
    test-00000-of-00001.parquet group 828: 82900 rows, 178.1s
    test-00000-of-00001.parquet group 829: 83000 rows, 178.3s
    test-00000-of-00001.parquet group 830: 83100 rows, 178.5s
    test-00000-of-00001.parquet group 831: 83200 rows, 178.8s
    test-00000-of-00001.parquet group 832: 83300 rows, 179.0s
    test-00000-of-00001.parquet group 833: 83400 rows, 179.2s
    test-00000-of-00001.parquet group 834: 83500 rows, 179.5s
    test-00000-of-00001.parquet group 835: 83600 rows, 179.7s
    test-00000-of-00001.parquet group 836: 83700 rows, 179.9s
    test-00000-of-00001.parquet group 837: 83800 rows, 180.2s
    test-00000-of-00001.parquet group 838: 83900 rows, 180.4s
    test-00000-of-00001.parquet group 839: 84000 rows, 180.6s
    test-00000-of-00001.parquet group 840: 84100 rows, 180.9s
    test-00000-of-00001.parquet group 841: 84200 rows, 181.1s
    test-00000-of-00001.parquet group 842: 84300 rows, 181.3s
    test-00000-of-00001.parquet group 843: 84400 rows, 181.6s
    test-00000-of-00001.parquet group 844: 84500 rows, 181.8s
    test-00000-of-00001.parquet group 845: 84600 rows, 182.0s
    test-00000-of-00001.parquet group 846: 84700 rows, 182.3s
    test-00000-of-00001.parquet group 847: 84800 rows, 182.5s
    test-00000-of-00001.parquet group 848: 84900 rows, 182.7s
    test-00000-of-00001.parquet group 849: 85000 rows, 182.9s
    test-00000-of-00001.parquet group 850: 85100 rows, 183.2s
    test-00000-of-00001.parquet group 851: 85200 rows, 183.4s
    test-00000-of-00001.parquet group 852: 85300 rows, 183.6s
    test-00000-of-00001.parquet group 853: 85400 rows, 183.9s
    test-00000-of-00001.parquet group 854: 85500 rows, 184.1s
    test-00000-of-00001.parquet group 855: 85600 rows, 184.3s
    test-00000-of-00001.parquet group 856: 85700 rows, 184.6s
    test-00000-of-00001.parquet group 857: 85800 rows, 184.8s
    test-00000-of-00001.parquet group 858: 85900 rows, 185.0s
    test-00000-of-00001.parquet group 859: 86000 rows, 185.2s
    test-00000-of-00001.parquet group 860: 86100 rows, 185.5s
    test-00000-of-00001.parquet group 861: 86200 rows, 185.7s
    test-00000-of-00001.parquet group 862: 86300 rows, 185.9s
    test-00000-of-00001.parquet group 863: 86400 rows, 186.2s
    test-00000-of-00001.parquet group 864: 86500 rows, 186.4s
    test-00000-of-00001.parquet group 865: 86600 rows, 186.6s
    test-00000-of-00001.parquet group 866: 86700 rows, 186.9s
    test-00000-of-00001.parquet group 867: 86800 rows, 187.1s
    test-00000-of-00001.parquet group 868: 86900 rows, 187.4s
    test-00000-of-00001.parquet group 869: 87000 rows, 187.6s
    test-00000-of-00001.parquet group 870: 87100 rows, 187.8s
    test-00000-of-00001.parquet group 871: 87200 rows, 188.1s
    test-00000-of-00001.parquet group 872: 87300 rows, 188.3s
    test-00000-of-00001.parquet group 873: 87400 rows, 188.5s
    test-00000-of-00001.parquet group 874: 87500 rows, 188.8s
    test-00000-of-00001.parquet group 875: 87600 rows, 189.0s
    test-00000-of-00001.parquet group 876: 87700 rows, 189.2s
    test-00000-of-00001.parquet group 877: 87800 rows, 189.5s
    test-00000-of-00001.parquet group 878: 87900 rows, 189.7s
    test-00000-of-00001.parquet group 879: 88000 rows, 190.0s
    test-00000-of-00001.parquet group 880: 88100 rows, 190.2s
    test-00000-of-00001.parquet group 881: 88200 rows, 190.4s
    test-00000-of-00001.parquet group 882: 88300 rows, 190.7s
    test-00000-of-00001.parquet group 883: 88400 rows, 190.9s
    test-00000-of-00001.parquet group 884: 88500 rows, 191.2s
    test-00000-of-00001.parquet group 885: 88600 rows, 191.4s
    test-00000-of-00001.parquet group 886: 88700 rows, 191.6s
    test-00000-of-00001.parquet group 887: 88800 rows, 191.9s
    test-00000-of-00001.parquet group 888: 88900 rows, 192.1s
    test-00000-of-00001.parquet group 889: 89000 rows, 192.3s
    test-00000-of-00001.parquet group 890: 89100 rows, 192.6s
    test-00000-of-00001.parquet group 891: 89200 rows, 192.8s
    test-00000-of-00001.parquet group 892: 89300 rows, 193.0s
    test-00000-of-00001.parquet group 893: 89400 rows, 193.3s
    test-00000-of-00001.parquet group 894: 89500 rows, 193.5s
    test-00000-of-00001.parquet group 895: 89600 rows, 193.7s
    test-00000-of-00001.parquet group 896: 89700 rows, 193.9s
    test-00000-of-00001.parquet group 897: 89800 rows, 194.2s
    test-00000-of-00001.parquet group 898: 89900 rows, 194.4s
    test-00000-of-00001.parquet group 899: 90000 rows, 194.6s
    test-00000-of-00001.parquet group 900: 90100 rows, 194.9s
    test-00000-of-00001.parquet group 901: 90200 rows, 195.1s
    test-00000-of-00001.parquet group 902: 90300 rows, 195.4s
    test-00000-of-00001.parquet group 903: 90400 rows, 195.6s
    test-00000-of-00001.parquet group 904: 90500 rows, 195.9s
    test-00000-of-00001.parquet group 905: 90600 rows, 196.1s
    test-00000-of-00001.parquet group 906: 90700 rows, 196.3s
    test-00000-of-00001.parquet group 907: 90800 rows, 196.6s
    test-00000-of-00001.parquet group 908: 90900 rows, 196.8s
    test-00000-of-00001.parquet group 909: 91000 rows, 197.0s
    test-00000-of-00001.parquet group 910: 91100 rows, 197.3s
    test-00000-of-00001.parquet group 911: 91200 rows, 197.5s
    test-00000-of-00001.parquet group 912: 91300 rows, 197.7s
    test-00000-of-00001.parquet group 913: 91400 rows, 198.0s
    test-00000-of-00001.parquet group 914: 91500 rows, 198.2s
    test-00000-of-00001.parquet group 915: 91600 rows, 198.4s
    test-00000-of-00001.parquet group 916: 91700 rows, 198.7s
    test-00000-of-00001.parquet group 917: 91800 rows, 198.9s
    test-00000-of-00001.parquet group 918: 91900 rows, 199.1s
    test-00000-of-00001.parquet group 919: 92000 rows, 199.4s
    test-00000-of-00001.parquet group 920: 92100 rows, 199.6s
    test-00000-of-00001.parquet group 921: 92200 rows, 199.8s
    test-00000-of-00001.parquet group 922: 92300 rows, 200.0s
    test-00000-of-00001.parquet group 923: 92400 rows, 200.3s
    test-00000-of-00001.parquet group 924: 92500 rows, 200.5s
    test-00000-of-00001.parquet group 925: 92600 rows, 200.7s
    test-00000-of-00001.parquet group 926: 92700 rows, 201.0s
    test-00000-of-00001.parquet group 927: 92800 rows, 201.2s
    test-00000-of-00001.parquet group 928: 92900 rows, 201.4s
    test-00000-of-00001.parquet group 929: 93000 rows, 201.6s
    test-00000-of-00001.parquet group 930: 93100 rows, 201.9s
    test-00000-of-00001.parquet group 931: 93200 rows, 202.1s
    test-00000-of-00001.parquet group 932: 93300 rows, 202.3s
    test-00000-of-00001.parquet group 933: 93400 rows, 202.6s
    test-00000-of-00001.parquet group 934: 93500 rows, 202.8s
    test-00000-of-00001.parquet group 935: 93600 rows, 203.0s
    test-00000-of-00001.parquet group 936: 93700 rows, 203.2s
    test-00000-of-00001.parquet group 937: 93800 rows, 203.5s
    test-00000-of-00001.parquet group 938: 93900 rows, 203.7s
    test-00000-of-00001.parquet group 939: 94000 rows, 203.9s
    test-00000-of-00001.parquet group 940: 94100 rows, 204.2s
    test-00000-of-00001.parquet group 941: 94200 rows, 204.4s
    test-00000-of-00001.parquet group 942: 94300 rows, 204.6s
    test-00000-of-00001.parquet group 943: 94400 rows, 204.9s
    test-00000-of-00001.parquet group 944: 94500 rows, 205.1s
    test-00000-of-00001.parquet group 945: 94600 rows, 205.3s
    test-00000-of-00001.parquet group 946: 94700 rows, 205.5s
    test-00000-of-00001.parquet group 947: 94800 rows, 205.8s
    test-00000-of-00001.parquet group 948: 94900 rows, 206.0s
    test-00000-of-00001.parquet group 949: 95000 rows, 206.2s
    test-00000-of-00001.parquet group 950: 95100 rows, 206.5s
    test-00000-of-00001.parquet group 951: 95200 rows, 206.7s
    test-00000-of-00001.parquet group 952: 95300 rows, 206.9s
    test-00000-of-00001.parquet group 953: 95400 rows, 207.2s
    test-00000-of-00001.parquet group 954: 95500 rows, 207.4s
    test-00000-of-00001.parquet group 955: 95600 rows, 207.6s
    test-00000-of-00001.parquet group 956: 95700 rows, 207.9s
    test-00000-of-00001.parquet group 957: 95800 rows, 208.1s
    test-00000-of-00001.parquet group 958: 95900 rows, 208.3s
    test-00000-of-00001.parquet group 959: 96000 rows, 208.6s
    test-00000-of-00001.parquet group 960: 96100 rows, 208.8s
    test-00000-of-00001.parquet group 961: 96200 rows, 209.0s
    test-00000-of-00001.parquet group 962: 96300 rows, 209.3s
    test-00000-of-00001.parquet group 963: 96400 rows, 209.5s
    test-00000-of-00001.parquet group 964: 96500 rows, 209.7s
    test-00000-of-00001.parquet group 965: 96600 rows, 210.0s
    test-00000-of-00001.parquet group 966: 96700 rows, 210.2s
    test-00000-of-00001.parquet group 967: 96800 rows, 210.4s
    test-00000-of-00001.parquet group 968: 96900 rows, 210.7s
    test-00000-of-00001.parquet group 969: 97000 rows, 210.9s
    test-00000-of-00001.parquet group 970: 97100 rows, 211.1s
    test-00000-of-00001.parquet group 971: 97200 rows, 211.4s
    test-00000-of-00001.parquet group 972: 97300 rows, 211.6s
    test-00000-of-00001.parquet group 973: 97400 rows, 211.8s
    test-00000-of-00001.parquet group 974: 97500 rows, 212.1s
    test-00000-of-00001.parquet group 975: 97600 rows, 212.3s
    test-00000-of-00001.parquet group 976: 97700 rows, 212.5s
    test-00000-of-00001.parquet group 977: 97800 rows, 212.8s
    test-00000-of-00001.parquet group 978: 97900 rows, 213.0s
    test-00000-of-00001.parquet group 979: 98000 rows, 213.3s
    test-00000-of-00001.parquet group 980: 98100 rows, 213.5s
    test-00000-of-00001.parquet group 981: 98200 rows, 213.7s
    test-00000-of-00001.parquet group 982: 98300 rows, 214.0s
    test-00000-of-00001.parquet group 983: 98400 rows, 214.2s
    test-00000-of-00001.parquet group 984: 98500 rows, 214.4s
    test-00000-of-00001.parquet group 985: 98600 rows, 214.7s
    test-00000-of-00001.parquet group 986: 98700 rows, 214.9s
    test-00000-of-00001.parquet group 987: 98800 rows, 215.1s
    test-00000-of-00001.parquet group 988: 98900 rows, 215.4s
    test-00000-of-00001.parquet group 989: 99000 rows, 215.6s
    test-00000-of-00001.parquet group 990: 99100 rows, 215.8s
    test-00000-of-00001.parquet group 991: 99200 rows, 216.1s
    test-00000-of-00001.parquet group 992: 99300 rows, 216.3s
    test-00000-of-00001.parquet group 993: 99400 rows, 216.5s
    test-00000-of-00001.parquet group 994: 99500 rows, 216.8s
    test-00000-of-00001.parquet group 995: 99600 rows, 217.0s
    test-00000-of-00001.parquet group 996: 99700 rows, 217.3s
    test-00000-of-00001.parquet group 997: 99800 rows, 217.5s
    test-00000-of-00001.parquet group 998: 99900 rows, 217.7s
    test-00000-of-00001.parquet group 999: 100000 rows, 218.0s
    test-00000-of-00001.parquet group 1000: 100100 rows, 218.2s
    test-00000-of-00001.parquet group 1001: 100200 rows, 218.4s
    test-00000-of-00001.parquet group 1002: 100300 rows, 218.7s
    test-00000-of-00001.parquet group 1003: 100400 rows, 218.9s
    test-00000-of-00001.parquet group 1004: 100500 rows, 219.2s
    test-00000-of-00001.parquet group 1005: 100600 rows, 219.4s
    test-00000-of-00001.parquet group 1006: 100700 rows, 219.6s
    test-00000-of-00001.parquet group 1007: 100800 rows, 219.9s
    test-00000-of-00001.parquet group 1008: 100900 rows, 220.1s
    test-00000-of-00001.parquet group 1009: 101000 rows, 220.3s
    test-00000-of-00001.parquet group 1010: 101100 rows, 220.6s
    test-00000-of-00001.parquet group 1011: 101200 rows, 220.8s
    test-00000-of-00001.parquet group 1012: 101300 rows, 221.0s
    test-00000-of-00001.parquet group 1013: 101400 rows, 221.3s
    test-00000-of-00001.parquet group 1014: 101500 rows, 221.5s
    test-00000-of-00001.parquet group 1015: 101600 rows, 221.7s
    test-00000-of-00001.parquet group 1016: 101700 rows, 222.0s
    test-00000-of-00001.parquet group 1017: 101800 rows, 222.2s
    test-00000-of-00001.parquet group 1018: 101900 rows, 222.5s
    test-00000-of-00001.parquet group 1019: 102000 rows, 222.7s
    test-00000-of-00001.parquet group 1020: 102100 rows, 222.9s
    test-00000-of-00001.parquet group 1021: 102200 rows, 223.2s
    test-00000-of-00001.parquet group 1022: 102300 rows, 223.4s
    test-00000-of-00001.parquet group 1023: 102400 rows, 223.6s
    test-00000-of-00001.parquet group 1024: 102500 rows, 223.8s
    test-00000-of-00001.parquet group 1025: 102600 rows, 224.1s
    test-00000-of-00001.parquet group 1026: 102700 rows, 224.3s
    test-00000-of-00001.parquet group 1027: 102800 rows, 224.6s
    test-00000-of-00001.parquet group 1028: 102900 rows, 224.8s
    test-00000-of-00001.parquet group 1029: 103000 rows, 225.0s
    test-00000-of-00001.parquet group 1030: 103100 rows, 225.3s
    test-00000-of-00001.parquet group 1031: 103200 rows, 225.5s
    test-00000-of-00001.parquet group 1032: 103300 rows, 225.7s
    test-00000-of-00001.parquet group 1033: 103400 rows, 226.0s
    test-00000-of-00001.parquet group 1034: 103500 rows, 226.2s
    test-00000-of-00001.parquet group 1035: 103600 rows, 226.4s
    test-00000-of-00001.parquet group 1036: 103700 rows, 226.7s
    test-00000-of-00001.parquet group 1037: 103800 rows, 226.9s
    test-00000-of-00001.parquet group 1038: 103900 rows, 227.1s
    test-00000-of-00001.parquet group 1039: 104000 rows, 227.3s
    test-00000-of-00001.parquet group 1040: 104100 rows, 227.6s
    test-00000-of-00001.parquet group 1041: 104200 rows, 227.8s
    test-00000-of-00001.parquet group 1042: 104300 rows, 228.0s
    test-00000-of-00001.parquet group 1043: 104400 rows, 228.3s
    test-00000-of-00001.parquet group 1044: 104500 rows, 228.5s
    test-00000-of-00001.parquet group 1045: 104600 rows, 228.7s
    test-00000-of-00001.parquet group 1046: 104700 rows, 229.0s
    test-00000-of-00001.parquet group 1047: 104800 rows, 229.2s
    test-00000-of-00001.parquet group 1048: 104900 rows, 229.5s
    test-00000-of-00001.parquet group 1049: 105000 rows, 229.7s
    test-00000-of-00001.parquet group 1050: 105100 rows, 229.9s
    test-00000-of-00001.parquet group 1051: 105200 rows, 230.2s
    test-00000-of-00001.parquet group 1052: 105300 rows, 230.4s
    test-00000-of-00001.parquet group 1053: 105400 rows, 230.6s
    test-00000-of-00001.parquet group 1054: 105500 rows, 230.9s
    test-00000-of-00001.parquet group 1055: 105600 rows, 231.1s
    test-00000-of-00001.parquet group 1056: 105700 rows, 231.4s
    test-00000-of-00001.parquet group 1057: 105800 rows, 231.6s
    test-00000-of-00001.parquet group 1058: 105900 rows, 231.8s
    test-00000-of-00001.parquet group 1059: 106000 rows, 232.1s
    test-00000-of-00001.parquet group 1060: 106100 rows, 232.3s
    test-00000-of-00001.parquet group 1061: 106200 rows, 232.5s
    test-00000-of-00001.parquet group 1062: 106300 rows, 232.8s
    test-00000-of-00001.parquet group 1063: 106400 rows, 233.0s
    test-00000-of-00001.parquet group 1064: 106500 rows, 233.2s
    test-00000-of-00001.parquet group 1065: 106600 rows, 233.5s
    test-00000-of-00001.parquet group 1066: 106700 rows, 233.7s
    test-00000-of-00001.parquet group 1067: 106800 rows, 233.9s
    test-00000-of-00001.parquet group 1068: 106900 rows, 234.2s
    test-00000-of-00001.parquet group 1069: 107000 rows, 234.4s
    test-00000-of-00001.parquet group 1070: 107100 rows, 234.6s
    test-00000-of-00001.parquet group 1071: 107200 rows, 234.8s
    test-00000-of-00001.parquet group 1072: 107300 rows, 235.1s
    test-00000-of-00001.parquet group 1073: 107400 rows, 235.3s
    test-00000-of-00001.parquet group 1074: 107500 rows, 235.6s
    test-00000-of-00001.parquet group 1075: 107600 rows, 235.8s
    test-00000-of-00001.parquet group 1076: 107700 rows, 236.0s
    test-00000-of-00001.parquet group 1077: 107800 rows, 236.2s
    test-00000-of-00001.parquet group 1078: 107900 rows, 236.5s
    test-00000-of-00001.parquet group 1079: 108000 rows, 236.7s
    test-00000-of-00001.parquet group 1080: 108100 rows, 236.9s
    test-00000-of-00001.parquet group 1081: 108200 rows, 237.2s
    test-00000-of-00001.parquet group 1082: 108300 rows, 237.4s
    test-00000-of-00001.parquet group 1083: 108400 rows, 237.7s
    test-00000-of-00001.parquet group 1084: 108500 rows, 237.9s
    test-00000-of-00001.parquet group 1085: 108600 rows, 238.2s
    test-00000-of-00001.parquet group 1086: 108700 rows, 238.4s
    test-00000-of-00001.parquet group 1087: 108800 rows, 238.6s
    test-00000-of-00001.parquet group 1088: 108900 rows, 238.9s
    test-00000-of-00001.parquet group 1089: 109000 rows, 239.1s
    test-00000-of-00001.parquet group 1090: 109100 rows, 239.3s
    test-00000-of-00001.parquet group 1091: 109200 rows, 239.6s
    test-00000-of-00001.parquet group 1092: 109300 rows, 239.8s
    test-00000-of-00001.parquet group 1093: 109400 rows, 240.0s
    test-00000-of-00001.parquet group 1094: 109500 rows, 240.3s
    test-00000-of-00001.parquet group 1095: 109600 rows, 240.5s
    test-00000-of-00001.parquet group 1096: 109700 rows, 240.7s
    test-00000-of-00001.parquet group 1097: 109800 rows, 241.0s
    test-00000-of-00001.parquet group 1098: 109900 rows, 241.2s
    test-00000-of-00001.parquet group 1099: 110000 rows, 241.4s
    test-00000-of-00001.parquet group 1100: 110100 rows, 241.6s
    test-00000-of-00001.parquet group 1101: 110200 rows, 241.9s
    test-00000-of-00001.parquet group 1102: 110300 rows, 242.1s
    test-00000-of-00001.parquet group 1103: 110400 rows, 242.3s
    test-00000-of-00001.parquet group 1104: 110500 rows, 242.6s
    test-00000-of-00001.parquet group 1105: 110600 rows, 242.8s
    test-00000-of-00001.parquet group 1106: 110700 rows, 243.0s
    test-00000-of-00001.parquet group 1107: 110800 rows, 243.2s
    test-00000-of-00001.parquet group 1108: 110900 rows, 243.4s
    test-00000-of-00001.parquet group 1109: 111000 rows, 243.6s
    test-00000-of-00001.parquet group 1110: 111100 rows, 243.8s
    test-00000-of-00001.parquet group 1111: 111200 rows, 244.1s
    test-00000-of-00001.parquet group 1112: 111300 rows, 244.3s
    test-00000-of-00001.parquet group 1113: 111400 rows, 244.5s
    test-00000-of-00001.parquet group 1114: 111500 rows, 244.7s
    test-00000-of-00001.parquet group 1115: 111600 rows, 245.0s
    test-00000-of-00001.parquet group 1116: 111700 rows, 245.2s
    test-00000-of-00001.parquet group 1117: 111800 rows, 245.4s
    test-00000-of-00001.parquet group 1118: 111900 rows, 245.6s
    test-00000-of-00001.parquet group 1119: 112000 rows, 245.8s
    test-00000-of-00001.parquet group 1120: 112100 rows, 246.0s
    test-00000-of-00001.parquet group 1121: 112200 rows, 246.3s
    test-00000-of-00001.parquet group 1122: 112300 rows, 246.5s
    test-00000-of-00001.parquet group 1123: 112400 rows, 246.7s
    test-00000-of-00001.parquet group 1124: 112500 rows, 246.9s
    test-00000-of-00001.parquet group 1125: 112600 rows, 247.1s
    test-00000-of-00001.parquet group 1126: 112700 rows, 247.3s
    test-00000-of-00001.parquet group 1127: 112800 rows, 247.5s
    test-00000-of-00001.parquet group 1128: 112900 rows, 247.7s
    test-00000-of-00001.parquet group 1129: 113000 rows, 248.0s
    test-00000-of-00001.parquet group 1130: 113100 rows, 248.2s
    test-00000-of-00001.parquet group 1131: 113200 rows, 248.4s
    test-00000-of-00001.parquet group 1132: 113300 rows, 248.6s
    test-00000-of-00001.parquet group 1133: 113400 rows, 248.8s
    test-00000-of-00001.parquet group 1134: 113500 rows, 249.0s
    test-00000-of-00001.parquet group 1135: 113600 rows, 249.3s
    test-00000-of-00001.parquet group 1136: 113700 rows, 249.5s
    test-00000-of-00001.parquet group 1137: 113800 rows, 249.7s
    test-00000-of-00001.parquet group 1138: 113900 rows, 249.9s
    test-00000-of-00001.parquet group 1139: 114000 rows, 250.1s
    test-00000-of-00001.parquet group 1140: 114100 rows, 250.4s
    test-00000-of-00001.parquet group 1141: 114200 rows, 250.6s
    test-00000-of-00001.parquet group 1142: 114300 rows, 250.8s
    test-00000-of-00001.parquet group 1143: 114400 rows, 251.0s
    test-00000-of-00001.parquet group 1144: 114500 rows, 251.2s
    test-00000-of-00001.parquet group 1145: 114600 rows, 251.4s
    test-00000-of-00001.parquet group 1146: 114700 rows, 251.6s
    test-00000-of-00001.parquet group 1147: 114800 rows, 251.8s
    test-00000-of-00001.parquet group 1148: 114900 rows, 252.1s
    test-00000-of-00001.parquet group 1149: 115000 rows, 252.3s
    test-00000-of-00001.parquet group 1150: 115100 rows, 252.5s
    test-00000-of-00001.parquet group 1151: 115200 rows, 252.7s
    test-00000-of-00001.parquet group 1152: 115300 rows, 252.9s
    test-00000-of-00001.parquet group 1153: 115400 rows, 253.1s
    test-00000-of-00001.parquet group 1154: 115500 rows, 253.3s
    test-00000-of-00001.parquet group 1155: 115600 rows, 253.6s
    test-00000-of-00001.parquet group 1156: 115700 rows, 253.8s
    test-00000-of-00001.parquet group 1157: 115800 rows, 254.0s
    test-00000-of-00001.parquet group 1158: 115900 rows, 254.2s
    test-00000-of-00001.parquet group 1159: 116000 rows, 254.4s
    test-00000-of-00001.parquet group 1160: 116100 rows, 254.6s
    test-00000-of-00001.parquet group 1161: 116200 rows, 254.9s
    test-00000-of-00001.parquet group 1162: 116300 rows, 255.1s
    test-00000-of-00001.parquet group 1163: 116400 rows, 255.3s
    test-00000-of-00001.parquet group 1164: 116500 rows, 255.5s
    test-00000-of-00001.parquet group 1165: 116600 rows, 255.7s
    test-00000-of-00001.parquet group 1166: 116700 rows, 255.9s
    test-00000-of-00001.parquet group 1167: 116800 rows, 256.1s
    test-00000-of-00001.parquet group 1168: 116900 rows, 256.4s
    test-00000-of-00001.parquet group 1169: 117000 rows, 256.6s
    test-00000-of-00001.parquet group 1170: 117100 rows, 256.8s
    test-00000-of-00001.parquet group 1171: 117200 rows, 257.0s
    test-00000-of-00001.parquet group 1172: 117300 rows, 257.2s
    test-00000-of-00001.parquet group 1173: 117400 rows, 257.5s
    test-00000-of-00001.parquet group 1174: 117500 rows, 257.7s
    test-00000-of-00001.parquet group 1175: 117600 rows, 257.9s
    test-00000-of-00001.parquet group 1176: 117700 rows, 258.1s
    test-00000-of-00001.parquet group 1177: 117800 rows, 258.3s
    test-00000-of-00001.parquet group 1178: 117900 rows, 258.5s
    test-00000-of-00001.parquet group 1179: 118000 rows, 258.8s
    test-00000-of-00001.parquet group 1180: 118100 rows, 259.0s
    test-00000-of-00001.parquet group 1181: 118200 rows, 259.2s
    test-00000-of-00001.parquet group 1182: 118300 rows, 259.4s
    test-00000-of-00001.parquet group 1183: 118400 rows, 259.6s
    test-00000-of-00001.parquet group 1184: 118500 rows, 259.9s
    test-00000-of-00001.parquet group 1185: 118600 rows, 260.1s
    test-00000-of-00001.parquet group 1186: 118700 rows, 260.3s
    test-00000-of-00001.parquet group 1187: 118800 rows, 260.5s
    test-00000-of-00001.parquet group 1188: 118900 rows, 260.7s
    test-00000-of-00001.parquet group 1189: 119000 rows, 260.9s
    test-00000-of-00001.parquet group 1190: 119100 rows, 261.1s
    test-00000-of-00001.parquet group 1191: 119200 rows, 261.3s
    test-00000-of-00001.parquet group 1192: 119300 rows, 261.5s
    test-00000-of-00001.parquet group 1193: 119400 rows, 261.8s
    test-00000-of-00001.parquet group 1194: 119500 rows, 262.0s
    test-00000-of-00001.parquet group 1195: 119600 rows, 262.2s
    test-00000-of-00001.parquet group 1196: 119700 rows, 262.4s
    test-00000-of-00001.parquet group 1197: 119800 rows, 262.6s
    test-00000-of-00001.parquet group 1198: 119900 rows, 262.8s
    test-00000-of-00001.parquet group 1199: 120000 rows, 263.0s
    test-00000-of-00001.parquet group 1200: 120100 rows, 263.2s
    test-00000-of-00001.parquet group 1201: 120200 rows, 263.4s
    test-00000-of-00001.parquet group 1202: 120300 rows, 263.6s
    test-00000-of-00001.parquet group 1203: 120400 rows, 263.9s
    test-00000-of-00001.parquet group 1204: 120500 rows, 264.1s
    test-00000-of-00001.parquet group 1205: 120600 rows, 264.3s
    test-00000-of-00001.parquet group 1206: 120700 rows, 264.5s
    test-00000-of-00001.parquet group 1207: 120800 rows, 264.7s
    test-00000-of-00001.parquet group 1208: 120900 rows, 264.9s
    test-00000-of-00001.parquet group 1209: 121000 rows, 265.2s
    test-00000-of-00001.parquet group 1210: 121100 rows, 265.4s
    test-00000-of-00001.parquet group 1211: 121200 rows, 265.6s
    test-00000-of-00001.parquet group 1212: 121300 rows, 265.8s
    test-00000-of-00001.parquet group 1213: 121400 rows, 266.0s
    test-00000-of-00001.parquet group 1214: 121500 rows, 266.2s
    test-00000-of-00001.parquet group 1215: 121600 rows, 266.4s
    test-00000-of-00001.parquet group 1216: 121700 rows, 266.7s
    test-00000-of-00001.parquet group 1217: 121800 rows, 266.9s
    test-00000-of-00001.parquet group 1218: 121900 rows, 267.1s
    test-00000-of-00001.parquet group 1219: 122000 rows, 267.3s
    test-00000-of-00001.parquet group 1220: 122100 rows, 267.5s
    test-00000-of-00001.parquet group 1221: 122200 rows, 267.7s
    test-00000-of-00001.parquet group 1222: 122300 rows, 267.9s
    test-00000-of-00001.parquet group 1223: 122400 rows, 268.2s
    test-00000-of-00001.parquet group 1224: 122500 rows, 268.4s
    test-00000-of-00001.parquet group 1225: 122600 rows, 268.6s
    test-00000-of-00001.parquet group 1226: 122700 rows, 268.8s
    test-00000-of-00001.parquet group 1227: 122800 rows, 269.0s
    test-00000-of-00001.parquet group 1228: 122900 rows, 269.2s
    test-00000-of-00001.parquet group 1229: 123000 rows, 269.4s
    test-00000-of-00001.parquet group 1230: 123100 rows, 269.6s
    test-00000-of-00001.parquet group 1231: 123200 rows, 269.9s
    test-00000-of-00001.parquet group 1232: 123300 rows, 270.1s
    test-00000-of-00001.parquet group 1233: 123400 rows, 270.3s
    test-00000-of-00001.parquet group 1234: 123500 rows, 270.5s
    test-00000-of-00001.parquet group 1235: 123600 rows, 270.7s
    test-00000-of-00001.parquet group 1236: 123700 rows, 271.0s
    test-00000-of-00001.parquet group 1237: 123800 rows, 271.2s
    test-00000-of-00001.parquet group 1238: 123900 rows, 271.4s
    test-00000-of-00001.parquet group 1239: 124000 rows, 271.6s
    test-00000-of-00001.parquet group 1240: 124100 rows, 271.8s
    test-00000-of-00001.parquet group 1241: 124200 rows, 272.0s
    test-00000-of-00001.parquet group 1242: 124300 rows, 272.2s
    test-00000-of-00001.parquet group 1243: 124400 rows, 272.5s
    test-00000-of-00001.parquet group 1244: 124500 rows, 272.7s
    test-00000-of-00001.parquet group 1245: 124600 rows, 272.9s
    test-00000-of-00001.parquet group 1246: 124700 rows, 273.1s
    test-00000-of-00001.parquet group 1247: 124800 rows, 273.3s
    test-00000-of-00001.parquet group 1248: 124900 rows, 273.6s
    test-00000-of-00001.parquet group 1249: 125000 rows, 273.8s
    test-00000-of-00001.parquet group 1250: 125100 rows, 274.0s
    test-00000-of-00001.parquet group 1251: 125200 rows, 274.2s
    test-00000-of-00001.parquet group 1252: 125300 rows, 274.4s
    test-00000-of-00001.parquet group 1253: 125400 rows, 274.6s
    test-00000-of-00001.parquet group 1254: 125500 rows, 274.8s
    test-00000-of-00001.parquet group 1255: 125600 rows, 275.0s
    test-00000-of-00001.parquet group 1256: 125700 rows, 275.2s
    test-00000-of-00001.parquet group 1257: 125800 rows, 275.5s
    test-00000-of-00001.parquet group 1258: 125900 rows, 275.7s
    test-00000-of-00001.parquet group 1259: 126000 rows, 275.9s
    test-00000-of-00001.parquet group 1260: 126100 rows, 276.1s
    test-00000-of-00001.parquet group 1261: 126200 rows, 276.3s
    test-00000-of-00001.parquet group 1262: 126300 rows, 276.5s
    test-00000-of-00001.parquet group 1263: 126400 rows, 276.8s
    test-00000-of-00001.parquet group 1264: 126500 rows, 277.0s
    test-00000-of-00001.parquet group 1265: 126600 rows, 277.2s
    test-00000-of-00001.parquet group 1266: 126700 rows, 277.4s
    test-00000-of-00001.parquet group 1267: 126800 rows, 277.6s
    test-00000-of-00001.parquet group 1268: 126900 rows, 277.8s
    test-00000-of-00001.parquet group 1269: 127000 rows, 278.0s
    test-00000-of-00001.parquet group 1270: 127100 rows, 278.2s
    test-00000-of-00001.parquet group 1271: 127200 rows, 278.5s
    test-00000-of-00001.parquet group 1272: 127300 rows, 278.7s
    test-00000-of-00001.parquet group 1273: 127400 rows, 279.0s
    test-00000-of-00001.parquet group 1274: 127500 rows, 279.2s
    test-00000-of-00001.parquet group 1275: 127600 rows, 279.4s
    test-00000-of-00001.parquet group 1276: 127700 rows, 279.7s
    test-00000-of-00001.parquet group 1277: 127800 rows, 279.9s
    test-00000-of-00001.parquet group 1278: 127900 rows, 280.1s
    test-00000-of-00001.parquet group 1279: 128000 rows, 280.3s
    test-00000-of-00001.parquet group 1280: 128100 rows, 280.5s
    test-00000-of-00001.parquet group 1281: 128200 rows, 280.8s
    test-00000-of-00001.parquet group 1282: 128300 rows, 281.0s
    test-00000-of-00001.parquet group 1283: 128400 rows, 281.2s
    test-00000-of-00001.parquet group 1284: 128500 rows, 281.4s
    test-00000-of-00001.parquet group 1285: 128600 rows, 281.6s
    test-00000-of-00001.parquet group 1286: 128700 rows, 281.8s
    test-00000-of-00001.parquet group 1287: 128800 rows, 282.0s
    test-00000-of-00001.parquet group 1288: 128900 rows, 282.3s
    test-00000-of-00001.parquet group 1289: 129000 rows, 282.5s
    test-00000-of-00001.parquet group 1290: 129100 rows, 282.7s
    test-00000-of-00001.parquet group 1291: 129200 rows, 282.9s
    test-00000-of-00001.parquet group 1292: 129300 rows, 283.1s
    test-00000-of-00001.parquet group 1293: 129400 rows, 283.3s
    test-00000-of-00001.parquet group 1294: 129500 rows, 283.6s
    test-00000-of-00001.parquet group 1295: 129600 rows, 283.8s
    test-00000-of-00001.parquet group 1296: 129700 rows, 284.0s
    test-00000-of-00001.parquet group 1297: 129800 rows, 284.2s
    test-00000-of-00001.parquet group 1298: 129900 rows, 284.4s
    test-00000-of-00001.parquet group 1299: 130000 rows, 284.7s
    test-00000-of-00001.parquet group 1300: 130100 rows, 284.9s
    test-00000-of-00001.parquet group 1301: 130200 rows, 285.1s
    test-00000-of-00001.parquet group 1302: 130300 rows, 285.3s
    test-00000-of-00001.parquet group 1303: 130400 rows, 285.5s
    test-00000-of-00001.parquet group 1304: 130500 rows, 285.7s
    test-00000-of-00001.parquet group 1305: 130600 rows, 285.9s
    test-00000-of-00001.parquet group 1306: 130700 rows, 286.1s
    test-00000-of-00001.parquet group 1307: 130800 rows, 286.4s
    test-00000-of-00001.parquet group 1308: 130900 rows, 286.6s
    test-00000-of-00001.parquet group 1309: 131000 rows, 286.8s
    test-00000-of-00001.parquet group 1310: 131100 rows, 287.1s
    test-00000-of-00001.parquet group 1311: 131200 rows, 287.3s
    test-00000-of-00001.parquet group 1312: 131300 rows, 287.5s
    test-00000-of-00001.parquet group 1313: 131400 rows, 287.7s
    test-00000-of-00001.parquet group 1314: 131500 rows, 288.0s
    test-00000-of-00001.parquet group 1315: 131600 rows, 288.2s
    test-00000-of-00001.parquet group 1316: 131700 rows, 288.4s
    test-00000-of-00001.parquet group 1317: 131800 rows, 288.6s
    test-00000-of-00001.parquet group 1318: 131900 rows, 288.8s
    test-00000-of-00001.parquet group 1319: 132000 rows, 289.0s
    test-00000-of-00001.parquet group 1320: 132100 rows, 289.3s
    test-00000-of-00001.parquet group 1321: 132200 rows, 289.5s
    test-00000-of-00001.parquet group 1322: 132300 rows, 289.7s
    test-00000-of-00001.parquet group 1323: 132400 rows, 289.9s
    test-00000-of-00001.parquet group 1324: 132500 rows, 290.1s
    test-00000-of-00001.parquet group 1325: 132600 rows, 290.3s
    test-00000-of-00001.parquet group 1326: 132700 rows, 290.5s
    test-00000-of-00001.parquet group 1327: 132800 rows, 290.8s
    test-00000-of-00001.parquet group 1328: 132900 rows, 291.0s
    test-00000-of-00001.parquet group 1329: 133000 rows, 291.2s
    test-00000-of-00001.parquet group 1330: 133100 rows, 291.5s
    test-00000-of-00001.parquet group 1331: 133200 rows, 291.7s
    test-00000-of-00001.parquet group 1332: 133300 rows, 291.9s
    test-00000-of-00001.parquet group 1333: 133400 rows, 292.1s
    test-00000-of-00001.parquet group 1334: 133500 rows, 292.4s
    test-00000-of-00001.parquet group 1335: 133600 rows, 292.6s
    test-00000-of-00001.parquet group 1336: 133700 rows, 292.8s
    test-00000-of-00001.parquet group 1337: 133800 rows, 293.0s
    test-00000-of-00001.parquet group 1338: 133900 rows, 293.2s
    test-00000-of-00001.parquet group 1339: 134000 rows, 293.5s
    test-00000-of-00001.parquet group 1340: 134100 rows, 293.7s
    test-00000-of-00001.parquet group 1341: 134200 rows, 293.9s
    test-00000-of-00001.parquet group 1342: 134300 rows, 294.1s
    test-00000-of-00001.parquet group 1343: 134400 rows, 294.3s
    test-00000-of-00001.parquet group 1344: 134500 rows, 294.5s
    test-00000-of-00001.parquet group 1345: 134600 rows, 294.8s
    test-00000-of-00001.parquet group 1346: 134700 rows, 295.0s
    test-00000-of-00001.parquet group 1347: 134800 rows, 295.2s
    test-00000-of-00001.parquet group 1348: 134900 rows, 295.4s
    test-00000-of-00001.parquet group 1349: 135000 rows, 295.6s
    test-00000-of-00001.parquet group 1350: 135100 rows, 295.8s
    test-00000-of-00001.parquet group 1351: 135200 rows, 296.1s
    test-00000-of-00001.parquet group 1352: 135300 rows, 296.3s
    test-00000-of-00001.parquet group 1353: 135400 rows, 296.5s
    test-00000-of-00001.parquet group 1354: 135500 rows, 296.7s
    test-00000-of-00001.parquet group 1355: 135600 rows, 296.9s
    test-00000-of-00001.parquet group 1356: 135700 rows, 297.2s
    test-00000-of-00001.parquet group 1357: 135800 rows, 297.4s
    test-00000-of-00001.parquet group 1358: 135900 rows, 297.6s
    test-00000-of-00001.parquet group 1359: 136000 rows, 297.8s
    test-00000-of-00001.parquet group 1360: 136100 rows, 298.0s
    test-00000-of-00001.parquet group 1361: 136200 rows, 298.2s
    test-00000-of-00001.parquet group 1362: 136300 rows, 298.5s
    test-00000-of-00001.parquet group 1363: 136400 rows, 298.7s
    test-00000-of-00001.parquet group 1364: 136500 rows, 298.9s
    test-00000-of-00001.parquet group 1365: 136600 rows, 299.2s
    test-00000-of-00001.parquet group 1366: 136700 rows, 299.4s
    test-00000-of-00001.parquet group 1367: 136800 rows, 299.6s
    test-00000-of-00001.parquet group 1368: 136900 rows, 299.8s
    test-00000-of-00001.parquet group 1369: 137000 rows, 300.1s
    test-00000-of-00001.parquet group 1370: 137100 rows, 300.3s
    test-00000-of-00001.parquet group 1371: 137200 rows, 300.5s
    test-00000-of-00001.parquet group 1372: 137300 rows, 300.8s
    test-00000-of-00001.parquet group 1373: 137400 rows, 301.0s
    test-00000-of-00001.parquet group 1374: 137500 rows, 301.2s
    test-00000-of-00001.parquet group 1375: 137600 rows, 301.4s
    test-00000-of-00001.parquet group 1376: 137700 rows, 301.7s
    test-00000-of-00001.parquet group 1377: 137800 rows, 301.9s
    test-00000-of-00001.parquet group 1378: 137900 rows, 302.1s
    test-00000-of-00001.parquet group 1379: 138000 rows, 302.3s
    test-00000-of-00001.parquet group 1380: 138100 rows, 302.5s
    test-00000-of-00001.parquet group 1381: 138200 rows, 302.8s
    test-00000-of-00001.parquet group 1382: 138300 rows, 303.0s
    test-00000-of-00001.parquet group 1383: 138400 rows, 303.2s
    test-00000-of-00001.parquet group 1384: 138500 rows, 303.4s
    test-00000-of-00001.parquet group 1385: 138600 rows, 303.7s
    test-00000-of-00001.parquet group 1386: 138700 rows, 303.9s
    test-00000-of-00001.parquet group 1387: 138800 rows, 304.1s
    test-00000-of-00001.parquet group 1388: 138900 rows, 304.4s
    test-00000-of-00001.parquet group 1389: 139000 rows, 304.6s
    test-00000-of-00001.parquet group 1390: 139100 rows, 304.8s
    test-00000-of-00001.parquet group 1391: 139200 rows, 305.0s
    test-00000-of-00001.parquet group 1392: 139300 rows, 305.3s
    test-00000-of-00001.parquet group 1393: 139400 rows, 305.5s
    test-00000-of-00001.parquet group 1394: 139500 rows, 305.7s
    test-00000-of-00001.parquet group 1395: 139600 rows, 305.9s
    test-00000-of-00001.parquet group 1396: 139700 rows, 306.1s
    test-00000-of-00001.parquet group 1397: 139800 rows, 306.4s
    test-00000-of-00001.parquet group 1398: 139900 rows, 306.6s
    test-00000-of-00001.parquet group 1399: 140000 rows, 306.8s
    test-00000-of-00001.parquet group 1400: 140100 rows, 307.0s
    test-00000-of-00001.parquet group 1401: 140200 rows, 307.3s
    test-00000-of-00001.parquet group 1402: 140300 rows, 307.5s
    test-00000-of-00001.parquet group 1403: 140400 rows, 307.7s
    test-00000-of-00001.parquet group 1404: 140500 rows, 307.9s
    test-00000-of-00001.parquet group 1405: 140600 rows, 308.1s
    test-00000-of-00001.parquet group 1406: 140700 rows, 308.3s
    test-00000-of-00001.parquet group 1407: 140800 rows, 308.5s
    test-00000-of-00001.parquet group 1408: 140900 rows, 308.8s
    test-00000-of-00001.parquet group 1409: 141000 rows, 309.0s
    test-00000-of-00001.parquet group 1410: 141100 rows, 309.2s
    test-00000-of-00001.parquet group 1411: 141200 rows, 309.4s
    test-00000-of-00001.parquet group 1412: 141300 rows, 309.6s
    test-00000-of-00001.parquet group 1413: 141400 rows, 309.9s
    test-00000-of-00001.parquet group 1414: 141500 rows, 310.1s
    test-00000-of-00001.parquet group 1415: 141600 rows, 310.3s
    test-00000-of-00001.parquet group 1416: 141700 rows, 310.5s
    test-00000-of-00001.parquet group 1417: 141800 rows, 310.7s
    test-00000-of-00001.parquet group 1418: 141900 rows, 310.9s
    test-00000-of-00001.parquet group 1419: 142000 rows, 311.2s
    test-00000-of-00001.parquet group 1420: 142100 rows, 311.4s
    test-00000-of-00001.parquet group 1421: 142200 rows, 311.6s
    test-00000-of-00001.parquet group 1422: 142300 rows, 311.8s
    test-00000-of-00001.parquet group 1423: 142400 rows, 312.0s
    test-00000-of-00001.parquet group 1424: 142500 rows, 312.2s
    test-00000-of-00001.parquet group 1425: 142600 rows, 312.5s
    test-00000-of-00001.parquet group 1426: 142700 rows, 312.7s
    test-00000-of-00001.parquet group 1427: 142800 rows, 312.9s
    test-00000-of-00001.parquet group 1428: 142900 rows, 313.1s
    test-00000-of-00001.parquet group 1429: 143000 rows, 313.3s
    test-00000-of-00001.parquet group 1430: 143100 rows, 313.5s
    test-00000-of-00001.parquet group 1431: 143200 rows, 313.8s
    test-00000-of-00001.parquet group 1432: 143300 rows, 314.0s
    test-00000-of-00001.parquet group 1433: 143400 rows, 314.2s
    test-00000-of-00001.parquet group 1434: 143500 rows, 314.4s
    test-00000-of-00001.parquet group 1435: 143600 rows, 314.6s
    test-00000-of-00001.parquet group 1436: 143700 rows, 314.8s
    test-00000-of-00001.parquet group 1437: 143800 rows, 315.0s
    test-00000-of-00001.parquet group 1438: 143900 rows, 315.3s
    test-00000-of-00001.parquet group 1439: 144000 rows, 315.5s
    test-00000-of-00001.parquet group 1440: 144100 rows, 315.7s
    test-00000-of-00001.parquet group 1441: 144200 rows, 315.9s
    test-00000-of-00001.parquet group 1442: 144300 rows, 316.1s
    test-00000-of-00001.parquet group 1443: 144400 rows, 316.3s
    test-00000-of-00001.parquet group 1444: 144500 rows, 316.6s
    test-00000-of-00001.parquet group 1445: 144600 rows, 316.8s
    test-00000-of-00001.parquet group 1446: 144700 rows, 317.0s
    test-00000-of-00001.parquet group 1447: 144800 rows, 317.2s
    test-00000-of-00001.parquet group 1448: 144900 rows, 317.4s
    test-00000-of-00001.parquet group 1449: 145000 rows, 317.7s
    test-00000-of-00001.parquet group 1450: 145100 rows, 317.9s
    test-00000-of-00001.parquet group 1451: 145200 rows, 318.1s
    test-00000-of-00001.parquet group 1452: 145300 rows, 318.3s
    test-00000-of-00001.parquet group 1453: 145400 rows, 318.5s
    test-00000-of-00001.parquet group 1454: 145500 rows, 318.7s
    test-00000-of-00001.parquet group 1455: 145600 rows, 319.0s
    test-00000-of-00001.parquet group 1456: 145700 rows, 319.2s
    test-00000-of-00001.parquet group 1457: 145800 rows, 319.4s
    test-00000-of-00001.parquet group 1458: 145900 rows, 319.6s
    test-00000-of-00001.parquet group 1459: 146000 rows, 319.9s
    test-00000-of-00001.parquet group 1460: 146100 rows, 320.1s
    test-00000-of-00001.parquet group 1461: 146200 rows, 320.3s
    test-00000-of-00001.parquet group 1462: 146300 rows, 320.5s
    test-00000-of-00001.parquet group 1463: 146400 rows, 320.7s
    test-00000-of-00001.parquet group 1464: 146500 rows, 320.9s
    test-00000-of-00001.parquet group 1465: 146600 rows, 321.2s
    test-00000-of-00001.parquet group 1466: 146700 rows, 321.4s
    test-00000-of-00001.parquet group 1467: 146800 rows, 321.6s
    test-00000-of-00001.parquet group 1468: 146900 rows, 321.8s
    test-00000-of-00001.parquet group 1469: 147000 rows, 322.0s
    test-00000-of-00001.parquet group 1470: 147100 rows, 322.2s
    test-00000-of-00001.parquet group 1471: 147200 rows, 322.5s
    test-00000-of-00001.parquet group 1472: 147300 rows, 322.7s
    test-00000-of-00001.parquet group 1473: 147400 rows, 322.9s
    test-00000-of-00001.parquet group 1474: 147500 rows, 323.1s
    test-00000-of-00001.parquet group 1475: 147600 rows, 323.3s
    test-00000-of-00001.parquet group 1476: 147700 rows, 323.6s
    test-00000-of-00001.parquet group 1477: 147800 rows, 323.8s
    test-00000-of-00001.parquet group 1478: 147900 rows, 324.0s
    test-00000-of-00001.parquet group 1479: 148000 rows, 324.2s
    test-00000-of-00001.parquet group 1480: 148100 rows, 324.4s
    test-00000-of-00001.parquet group 1481: 148200 rows, 324.7s
    test-00000-of-00001.parquet group 1482: 148300 rows, 324.9s
    test-00000-of-00001.parquet group 1483: 148400 rows, 325.1s
    test-00000-of-00001.parquet group 1484: 148500 rows, 325.3s
    test-00000-of-00001.parquet group 1485: 148600 rows, 325.5s
    test-00000-of-00001.parquet group 1486: 148700 rows, 325.7s
    test-00000-of-00001.parquet group 1487: 148800 rows, 326.0s
    test-00000-of-00001.parquet group 1488: 148900 rows, 326.2s
    test-00000-of-00001.parquet group 1489: 149000 rows, 326.4s
    test-00000-of-00001.parquet group 1490: 149100 rows, 326.6s
    test-00000-of-00001.parquet group 1491: 149200 rows, 326.8s
    test-00000-of-00001.parquet group 1492: 149300 rows, 327.0s
    test-00000-of-00001.parquet group 1493: 149400 rows, 327.3s
    test-00000-of-00001.parquet group 1494: 149500 rows, 327.5s
    test-00000-of-00001.parquet group 1495: 149600 rows, 327.7s
    test-00000-of-00001.parquet group 1496: 149700 rows, 327.9s
    test-00000-of-00001.parquet group 1497: 149800 rows, 328.2s
    test-00000-of-00001.parquet group 1498: 149900 rows, 328.4s
    test-00000-of-00001.parquet group 1499: 150000 rows, 328.6s
    test-00000-of-00001.parquet group 1500: 150100 rows, 328.9s
    test-00000-of-00001.parquet group 1501: 150200 rows, 329.1s
    test-00000-of-00001.parquet group 1502: 150300 rows, 329.3s
    test-00000-of-00001.parquet group 1503: 150400 rows, 329.5s
    test-00000-of-00001.parquet group 1504: 150500 rows, 329.8s
    test-00000-of-00001.parquet group 1505: 150600 rows, 330.0s
    test-00000-of-00001.parquet group 1506: 150700 rows, 330.2s
    test-00000-of-00001.parquet group 1507: 150800 rows, 330.4s
    test-00000-of-00001.parquet group 1508: 150900 rows, 330.7s
    test-00000-of-00001.parquet group 1509: 151000 rows, 330.9s
    test-00000-of-00001.parquet group 1510: 151100 rows, 331.1s
    test-00000-of-00001.parquet group 1511: 151200 rows, 331.4s
    test-00000-of-00001.parquet group 1512: 151300 rows, 331.6s
    test-00000-of-00001.parquet group 1513: 151400 rows, 331.8s
    test-00000-of-00001.parquet group 1514: 151500 rows, 332.0s
    test-00000-of-00001.parquet group 1515: 151600 rows, 332.2s
    test-00000-of-00001.parquet group 1516: 151700 rows, 332.4s
    test-00000-of-00001.parquet group 1517: 151800 rows, 332.6s
    test-00000-of-00001.parquet group 1518: 151900 rows, 332.8s
    test-00000-of-00001.parquet group 1519: 152000 rows, 333.0s
    test-00000-of-00001.parquet group 1520: 152100 rows, 333.2s
    test-00000-of-00001.parquet group 1521: 152200 rows, 333.4s
    test-00000-of-00001.parquet group 1522: 152300 rows, 333.7s
    test-00000-of-00001.parquet group 1523: 152400 rows, 333.9s
    test-00000-of-00001.parquet group 1524: 152500 rows, 334.1s
    test-00000-of-00001.parquet group 1525: 152600 rows, 334.3s
    test-00000-of-00001.parquet group 1526: 152700 rows, 334.5s
    test-00000-of-00001.parquet group 1527: 152800 rows, 334.7s
    test-00000-of-00001.parquet group 1528: 152900 rows, 334.9s
    test-00000-of-00001.parquet group 1529: 153000 rows, 335.1s
    test-00000-of-00001.parquet group 1530: 153100 rows, 335.3s
    test-00000-of-00001.parquet group 1531: 153200 rows, 335.5s
    test-00000-of-00001.parquet group 1532: 153300 rows, 335.8s
    test-00000-of-00001.parquet group 1533: 153400 rows, 336.0s
    test-00000-of-00001.parquet group 1534: 153500 rows, 336.2s
    test-00000-of-00001.parquet group 1535: 153600 rows, 336.4s
    test-00000-of-00001.parquet group 1536: 153700 rows, 336.6s
    test-00000-of-00001.parquet group 1537: 153800 rows, 336.8s
    test-00000-of-00001.parquet group 1538: 153900 rows, 337.1s
    test-00000-of-00001.parquet group 1539: 154000 rows, 337.3s
    test-00000-of-00001.parquet group 1540: 154100 rows, 337.5s
    test-00000-of-00001.parquet group 1541: 154200 rows, 337.7s
    test-00000-of-00001.parquet group 1542: 154300 rows, 337.9s
    test-00000-of-00001.parquet group 1543: 154400 rows, 338.2s
    test-00000-of-00001.parquet group 1544: 154500 rows, 338.4s
    test-00000-of-00001.parquet group 1545: 154600 rows, 338.6s
    test-00000-of-00001.parquet group 1546: 154700 rows, 338.8s
    test-00000-of-00001.parquet group 1547: 154800 rows, 339.0s
    test-00000-of-00001.parquet group 1548: 154900 rows, 339.2s
    test-00000-of-00001.parquet group 1549: 155000 rows, 339.5s
    test-00000-of-00001.parquet group 1550: 155100 rows, 339.7s
    test-00000-of-00001.parquet group 1551: 155200 rows, 339.9s
    test-00000-of-00001.parquet group 1552: 155300 rows, 340.2s
    test-00000-of-00001.parquet group 1553: 155400 rows, 340.4s
    test-00000-of-00001.parquet group 1554: 155500 rows, 340.6s
    test-00000-of-00001.parquet group 1555: 155600 rows, 340.8s
    test-00000-of-00001.parquet group 1556: 155700 rows, 341.0s
    test-00000-of-00001.parquet group 1557: 155800 rows, 341.3s
    test-00000-of-00001.parquet group 1558: 155900 rows, 341.5s
    test-00000-of-00001.parquet group 1559: 156000 rows, 341.7s
    test-00000-of-00001.parquet group 1560: 156100 rows, 342.0s
    test-00000-of-00001.parquet group 1561: 156200 rows, 342.2s
    test-00000-of-00001.parquet group 1562: 156300 rows, 342.4s
    test-00000-of-00001.parquet group 1563: 156400 rows, 342.7s
    test-00000-of-00001.parquet group 1564: 156500 rows, 342.9s
    test-00000-of-00001.parquet group 1565: 156600 rows, 343.1s
    test-00000-of-00001.parquet group 1566: 156700 rows, 343.3s
    test-00000-of-00001.parquet group 1567: 156800 rows, 343.6s
    test-00000-of-00001.parquet group 1568: 156900 rows, 343.8s
    test-00000-of-00001.parquet group 1569: 157000 rows, 344.0s
    test-00000-of-00001.parquet group 1570: 157100 rows, 344.2s
    test-00000-of-00001.parquet group 1571: 157200 rows, 344.5s
    test-00000-of-00001.parquet group 1572: 157300 rows, 344.7s
    test-00000-of-00001.parquet group 1573: 157400 rows, 344.9s
    test-00000-of-00001.parquet group 1574: 157500 rows, 345.1s
    test-00000-of-00001.parquet group 1575: 157600 rows, 345.3s
    test-00000-of-00001.parquet group 1576: 157700 rows, 345.5s
    test-00000-of-00001.parquet group 1577: 157800 rows, 345.8s
    test-00000-of-00001.parquet group 1578: 157900 rows, 346.0s
    test-00000-of-00001.parquet group 1579: 158000 rows, 346.2s
    test-00000-of-00001.parquet group 1580: 158100 rows, 346.4s
    test-00000-of-00001.parquet group 1581: 158200 rows, 346.6s
    test-00000-of-00001.parquet group 1582: 158300 rows, 346.9s
    test-00000-of-00001.parquet group 1583: 158400 rows, 347.1s
    test-00000-of-00001.parquet group 1584: 158500 rows, 347.3s
    test-00000-of-00001.parquet group 1585: 158600 rows, 347.5s
    test-00000-of-00001.parquet group 1586: 158700 rows, 347.7s
    test-00000-of-00001.parquet group 1587: 158800 rows, 348.0s
    test-00000-of-00001.parquet group 1588: 158900 rows, 348.2s
    test-00000-of-00001.parquet group 1589: 159000 rows, 348.4s
    test-00000-of-00001.parquet group 1590: 159100 rows, 348.6s
    test-00000-of-00001.parquet group 1591: 159200 rows, 348.9s
    test-00000-of-00001.parquet group 1592: 159300 rows, 349.1s
    test-00000-of-00001.parquet group 1593: 159400 rows, 349.3s
    test-00000-of-00001.parquet group 1594: 159500 rows, 349.5s
    test-00000-of-00001.parquet group 1595: 159600 rows, 349.7s
    test-00000-of-00001.parquet group 1596: 159700 rows, 350.0s
    test-00000-of-00001.parquet group 1597: 159800 rows, 350.2s
    test-00000-of-00001.parquet group 1598: 159900 rows, 350.4s
    test-00000-of-00001.parquet group 1599: 160000 rows, 350.6s
    test-00000-of-00001.parquet group 1600: 160100 rows, 350.9s
    test-00000-of-00001.parquet group 1601: 160200 rows, 351.1s
    test-00000-of-00001.parquet group 1602: 160300 rows, 351.3s
    test-00000-of-00001.parquet group 1603: 160400 rows, 351.6s
    test-00000-of-00001.parquet group 1604: 160500 rows, 351.8s
    test-00000-of-00001.parquet group 1605: 160600 rows, 352.0s
    test-00000-of-00001.parquet group 1606: 160700 rows, 352.2s
    test-00000-of-00001.parquet group 1607: 160800 rows, 352.5s
    test-00000-of-00001.parquet group 1608: 160900 rows, 352.7s
    test-00000-of-00001.parquet group 1609: 161000 rows, 352.9s
    test-00000-of-00001.parquet group 1610: 161100 rows, 353.2s
    test-00000-of-00001.parquet group 1611: 161200 rows, 353.4s
    test-00000-of-00001.parquet group 1612: 161300 rows, 353.6s
    test-00000-of-00001.parquet group 1613: 161400 rows, 353.9s
    test-00000-of-00001.parquet group 1614: 161500 rows, 354.1s
    test-00000-of-00001.parquet group 1615: 161600 rows, 354.3s
    test-00000-of-00001.parquet group 1616: 161700 rows, 354.5s
    test-00000-of-00001.parquet group 1617: 161800 rows, 354.7s
    test-00000-of-00001.parquet group 1618: 161900 rows, 355.0s
    test-00000-of-00001.parquet group 1619: 162000 rows, 355.2s
    test-00000-of-00001.parquet group 1620: 162100 rows, 355.4s
    test-00000-of-00001.parquet group 1621: 162200 rows, 355.6s
    test-00000-of-00001.parquet group 1622: 162300 rows, 355.9s
    test-00000-of-00001.parquet group 1623: 162400 rows, 356.1s
    test-00000-of-00001.parquet group 1624: 162500 rows, 356.3s
    test-00000-of-00001.parquet group 1625: 162600 rows, 356.5s
    test-00000-of-00001.parquet group 1626: 162700 rows, 356.7s
    test-00000-of-00001.parquet group 1627: 162800 rows, 357.0s
    test-00000-of-00001.parquet group 1628: 162900 rows, 357.2s
    test-00000-of-00001.parquet group 1629: 163000 rows, 357.4s
    test-00000-of-00001.parquet group 1630: 163100 rows, 357.6s
    test-00000-of-00001.parquet group 1631: 163200 rows, 357.9s
    test-00000-of-00001.parquet group 1632: 163300 rows, 358.1s
    test-00000-of-00001.parquet group 1633: 163400 rows, 358.3s
    test-00000-of-00001.parquet group 1634: 163500 rows, 358.5s
    test-00000-of-00001.parquet group 1635: 163600 rows, 358.8s
    test-00000-of-00001.parquet group 1636: 163700 rows, 359.0s
    test-00000-of-00001.parquet group 1637: 163800 rows, 359.2s
    test-00000-of-00001.parquet group 1638: 163900 rows, 359.4s
    test-00000-of-00001.parquet group 1639: 164000 rows, 359.7s
    test-00000-of-00001.parquet group 1640: 164100 rows, 359.9s
    test-00000-of-00001.parquet group 1641: 164200 rows, 360.1s
    test-00000-of-00001.parquet group 1642: 164300 rows, 360.3s
    test-00000-of-00001.parquet group 1643: 164400 rows, 360.6s
    test-00000-of-00001.parquet group 1644: 164500 rows, 360.8s
    test-00000-of-00001.parquet group 1645: 164600 rows, 361.0s
    test-00000-of-00001.parquet group 1646: 164700 rows, 361.3s
    test-00000-of-00001.parquet group 1647: 164800 rows, 361.5s
    test-00000-of-00001.parquet group 1648: 164900 rows, 361.7s
    test-00000-of-00001.parquet group 1649: 165000 rows, 361.9s
    test-00000-of-00001.parquet group 1650: 165100 rows, 362.2s
    test-00000-of-00001.parquet group 1651: 165200 rows, 362.4s
    test-00000-of-00001.parquet group 1652: 165300 rows, 362.6s
    test-00000-of-00001.parquet group 1653: 165400 rows, 362.8s
    test-00000-of-00001.parquet group 1654: 165500 rows, 363.1s
    test-00000-of-00001.parquet group 1655: 165600 rows, 363.3s
    test-00000-of-00001.parquet group 1656: 165700 rows, 363.5s
    test-00000-of-00001.parquet group 1657: 165800 rows, 363.8s
    test-00000-of-00001.parquet group 1658: 165900 rows, 364.0s
    test-00000-of-00001.parquet group 1659: 166000 rows, 364.2s
    test-00000-of-00001.parquet group 1660: 166100 rows, 364.5s
    test-00000-of-00001.parquet group 1661: 166200 rows, 364.7s
    test-00000-of-00001.parquet group 1662: 166300 rows, 364.9s
    test-00000-of-00001.parquet group 1663: 166400 rows, 365.1s
    test-00000-of-00001.parquet group 1664: 166500 rows, 365.4s
    test-00000-of-00001.parquet group 1665: 166600 rows, 365.6s
    test-00000-of-00001.parquet group 1666: 166700 rows, 365.8s
    test-00000-of-00001.parquet group 1667: 166800 rows, 366.0s
    test-00000-of-00001.parquet group 1668: 166900 rows, 366.2s
    test-00000-of-00001.parquet group 1669: 167000 rows, 366.5s
    test-00000-of-00001.parquet group 1670: 167100 rows, 366.7s
    test-00000-of-00001.parquet group 1671: 167200 rows, 366.9s
    test-00000-of-00001.parquet group 1672: 167300 rows, 367.1s
    test-00000-of-00001.parquet group 1673: 167400 rows, 367.3s
    test-00000-of-00001.parquet group 1674: 167500 rows, 367.6s
    test-00000-of-00001.parquet group 1675: 167600 rows, 367.8s
    test-00000-of-00001.parquet group 1676: 167700 rows, 368.1s
    test-00000-of-00001.parquet group 1677: 167800 rows, 368.3s
    test-00000-of-00001.parquet group 1678: 167900 rows, 368.5s
    test-00000-of-00001.parquet group 1679: 168000 rows, 368.7s
    test-00000-of-00001.parquet group 1680: 168100 rows, 369.0s
    test-00000-of-00001.parquet group 1681: 168200 rows, 369.2s
    test-00000-of-00001.parquet group 1682: 168300 rows, 369.4s
    test-00000-of-00001.parquet group 1683: 168400 rows, 369.7s
    test-00000-of-00001.parquet group 1684: 168500 rows, 370.0s
    test-00000-of-00001.parquet group 1685: 168600 rows, 370.2s
    test-00000-of-00001.parquet group 1686: 168700 rows, 370.4s
    test-00000-of-00001.parquet group 1687: 168800 rows, 370.6s
    test-00000-of-00001.parquet group 1688: 168900 rows, 370.9s
    test-00000-of-00001.parquet group 1689: 169000 rows, 371.1s
    test-00000-of-00001.parquet group 1690: 169100 rows, 371.3s
    test-00000-of-00001.parquet group 1691: 169200 rows, 371.5s
    test-00000-of-00001.parquet group 1692: 169300 rows, 371.8s
    test-00000-of-00001.parquet group 1693: 169400 rows, 372.0s
    test-00000-of-00001.parquet group 1694: 169500 rows, 372.2s
    test-00000-of-00001.parquet group 1695: 169600 rows, 372.4s
    test-00000-of-00001.parquet group 1696: 169700 rows, 372.6s
    test-00000-of-00001.parquet group 1697: 169800 rows, 372.9s
    test-00000-of-00001.parquet group 1698: 169900 rows, 373.1s
    test-00000-of-00001.parquet group 1699: 170000 rows, 373.3s
    test-00000-of-00001.parquet group 1700: 170100 rows, 373.6s
    test-00000-of-00001.parquet group 1701: 170200 rows, 373.8s
    test-00000-of-00001.parquet group 1702: 170300 rows, 374.0s
    test-00000-of-00001.parquet group 1703: 170400 rows, 374.2s
    test-00000-of-00001.parquet group 1704: 170500 rows, 374.5s
    test-00000-of-00001.parquet group 1705: 170600 rows, 374.7s
    test-00000-of-00001.parquet group 1706: 170700 rows, 374.9s
    test-00000-of-00001.parquet group 1707: 170800 rows, 375.1s
    test-00000-of-00001.parquet group 1708: 170900 rows, 375.3s
    test-00000-of-00001.parquet group 1709: 171000 rows, 375.6s
    test-00000-of-00001.parquet group 1710: 171100 rows, 375.8s
    test-00000-of-00001.parquet group 1711: 171200 rows, 376.0s
    test-00000-of-00001.parquet group 1712: 171300 rows, 376.2s
    test-00000-of-00001.parquet group 1713: 171400 rows, 376.5s
    test-00000-of-00001.parquet group 1714: 171500 rows, 376.7s
    test-00000-of-00001.parquet group 1715: 171600 rows, 376.9s
    test-00000-of-00001.parquet group 1716: 171700 rows, 377.1s
    test-00000-of-00001.parquet group 1717: 171800 rows, 377.4s
    test-00000-of-00001.parquet group 1718: 171900 rows, 377.7s
    test-00000-of-00001.parquet group 1719: 172000 rows, 377.9s
    test-00000-of-00001.parquet group 1720: 172100 rows, 378.2s
    test-00000-of-00001.parquet group 1721: 172200 rows, 378.4s
    test-00000-of-00001.parquet group 1722: 172300 rows, 378.7s
    test-00000-of-00001.parquet group 1723: 172400 rows, 378.9s
    test-00000-of-00001.parquet group 1724: 172500 rows, 379.2s
    test-00000-of-00001.parquet group 1725: 172600 rows, 379.5s
    test-00000-of-00001.parquet group 1726: 172700 rows, 379.7s
    test-00000-of-00001.parquet group 1727: 172800 rows, 379.9s
    test-00000-of-00001.parquet group 1728: 172900 rows, 380.2s
    test-00000-of-00001.parquet group 1729: 173000 rows, 380.4s
    test-00000-of-00001.parquet group 1730: 173100 rows, 380.6s
    test-00000-of-00001.parquet group 1731: 173200 rows, 380.8s
    test-00000-of-00001.parquet group 1732: 173300 rows, 381.1s
    test-00000-of-00001.parquet group 1733: 173400 rows, 381.3s
    test-00000-of-00001.parquet group 1734: 173500 rows, 381.5s
    test-00000-of-00001.parquet group 1735: 173600 rows, 381.7s
    test-00000-of-00001.parquet group 1736: 173700 rows, 382.0s
    test-00000-of-00001.parquet group 1737: 173800 rows, 382.2s
    test-00000-of-00001.parquet group 1738: 173900 rows, 382.4s
    test-00000-of-00001.parquet group 1739: 174000 rows, 382.6s
    test-00000-of-00001.parquet group 1740: 174100 rows, 382.9s
    test-00000-of-00001.parquet group 1741: 174200 rows, 383.1s
    test-00000-of-00001.parquet group 1742: 174300 rows, 383.3s
    test-00000-of-00001.parquet group 1743: 174400 rows, 383.6s
    test-00000-of-00001.parquet group 1744: 174500 rows, 383.8s
    test-00000-of-00001.parquet group 1745: 174600 rows, 384.1s
    test-00000-of-00001.parquet group 1746: 174700 rows, 384.3s
    test-00000-of-00001.parquet group 1747: 174800 rows, 384.6s
    test-00000-of-00001.parquet group 1748: 174900 rows, 384.8s
    test-00000-of-00001.parquet group 1749: 175000 rows, 385.0s
    test-00000-of-00001.parquet group 1750: 175100 rows, 385.3s
    test-00000-of-00001.parquet group 1751: 175200 rows, 385.6s
    test-00000-of-00001.parquet group 1752: 175300 rows, 385.8s
    test-00000-of-00001.parquet group 1753: 175400 rows, 386.1s
    test-00000-of-00001.parquet group 1754: 175500 rows, 386.3s
    test-00000-of-00001.parquet group 1755: 175600 rows, 386.5s
    test-00000-of-00001.parquet group 1756: 175700 rows, 386.7s
    test-00000-of-00001.parquet group 1757: 175800 rows, 387.0s
    test-00000-of-00001.parquet group 1758: 175900 rows, 387.2s
    test-00000-of-00001.parquet group 1759: 176000 rows, 387.5s
    test-00000-of-00001.parquet group 1760: 176100 rows, 387.7s
    test-00000-of-00001.parquet group 1761: 176200 rows, 388.0s
    test-00000-of-00001.parquet group 1762: 176300 rows, 388.2s
    test-00000-of-00001.parquet group 1763: 176400 rows, 388.5s
    test-00000-of-00001.parquet group 1764: 176500 rows, 388.8s
    test-00000-of-00001.parquet group 1765: 176600 rows, 389.1s
    test-00000-of-00001.parquet group 1766: 176700 rows, 389.3s
    test-00000-of-00001.parquet group 1767: 176743 rows, 389.9s
    test features -> logs\results\v25\m230_native_res_dinov2\features\native224_test_dino.npy ((176743, 384), 390.2s)
fits
{
 "gates_ok": true,
 "ms_only": {
  "0.1": 0.2431014492753623,
  "1.0": 0.24214492753623187,
  "10.0": 0.2383478260869565
 },
 "dino_only": {
  "0.1": 0.4844927536231884,
  "1.0": 0.4844927536231884,
  "10.0": 0.4844927536231884
 },
 "hybrid": {
  "0.1": 0.5490724637681159,
  "1.0": 0.5478550724637681,
  "10.0": 0.5457391304347826
 }
}
M230 complete -> logs\results\v25\m230_native_res_dinov2\evidence.json
